id,title,Clean Title A,Clean Title B,Clean Title C,Clean Title D,Clean Title E,Clean Title F,Top SOC6 A,Top SOC6 B,Top SOC6 C,Top SOC6 D,Top SOC6 E,Top SOC6 F,Probability A,Probability B,Probability C,Probability D,Probability E,Probability F,SOC6 Match A,SOC6 Match B,SOC6 Match C,SOC6 Match D,SOC6 Match E,SOC6 Match F,SOC3 Match A,SOC3 Match B,SOC3 Match C,SOC3 Match D,SOC3 Match E,SOC3 Match F,SOC2 Match A,SOC2 Match B,SOC2 Match C,SOC2 Match D,SOC2 Match E,SOC2 Match F,Top Title A,Top Title B,Top Title C,Top Title D,Top Title E,Top Title F,SOC6 Titles A,SOC6 Titles B,SOC6 Titles C,SOC6 Titles D,SOC6 Titles E,SOC6 Titles F
1,SBA Loan Associate,sba loan associate,sba loan associate,sba loan associate,sba loan associate,sba loan associate,sba loan associate,435071,132072,132071,132071,132071,132071,0.16742493175614195,0.42123950936087795,0.75,0.75,0.75,0.75,False,False,False,False,False,False,False,False,False,False,False,False,True,False,False,False,False,False,Shipping/Receiving/Inventory Clerk,Loan Officer,Credit Counselor,Credit Counselor,Credit Counselor,Credit Counselor,Loan Interviewer/Clerk
2,Credit Analyst,credit analyst,credit analyst,credit analyst,credit analyst,credit analyst,credit analyst,132041,132041,132041,132041,132041,132041,0.87146529562982,0.87146529562982,0.9306736429038588,0.9306736429038588,0.9306736429038588,0.9306736429038588,False,False,False,False,False,False,False,False,False,False,False,False,False,False,False,False,False,False,Credit Analyst,Credit Analyst,Credit Analyst,Credit Analyst,Credit Analyst,Credit Analyst,Loan Interviewer/Clerk
3,"Scientist, Lead Discovery",scientist lead discovery,scientist lead discovery,scientist discovery,scientist discovery,discovery scientist,discovery scientist,191042,191042,191042,191042,191029,191029,0.16578349735049205,0.16578349735049205,0.34109867751780265,0.34109867751780265,1.0,1.0,True,True,True,True,False,False,True,True,True,True,True,True,True,True,True,True,True,True,Medical Scientist,Medical Scientist,Medical Scientist,Medical Scientist,Biological Scientist,Biological Scientist,Medical Scientist
4,Maintenance Director,maintenance director,maintenance director,maintenance director,maintenance director,maintenance director,maintenance director,491011,491011,113051,113051,113051,113051,1.0,1.0,1.0,1.0,1.0,1.0,False,False,False,False,False,False,False,False,False,False,False,False,True,True,False,False,False,False,"Supervisor of Mechanics, Installers, and Repairers","Supervisor of Mechanics, Installers, and Repairers",Industrial Production Manager,Industrial Production Manager,Industrial Production Manager,Industrial Production Manager,Maintenance and Repair Worker
5,Engineer I,engineer i,engineer i,engineer,engineer,engineer,engineer,172199,172199,151253,151253,151253,151253,0.10493311036789298,0.10493311036789298,0.2533966825039593,0.2533966825039593,0.2533966825039593,0.2533966825039593,False,False,False,False,False,False,True,True,False,False,False,False,True,True,False,False,False,False,Engineer,Engineer,Software Quality Assurance Analyst,Software Quality Assurance Analyst,Software Quality Assurance Analyst,Software Quality Assurance Analyst,Industrial Engineer
6,Senior Research Scientist,senior research scientist,senior research scientist,research scientist,research scientist,research scientist,research scientist,191042,191042,191042,191042,191042,191042,0.2724333063864187,0.2724333063864187,0.5698982324584896,0.5698982324584896,0.5698982324584896,0.5698982324584896,True,True,True,True,True,True,True,True,True,True,True,True,True,True,True,True,True,True,Medical Scientist,Medical Scientist,Medical Scientist,Medical Scientist,Medical Scientist,Medical Scientist,Medical Scientist
7,Family Physician,family physician,family physician,family physician,family physician,family physician,family physician,291215,291215,291215,291215,291215,291215,0.6666666666666667,0.6666666666666667,1.0,1.0,1.0,1.0,True,True,True,True,True,True,True,True,True,True,True,True,True,True,True,True,True,True,Family Medicine Physician,Family Medicine Physician,Family Medicine Physician,Family Medicine Physician,Family Medicine Physician,Family Medicine Physician,Family Medicine Physician
8,Mortgate Underwriter,mortgate underwriter,mortgate underwriter,mortgate underwriter,mortgate underwriter,mortgate underwriter,mortgate underwriter,132053,132053,132053,132053,132053,132053,0.7252747252747254,0.7252747252747254,0.49793571217929816,0.49793571217929816,0.49793571217929816,0.49793571217929816,False,False,False,False,False,False,False,False,False,False,False,False,False,False,False,False,False,False,Insurance Underwriter,Insurance Underwriter,Insurance Underwriter,Insurance Underwriter,Insurance Underwriter,Insurance Underwriter,Loan Interviewer/Clerk
9,Solar Electrical Project Engineer 2021,solar electrical project engineer 2021,solar electrical project engineer 2021,solar electrical project engineer,solar electrical project engineer,solar electrical project engineer,solar electrical project engineer,471011,471011,172071,172071,172071,172071,1.0,1.0,1.0,1.0,1.0,1.0,False,False,False,False,False,False,False,False,True,True,True,True,False,False,True,True,True,True,Supervisor of Construction Trades and Extraction Workers,Supervisor of Construction Trades and Extraction Workers,Electrical Engineer,Electrical Engineer,Electrical Engineer,Electrical Engineer,Industrial Engineer
10,Loan Delivery Specialist,loan delivery specialist,loan delivery specialist,loan delivery specialist,loan delivery specialist,loan delivery specialist,loan delivery specialist,533032,132072,412022,412022,412022,412022,0.4558143921531642,0.42123950936087795,0.7037037037037037,0.7037037037037037,0.7037037037037037,0.7037037037037037,False,False,False,False,False,False,False,False,False,False,False,False,False,False,False,False,False,False,Heavy and Tractor-Trailer Truck Driver,Loan Officer,Parts Salesperson,Parts Salesperson,Parts Salesperson,Parts Salesperson,Loan Interviewer/Clerk
11,Medical Affairs Scientist,medical affairs scientist,medical affairs scientist,medical affairs scientist,medical affairs scientist,medical affairs scientist,medical affairs scientist,319092,319092,192041,192041,192041,192041,0.19969438077377233,0.19969438077377233,1.0,1.0,1.0,1.0,False,False,False,False,False,False,False,False,False,False,False,False,False,False,True,True,True,True,Medical Assistant,Medical Assistant,Environmental Scientist/Specialist,Environmental Scientist/Specialist,Environmental Scientist/Specialist,Environmental Scientist/Specialist,Medical Scientist
12,Loan Originator Assistant,loan originator assistant,loan originator assistant,loan originator assistant,loan originator assistant,loan originator assistant,loan originator assistant,132072,132072,434131,434131,434131,434131,0.5,0.5,0.7478991596638656,0.7478991596638656,0.7478991596638656,0.7478991596638656,False,False,True,True,True,True,False,False,True,True,True,True,False,False,True,True,True,True,Loan Officer,Loan Officer,Loan Interviewer/Clerk,Loan Interviewer/Clerk,Loan Interviewer/Clerk,Loan Interviewer/Clerk,Loan Interviewer/Clerk
13,Commissioning Technician I,commissioning technician i,commissioning technician i,commissioning technician,commissioning technician,commissioning technician,commissioning technician,131011,131011,499081,499081,499081,499081,0.41945063103192276,0.41945063103192276,0.9230769230769231,0.9230769230769231,0.9230769230769231,0.9230769230769231,False,False,False,False,False,False,False,False,True,True,True,True,False,False,True,True,True,True,Agent or Business Manager,Agent or Business Manager,Wind Turbine Service Technician,Wind Turbine Service Technician,Wind Turbine Service Technician,Wind Turbine Service Technician,Maintenance and Repair Worker
14,Mechanical Engineer,mechanical engineer,mechanical engineer,mechanical engineer,mechanical engineer,mechanical engineer,mechanical engineer,172141,172141,172141,172141,172141,172141,1.0,1.0,0.9147814254124851,0.9147814254124851,0.9147814254124851,0.9147814254124851,False,False,False,False,False,False,True,True,True,True,True,True,True,True,True,True,True,True,Mechanical Engineer,Mechanical Engineer,Mechanical Engineer,Mechanical Engineer,Mechanical Engineer,Mechanical Engineer,Industrial Engineer
15,Closing Processor III,closing processor iii,closing processor iii,closing processor,closing processor,closing processor,closing processor,191042,191042,434131,434131,434131,434131,0.14067524115755628,0.14067524115755628,0.7464788732394366,0.7464788732394366,0.7464788732394366,0.7464788732394366,False,False,True,True,True,True,False,False,True,True,True,True,False,False,True,True,True,True,Medical Scientist,Medical Scientist,Loan Interviewer/Clerk,Loan Interviewer/Clerk,Loan Interviewer/Clerk,Loan Interviewer/Clerk,Loan Interviewer/Clerk
16,Facilities,facilities,facilities,facilities,facilities,facilities,facilities,113013,113013,,,,,0.21052631578947367,0.21052631578947367,,,,,False,False,False,False,False,False,False,False,False,False,False,False,False,False,False,False,False,False,Facilities Manager,Facilities Manager,unknown,unknown,unknown,unknown,Maintenance and Repair Worker
17,Maintenance Technician,maintenance technician,maintenance technician,maintenance technician,maintenance technician,maintenance technician,maintenance technician,499071,499071,499071,499071,499071,499071,0.8546338403638074,0.8546338403638074,0.68006600660066,0.68006600660066,0.68006600660066,0.68006600660066,True,True,True,True,True,True,True,True,True,True,True,True,True,True,True,True,True,True,Maintenance and Repair Worker,Maintenance and Repair Worker,Maintenance and Repair Worker,Maintenance and Repair Worker,Maintenance and Repair Worker,Maintenance and Repair Worker,Maintenance and Repair Worker
18,Facilities Maintenance Technician,facilities maintenance technician,facilities maintenance technician,facilities maintenance technician,facilities maintenance technician,facilities maintenance technician,facilities maintenance technician,499071,499071,499071,499071,499071,499071,1.0,1.0,0.960423197492163,0.960423197492163,0.960423197492163,0.960423197492163,True,True,True,True,True,True,True,True,True,True,True,True,True,True,True,True,True,True,Maintenance and Repair Worker,Maintenance and Repair Worker,Maintenance and Repair Worker,Maintenance and Repair Worker,Maintenance and Repair Worker,Maintenance and Repair Worker,Maintenance and Repair Worker
19,Equipment and Process Technician,equipment and process technician,equipment and process technician,equipment and process technician,equipment and process technician,equipment and process technician,equipment and process technician,173027,173027,173027,173027,173027,173027,0.21114864864864866,0.21114864864864866,0.2245762711864407,0.2245762711864407,0.2245762711864407,0.2245762711864407,False,False,False,False,False,False,False,False,False,False,False,False,False,False,False,False,False,False,Mechanical Engineering Technologist/Technician,Mechanical Engineering Technologist/Technician,Mechanical Engineering Technologist/Technician,Mechanical Engineering Technologist/Technician,Mechanical Engineering Technologist/Technician,Mechanical Engineering Technologist/Technician,Mechanical Door Repairer
20,Maintenance Electrician,maintenance electrician,maintenance electrician,maintenance electrician,maintenance electrician,maintenance electrician,maintenance electrician,472111,472111,472111,472111,472111,472111,0.5867768595041323,0.5867768595041323,0.8791848617176129,0.8791848617176129,0.8791848617176129,0.8791848617176129,False,False,False,False,False,False,False,False,False,False,False,False,False,False,False,False,False,False,Electrician,Electrician,Electrician,Electrician,Electrician,Electrician,Maintenance and Repair Worker
21,Field Technician,field technician,field technician,field technician,field technician,field technician,field technician,492094,492094,492022,492022,492022,492022,0.44717444717444715,0.44717444717444715,0.13682432432432434,0.13682432432432434,0.13682432432432434,0.13682432432432434,False,False,False,False,False,False,False,False,False,False,False,False,True,True,True,True,True,True,Commercial/Industrial Equipment Electronics Installer/Repairer,Commercial/Industrial Equipment Electronics Installer/Repairer,Telecommunications Equipment Installer/Repairer,Telecommunications Equipment Installer/Repairer,Telecommunications Equipment Installer/Repairer,Telecommunications Equipment Installer/Repairer,Mechanical Door Repairer
22,Maintenance Technician,maintenance technician,maintenance technician,maintenance technician,maintenance technician,maintenance technician,maintenance technician,499071,499071,499071,499071,499071,499071,0.8546338403638074,0.8546338403638074,0.68006600660066,0.68006600660066,0.68006600660066,0.68006600660066,True,True,True,True,True,True,True,True,True,True,True,True,True,True,True,True,True,True,Maintenance and Repair Worker,Maintenance and Repair Worker,Maintenance and Repair Worker,Maintenance and Repair Worker,Maintenance and Repair Worker,Maintenance and Repair Worker,Maintenance and Repair Worker
23,Field Operations Engineer III,field operations engineer iii,field operations engineer iii,field operations engineer,field operations engineer,field operations engineer,field operations engineer,439061,439061,151241,151241,151241,151241,0.4652406417112299,0.4652406417112299,0.21686746987951808,0.21686746987951808,0.21686746987951808,0.21686746987951808,False,False,False,False,False,False,False,False,False,False,False,False,False,False,False,False,False,False,Office Clerk,Office Clerk,Computer Network Architect,Computer Network Architect,Computer Network Architect,Computer Network Architect,Operating Engineer or Construction Equipment Operator
24,Inside Plant (ISP) Engineer I,inside plant  engineer i,inside plant  engineer i,inside plant,inside plant,inside plant,inside plant,172041,172041,,,,,0.33333333333333337,0.33333333333333337,,,,,False,False,False,False,False,False,True,True,False,False,False,False,True,True,False,False,False,False,Chemical Engineer,Chemical Engineer,unknown,unknown,unknown,unknown,Industrial Engineer
25,Instrument Technician,instrument technician,instrument technician,instrument technician,instrument technician,instrument technician,instrument technician,499069,499069,173031,173031,173031,173031,0.25,0.25,0.3225806451612903,0.3225806451612903,0.3225806451612903,0.3225806451612903,False,False,False,False,False,False,True,True,False,False,False,False,True,True,False,False,False,False,Precision Instrument and Equipment Repairer,Precision Instrument and Equipment Repairer,Surveying and Mapping Technician,Surveying and Mapping Technician,Surveying and Mapping Technician,Surveying and Mapping Technician,Mechanical Door Repairer
26,Measurement Technician,measurement technician,measurement technician,measurement technician,measurement technician,measurement technician,measurement technician,499012,499012,499012,499012,499012,499012,1.0,1.0,1.0,1.0,1.0,1.0,False,False,False,False,False,False,True,True,True,True,True,True,True,True,True,True,True,True,Control and Valve Installer/Repairer,Control and Valve Installer/Repairer,Control and Valve Installer/Repairer,Control and Valve Installer/Repairer,Control and Valve Installer/Repairer,Control and Valve Installer/Repairer,Maintenance and Repair Worker
27,Refinery Operator,refinery operator,refinery operator,refinery operator,refinery operator,refinery operator,refinery operator,519198,519198,519012,519012,519012,519012,0.33333333333333337,0.33333333333333337,0.6774193548387096,0.6774193548387096,0.6774193548387096,0.6774193548387096,False,False,False,False,False,False,False,False,False,False,False,False,False,False,False,False,False,False,Helper (Production Worker),Helper (Production Worker),Separating/Filtering/Clarifying/Precipitating/Still Machine Operator,Separating/Filtering/Clarifying/Precipitating/Still Machine Operator,Separating/Filtering/Clarifying/Precipitating/Still Machine Operator,Separating/Filtering/Clarifying/Precipitating/Still Machine Operator,Operating Engineer or Construction Equipment Operator
28,G&P Project Engineer II,gp project engineer ii,gp project engineer ii,g p project engineer,g p project engineer,g p project engineer,g p project engineer,172199,172199,172071,172071,172071,172071,0.5106035889070147,0.5106035889070147,0.2706611570247934,0.2706611570247934,0.2706611570247934,0.2706611570247934,False,False,False,False,False,False,True,True,True,True,True,True,True,True,True,True,True,True,Engineer,Engineer,Electrical Engineer,Electrical Engineer,Electrical Engineer,Electrical Engineer,Industrial Engineer
29,Real Estate Processor,real estate processor,real estate processor,real estate processor,real estate processor,real estate processor,real estate processor,419022,419022,434131,434131,434131,434131,0.19874913134120917,0.19874913134120917,0.55110002268088,0.55110002268088,0.55110002268088,0.55110002268088,False,False,True,True,True,True,False,False,True,True,True,True,False,False,True,True,True,True,Real Estate Agent,Real Estate Agent,Loan Interviewer/Clerk,Loan Interviewer/Clerk,Loan Interviewer/Clerk,Loan Interviewer/Clerk,Loan Interviewer/Clerk
30,"Director, Process Engineering",director process engineering,director process engineering,director process engineering,director process engineering,process engineering director,process engineering director,119041,119041,119111,119111,119041,119041,0.5,0.5,0.21552535777052473,0.21552535777052473,1.0,1.0,False,False,False,False,False,False,False,False,False,False,False,False,False,False,False,False,False,False,Architectural and Engineering Manager,Architectural and Engineering Manager,Medical and Health Services Manager,Medical and Health Services Manager,Architectural and Engineering Manager,Architectural and Engineering Manager,Industrial Engineer
31,HVAC Technician,hvac technician,hvac technician,hvac technician,hvac technician,hvac technician,hvac technician,499021,499021,499021,499021,499021,499021,0.336,0.336,0.9879048514984545,0.9879048514984545,0.9879048514984545,0.9879048514984545,False,False,False,False,False,False,True,True,True,True,True,True,True,True,True,True,True,True,"Heating, Air Conditioning, and Refrigeration Mechanic/Installer","Heating, Air Conditioning, and Refrigeration Mechanic/Installer","Heating, Air Conditioning, and Refrigeration Mechanic/Installer","Heating, Air Conditioning, and Refrigeration Mechanic/Installer","Heating, Air Conditioning, and Refrigeration Mechanic/Installer","Heating, Air Conditioning, and Refrigeration Mechanic/Installer",Mechanical Door Repairer
32,Mechanic III,mechanic iii,mechanic iii,mechanic,mechanic,mechanic,mechanic,499098,499098,493031,493031,493031,493031,0.09523809523809523,0.09523809523809523,0.4054026837189396,0.4054026837189396,0.4054026837189396,0.4054026837189396,False,False,False,False,False,False,True,True,False,False,False,False,True,True,True,True,True,True,"Helper (Installation, Maintenance, and Repair Worker)","Helper (Installation, Maintenance, and Repair Worker)",Bus/Truck Mechanic or Diesel Engine Specialist,Bus/Truck Mechanic or Diesel Engine Specialist,Bus/Truck Mechanic or Diesel Engine Specialist,Bus/Truck Mechanic or Diesel Engine Specialist,Maintenance and Repair Worker
33,Operating Engineer,operating engineer,operating engineer,operating engineer,operating engineer,operating engineer,operating engineer,472073,472073,472073,472073,472073,472073,0.4736842105263158,0.4736842105263158,0.582089552238806,0.582089552238806,0.582089552238806,0.582089552238806,True,True,True,True,True,True,True,True,True,True,True,True,True,True,True,True,True,True,Operating Engineer or Construction Equipment Operator,Operating Engineer or Construction Equipment Operator,Operating Engineer or Construction Equipment Operator,Operating Engineer or Construction Equipment Operator,Operating Engineer or Construction Equipment Operator,Operating Engineer or Construction Equipment Operator,Operating Engineer or Construction Equipment Operator
34,Chief Plant Engineer,chief plant engineer,chief plant engineer,chief plant engineer,chief plant engineer,chief plant engineer,chief plant engineer,172041,172041,172072,172072,172072,172072,0.33333333333333337,0.33333333333333337,0.7650602409638555,0.7650602409638555,0.7650602409638555,0.7650602409638555,False,False,False,False,False,False,True,True,True,True,True,True,True,True,True,True,True,True,Chemical Engineer,Chemical Engineer,Electronics Engineer,Electronics Engineer,Electronics Engineer,Electronics Engineer,Industrial Engineer
35,Medical Laboratory Scientist,medical laboratory scientist,medical laboratory scientist,medical laboratory scientist,medical laboratory scientist,medical laboratory scientist,medical laboratory scientist,191042,191042,191042,191042,191042,191042,1.0,1.0,1.0,1.0,1.0,1.0,True,True,True,True,True,True,True,True,True,True,True,True,True,True,True,True,True,True,Medical Scientist,Medical Scientist,Medical Scientist,Medical Scientist,Medical Scientist,Medical Scientist,Medical Scientist
36,Field Service Technician,field service technician,field service technician,field service technician,field service technician,field service technician,field service technician,492011,492011,492011,492011,492011,492011,0.5877233165368758,0.5877233165368758,1.0,1.0,1.0,1.0,False,False,False,False,False,False,False,False,False,False,False,False,True,True,True,True,True,True,"Computer, Automated Teller, or Office Machine Repairer","Computer, Automated Teller, or Office Machine Repairer","Computer, Automated Teller, or Office Machine Repairer","Computer, Automated Teller, or Office Machine Repairer","Computer, Automated Teller, or Office Machine Repairer","Computer, Automated Teller, or Office Machine Repairer",Mechanical Door Repairer
37,Maintenance TEchnician,maintenance technician,maintenance technician,maintenance technician,maintenance technician,maintenance technician,maintenance technician,499071,499071,499071,499071,499071,499071,0.8546338403638074,0.8546338403638074,0.68006600660066,0.68006600660066,0.68006600660066,0.68006600660066,True,True,True,True,True,True,True,True,True,True,True,True,True,True,True,True,True,True,Maintenance and Repair Worker,Maintenance and Repair Worker,Maintenance and Repair Worker,Maintenance and Repair Worker,Maintenance and Repair Worker,Maintenance and Repair Worker,Maintenance and Repair Worker
38,Operations Technician,operations technician,operations technician,operations technician,operations technician,operations technician,operations technician,518013,518013,439199,439199,439199,439199,0.14285714285714285,0.14285714285714285,0.2111111111111111,0.2111111111111111,0.2111111111111111,0.2111111111111111,False,False,False,False,False,False,False,False,False,False,False,False,False,False,False,False,False,False,Power Plant Operator,Power Plant Operator,Office/Administrative Support Worker,Office/Administrative Support Worker,Office/Administrative Support Worker,Office/Administrative Support Worker,Operating Engineer or Construction Equipment Operator
39,Process Improvement Engineer,process improvement engineer,process improvement engineer,process improvement engineer,process improvement engineer,process improvement engineer,process improvement engineer,172112,172112,172011,172011,172011,172011,1.0,1.0,1.0,1.0,1.0,1.0,True,True,False,False,False,False,True,True,True,True,True,True,True,True,True,True,True,True,Industrial Engineer,Industrial Engineer,Aerospace Engineer,Aerospace Engineer,Aerospace Engineer,Aerospace Engineer,Industrial Engineer
40,Primary Care Physician,primary care physician,primary care physician,primary care physician,primary care physician,primary care physician,primary care physician,291215,291215,291215,291215,291215,291215,0.7076023391812865,0.7076023391812865,1.0,1.0,1.0,1.0,True,True,True,True,True,True,True,True,True,True,True,True,True,True,True,True,True,True,Family Medicine Physician,Family Medicine Physician,Family Medicine Physician,Family Medicine Physician,Family Medicine Physician,Family Medicine Physician,Family Medicine Physician
41,Generator Service Technician,generator service technician,generator service technician,generator service technician,generator service technician,generator service technician,generator service technician,499031,499031,493023,493023,493023,493023,0.12602459016393444,0.12602459016393444,0.6137276050092876,0.6137276050092876,0.6137276050092876,0.6137276050092876,False,False,False,False,False,False,True,True,False,False,False,False,True,True,True,True,True,True,Home Appliance Repairer,Home Appliance Repairer,Automotive Service Technician/Mechanic,Automotive Service Technician/Mechanic,Automotive Service Technician/Mechanic,Automotive Service Technician/Mechanic,Mechanical Door Repairer
42,Maintenance Tech III,maintenance tech iii,maintenance tech iii,maintenance tech,maintenance tech,maintenance tech,maintenance tech,499071,499071,499071,499071,499071,499071,1.0,1.0,0.9262253663466398,0.9262253663466398,0.9262253663466398,0.9262253663466398,True,True,True,True,True,True,True,True,True,True,True,True,True,True,True,True,True,True,Maintenance and Repair Worker,Maintenance and Repair Worker,Maintenance and Repair Worker,Maintenance and Repair Worker,Maintenance and Repair Worker,Maintenance and Repair Worker,Maintenance and Repair Worker
43,Operations Engineer,operations engineer,operations engineer,operations engineer,operations engineer,operations engineer,operations engineer,172171,172171,151241,151241,151241,151241,0.7340425531914894,0.7340425531914894,0.21686746987951808,0.21686746987951808,0.21686746987951808,0.21686746987951808,False,False,False,False,False,False,False,False,False,False,False,False,False,False,False,False,False,False,Petroleum Engineer,Petroleum Engineer,Computer Network Architect,Computer Network Architect,Computer Network Architect,Computer Network Architect,Operating Engineer or Construction Equipment Operator
44,Mechanical Engineer,mechanical engineer,mechanical engineer,mechanical engineer,mechanical engineer,mechanical engineer,mechanical engineer,172141,172141,172141,172141,172141,172141,1.0,1.0,0.9147814254124851,0.9147814254124851,0.9147814254124851,0.9147814254124851,False,False,False,False,False,False,True,True,True,True,True,True,True,True,True,True,True,True,Mechanical Engineer,Mechanical Engineer,Mechanical Engineer,Mechanical Engineer,Mechanical Engineer,Mechanical Engineer,Industrial Engineer
45,Biomedical Research Scientist,biomedical research scientist,biomedical research scientist,biomedical research scientist,biomedical research scientist,biomedical research scientist,biomedical research scientist,191042,191042,191029,191029,191029,191029,0.2724333063864187,0.2724333063864187,1.0,1.0,1.0,1.0,True,True,False,False,False,False,True,True,True,True,True,True,True,True,True,True,True,True,Medical Scientist,Medical Scientist,Biological Scientist,Biological Scientist,Biological Scientist,Biological Scientist,Medical Scientist
46,Boiler Technician,boiler technician,boiler technician,boiler technician,boiler technician,boiler technician,boiler technician,472011,472011,519193,519193,519193,519193,0.5,0.5,0.6451612903225806,0.6451612903225806,0.6451612903225806,0.6451612903225806,False,False,False,False,False,False,False,False,False,False,False,False,False,False,False,False,False,False,Boilermaker,Boilermaker,Cooling and Freezing Equipment Operator,Cooling and Freezing Equipment Operator,Cooling and Freezing Equipment Operator,Cooling and Freezing Equipment Operator,Mechanical Door Repairer
47,Maintenance,maintenance,maintenance,maintenance,maintenance,maintenance,maintenance,499071,499071,,,,,0.49389156411628327,0.49389156411628327,,,,,True,True,False,False,False,False,True,True,False,False,False,False,True,True,False,False,False,False,Maintenance and Repair Worker,Maintenance and Repair Worker,unknown,unknown,unknown,unknown,Maintenance and Repair Worker
48,Bulk Plant Operator,bulk plant operator,bulk plant operator,bulk plant operator,bulk plant operator,bulk plant operator,bulk plant operator,513092,513092,519023,519023,519023,519023,0.33333333333333337,0.33333333333333337,0.5454545454545454,0.5454545454545454,0.5454545454545454,0.5454545454545454,False,False,False,False,False,False,False,False,False,False,False,False,False,False,False,False,False,False,Food Batchmaker,Food Batchmaker,Mixing and Blending Machine Operator,Mixing and Blending Machine Operator,Mixing and Blending Machine Operator,Mixing and Blending Machine Operator,Operating Engineer or Construction Equipment Operator
49,Process Engineer,process engineer,process engineer,process engineer,process engineer,process engineer,process engineer,172199,172199,172199,172199,172199,172199,0.704840613931523,0.704840613931523,0.4221044045676999,0.4221044045676999,0.4221044045676999,0.4221044045676999,False,False,False,False,False,False,True,True,True,True,True,True,True,True,True,True,True,True,Engineer,Engineer,Engineer,Engineer,Engineer,Engineer,Industrial Engineer
50,"Scientist (III), Microbiology",scientist  microbiology,scientist  microbiology,scientist,scientist,scientist,scientist,191042,191042,191042,191042,191042,191042,0.1111111111111111,0.1111111111111111,0.34109867751780265,0.34109867751780265,0.34109867751780265,0.34109867751780265,True,True,True,True,True,True,True,True,True,True,True,True,True,True,True,True,True,True,Medical Scientist,Medical Scientist,Medical Scientist,Medical Scientist,Medical Scientist,Medical Scientist,Medical Scientist
51,Control Technician,control technician,control technician,control technician,control technician,control technician,control technician,492094,492094,372021,372021,372021,372021,1.0,1.0,0.7450762829403605,0.7450762829403605,0.7450762829403605,0.7450762829403605,False,False,False,False,False,False,False,False,False,False,False,False,True,True,False,False,False,False,Commercial/Industrial Equipment Electronics Installer/Repairer,Commercial/Industrial Equipment Electronics Installer/Repairer,Pest Control Worker,Pest Control Worker,Pest Control Worker,Pest Control Worker,Mechanical Door Repairer
52,"Lead Tech, Maintenance",lead tech maintenance,lead tech maintenance,tech maintenance,tech maintenance,maintenance tech,maintenance tech,499071,499071,292036,292036,499071,499071,0.48483389504092445,0.48483389504092445,0.11967663209273947,0.11967663209273947,0.9262253663466398,0.9262253663466398,True,True,False,False,True,True,True,True,False,False,True,True,True,True,False,False,True,True,Maintenance and Repair Worker,Maintenance and Repair Worker,Medical Dosimetrist,Medical Dosimetrist,Maintenance and Repair Worker,Maintenance and Repair Worker,Maintenance and Repair Worker
53,Laser Operator,laser operator,laser operator,laser operator,laser operator,laser operator,laser operator,516062,516062,519161,519161,519161,519161,1.0,1.0,0.9812500000000001,0.9812500000000001,0.9812500000000001,0.9812500000000001,False,False,False,False,False,False,False,False,False,False,False,False,False,False,False,False,False,False,Textile Cutting Machine Operator,Textile Cutting Machine Operator,Computer Numerically Controlled Tool Operator,Computer Numerically Controlled Tool Operator,Computer Numerically Controlled Tool Operator,Computer Numerically Controlled Tool Operator,Operating Engineer or Construction Equipment Operator
54,Senior Process Engineer,senior process engineer,senior process engineer,process engineer,process engineer,process engineer,process engineer,172199,172199,172199,172199,172199,172199,0.704840613931523,0.704840613931523,0.4221044045676999,0.4221044045676999,0.4221044045676999,0.4221044045676999,False,False,False,False,False,False,True,True,True,True,True,True,True,True,True,True,True,True,Engineer,Engineer,Engineer,Engineer,Engineer,Engineer,Industrial Engineer
55,Research Scientist,research scientist,research scientist,research scientist,research scientist,research scientist,research scientist,191042,191042,191042,191042,191042,191042,0.2724333063864187,0.2724333063864187,0.5698982324584896,0.5698982324584896,0.5698982324584896,0.5698982324584896,True,True,True,True,True,True,True,True,True,True,True,True,True,True,True,True,True,True,Medical Scientist,Medical Scientist,Medical Scientist,Medical Scientist,Medical Scientist,Medical Scientist,Medical Scientist
56,Repair Design Technician,repair design technician,repair design technician,repair design technician,repair design technician,repair design technician,repair design technician,173013,173013,173011,173011,173011,173011,0.25,0.25,0.42028985507246375,0.42028985507246375,0.42028985507246375,0.42028985507246375,False,False,False,False,False,False,False,False,False,False,False,False,False,False,False,False,False,False,Mechanical Drafter,Mechanical Drafter,Architectural or Civil Drafter,Architectural or Civil Drafter,Architectural or Civil Drafter,Architectural or Civil Drafter,Mechanical Door Repairer
57,Industrial Equipment Technician,industrial equipment technician,industrial equipment technician,industrial equipment technician,industrial equipment technician,industrial equipment technician,industrial equipment technician,492094,492094,499062,499062,499062,499062,0.5,0.5,0.8987783595113438,0.8987783595113438,0.8987783595113438,0.8987783595113438,False,False,False,False,False,False,False,False,True,True,True,True,True,True,True,True,True,True,Commercial/Industrial Equipment Electronics Installer/Repairer,Commercial/Industrial Equipment Electronics Installer/Repairer,Medical Equipment Repairer,Medical Equipment Repairer,Medical Equipment Repairer,Medical Equipment Repairer,Maintenance and Repair Worker
58,Mechanical Design Engineer,mechanical design engineer,mechanical design engineer,mechanical design engineer,mechanical design engineer,mechanical design engineer,mechanical design engineer,172141,172141,172141,172141,172141,172141,1.0,1.0,0.9155222638368706,0.9155222638368706,0.9155222638368706,0.9155222638368706,False,False,False,False,False,False,True,True,True,True,True,True,True,True,True,True,True,True,Mechanical Engineer,Mechanical Engineer,Mechanical Engineer,Mechanical Engineer,Mechanical Engineer,Mechanical Engineer,Industrial Engineer
59,Associate Equipment Service Technician,associate equipment service technician,associate equipment service technician,equipment service technician,equipment service technician,equipment service technician,equipment service technician,472152,472152,493023,493023,493023,493023,1.0,1.0,0.6137276050092876,0.6137276050092876,0.6137276050092876,0.6137276050092876,False,False,False,False,False,False,False,False,False,False,False,False,False,False,True,True,True,True,Plumber/Pipefitter/Steamfitter,Plumber/Pipefitter/Steamfitter,Automotive Service Technician/Mechanic,Automotive Service Technician/Mechanic,Automotive Service Technician/Mechanic,Automotive Service Technician/Mechanic,Mechanical Door Repairer
60,Facilities Maintenance Technician,facilities maintenance technician,facilities maintenance technician,facilities maintenance technician,facilities maintenance technician,facilities maintenance technician,facilities maintenance technician,499071,499071,499071,499071,499071,499071,1.0,1.0,0.960423197492163,0.960423197492163,0.960423197492163,0.960423197492163,True,True,True,True,True,True,True,True,True,True,True,True,True,True,True,True,True,True,Maintenance and Repair Worker,Maintenance and Repair Worker,Maintenance and Repair Worker,Maintenance and Repair Worker,Maintenance and Repair Worker,Maintenance and Repair Worker,Maintenance and Repair Worker
61,Implementation Electro-Mechanical Equipment Automation Engineer,implementation electro mechanical equipment automation engineer,implementation electro mechanical equipment automation engineer,implementation electro,implementation electro,implementation electro,implementation electro,172199,173024,,,,,0.37460913070669166,0.36363636363636365,,,,,False,False,False,False,False,False,True,False,False,False,False,False,True,True,False,False,False,False,Engineer,Electro-Mechanical/Mechatronic Technologist/Technician,unknown,unknown,unknown,unknown,Industrial Engineer
62,Senior Researcher – Oncology,senior researcher  oncology,senior researcher  oncology,researcher,researcher,researcher,researcher,291141,291141,131161,131161,131161,131161,0.3343195266272189,0.3343195266272189,0.38763197586727,0.38763197586727,0.38763197586727,0.38763197586727,False,False,False,False,False,False,False,False,False,False,False,False,False,False,False,False,False,False,Registered Nurse,Registered Nurse,Market Research Analyst or Marketing Specialist,Market Research Analyst or Marketing Specialist,Market Research Analyst or Marketing Specialist,Market Research Analyst or Marketing Specialist,Medical Scientist
63,Family Medicine Physician,family medicine physician,family medicine physician,family medicine physician,family medicine physician,family medicine physician,family medicine physician,291215,291215,291215,291215,291215,291215,1.0,1.0,1.0,1.0,1.0,1.0,True,True,True,True,True,True,True,True,True,True,True,True,True,True,True,True,True,True,Family Medicine Physician,Family Medicine Physician,Family Medicine Physician,Family Medicine Physician,Family Medicine Physician,Family Medicine Physician,Family Medicine Physician
64,Maintenance Technician,maintenance technician,maintenance technician,maintenance technician,maintenance technician,maintenance technician,maintenance technician,499071,499071,499071,499071,499071,499071,0.8546338403638074,0.8546338403638074,0.68006600660066,0.68006600660066,0.68006600660066,0.68006600660066,True,True,True,True,True,True,True,True,True,True,True,True,True,True,True,True,True,True,Maintenance and Repair Worker,Maintenance and Repair Worker,Maintenance and Repair Worker,Maintenance and Repair Worker,Maintenance and Repair Worker,Maintenance and Repair Worker,Maintenance and Repair Worker
65,Industrial Engineer,industrial engineer,industrial engineer,industrial engineer,industrial engineer,industrial engineer,industrial engineer,172112,172112,172112,172112,172112,172112,1.0,1.0,0.9498355263157894,0.9498355263157894,0.9498355263157894,0.9498355263157894,True,True,True,True,True,True,True,True,True,True,True,True,True,True,True,True,True,True,Industrial Engineer,Industrial Engineer,Industrial Engineer,Industrial Engineer,Industrial Engineer,Industrial Engineer,Industrial Engineer
66,Loan Management Analyst,loan management analyst,loan management analyst,loan management analyst,loan management analyst,loan management analyst,loan management analyst,131111,131111,131111,131111,131111,131111,0.9441964285714285,0.9441964285714285,0.5863045209236486,0.5863045209236486,0.5863045209236486,0.5863045209236486,False,False,False,False,False,False,False,False,False,False,False,False,False,False,False,False,False,False,Management Analyst,Management Analyst,Management Analyst,Management Analyst,Management Analyst,Management Analyst,Loan Interviewer/Clerk
67,"Sr. Operator, Production SS",sr operator production ss,sr operator production ss,operator production ss,operator production ss,production ss operator,production ss operator,511011,511011,537051,537051,537051,537051,0.1454469390601032,0.1454469390601032,0.32622298065984073,0.32622298065984073,0.32622298065984073,0.32622298065984073,False,False,False,False,False,False,False,False,False,False,False,False,False,False,False,False,False,False,Supervisor of Production and Operating Workers,Supervisor of Production and Operating Workers,Industrial Truck/Tractor Operator,Industrial Truck/Tractor Operator,Industrial Truck/Tractor Operator,Industrial Truck/Tractor Operator,Operating Engineer or Construction Equipment Operator
68,Lead Truck Technician,lead truck technician,lead truck technician,truck technician,truck technician,truck technician,truck technician,533032,533032,493031,493031,493031,493031,0.5142992200425431,0.4469549142446339,0.9644444444444444,0.9644444444444444,0.9644444444444444,0.9644444444444444,False,False,False,False,False,False,False,False,False,False,False,False,False,False,True,True,True,True,Heavy and Tractor-Trailer Truck Driver,Heavy and Tractor-Trailer Truck Driver,Bus/Truck Mechanic or Diesel Engine Specialist,Bus/Truck Mechanic or Diesel Engine Specialist,Bus/Truck Mechanic or Diesel Engine Specialist,Bus/Truck Mechanic or Diesel Engine Specialist,Mechanical Door Repairer
69,Terminal Operator I,terminal operator i,terminal operator i,terminal operator,terminal operator,terminal operator,terminal operator,439021,439021,537071,537071,537071,537071,0.33333333333333337,0.33333333333333337,0.9166666666666666,0.9166666666666666,0.9166666666666666,0.9166666666666666,False,False,False,False,False,False,False,False,False,False,False,False,False,False,False,False,False,False,Data Entry Keyer,Data Entry Keyer,Gas Pumping Station Operator,Gas Pumping Station Operator,Gas Pumping Station Operator,Gas Pumping Station Operator,Operating Engineer or Construction Equipment Operator
70,Manufacturing Sustaining Technician,manufacturing sustaining technician,manufacturing sustaining technician,manufacturing sustaining technician,manufacturing sustaining technician,manufacturing sustaining technician,manufacturing sustaining technician,172112,172112,292052,292052,292052,292052,0.14065829978688135,0.14065829978688135,0.3894687597922174,0.3894687597922174,0.3894687597922174,0.3894687597922174,False,False,False,False,False,False,False,False,False,False,False,False,False,False,False,False,False,False,Industrial Engineer,Industrial Engineer,Pharmacy Technician,Pharmacy Technician,Pharmacy Technician,Pharmacy Technician,Maintenance and Repair Worker
71,Mechanical Product Engineer,mechanical product engineer,mechanical product engineer,mechanical product engineer,mechanical product engineer,mechanical product engineer,mechanical product engineer,172141,172141,172141,172141,172141,172141,0.41909814323607425,0.41909814323607425,1.0,1.0,1.0,1.0,False,False,False,False,False,False,True,True,True,True,True,True,True,True,True,True,True,True,Mechanical Engineer,Mechanical Engineer,Mechanical Engineer,Mechanical Engineer,Mechanical Engineer,Mechanical Engineer,Industrial Engineer
72,Custom Service Technician,custom service technician,custom service technician,custom service technician,custom service technician,custom service technician,custom service technician,499031,499031,493023,493023,493023,493023,0.12602459016393444,0.12602459016393444,0.6137276050092876,0.6137276050092876,0.6137276050092876,0.6137276050092876,False,False,False,False,False,False,True,True,False,False,False,False,True,True,True,True,True,True,Home Appliance Repairer,Home Appliance Repairer,Automotive Service Technician/Mechanic,Automotive Service Technician/Mechanic,Automotive Service Technician/Mechanic,Automotive Service Technician/Mechanic,Mechanical Door Repairer
73,Field Service Technician,field service technician,field service technician,field service technician,field service technician,field service technician,field service technician,492011,492011,492011,492011,492011,492011,0.5877233165368758,0.5877233165368758,1.0,1.0,1.0,1.0,False,False,False,False,False,False,False,False,False,False,False,False,True,True,True,True,True,True,"Computer, Automated Teller, or Office Machine Repairer","Computer, Automated Teller, or Office Machine Repairer","Computer, Automated Teller, or Office Machine Repairer","Computer, Automated Teller, or Office Machine Repairer","Computer, Automated Teller, or Office Machine Repairer","Computer, Automated Teller, or Office Machine Repairer",Mechanical Door Repairer
74,Maintenance Technician,maintenance technician,maintenance technician,maintenance technician,maintenance technician,maintenance technician,maintenance technician,499071,499071,499071,499071,499071,499071,0.8546338403638074,0.8546338403638074,0.68006600660066,0.68006600660066,0.68006600660066,0.68006600660066,True,True,True,True,True,True,True,True,True,True,True,True,True,True,True,True,True,True,Maintenance and Repair Worker,Maintenance and Repair Worker,Maintenance and Repair Worker,Maintenance and Repair Worker,Maintenance and Repair Worker,Maintenance and Repair Worker,Maintenance and Repair Worker
75,Manufacturing/Production Operator,manufacturing production operator,manufacturing production operator,manufacturing production operator,manufacturing production operator,manufacturing production operator,manufacturing production operator,512092,512092,512099,512099,512099,512099,0.2838983050847458,0.2838983050847458,0.17714285714285713,0.17714285714285713,0.17714285714285713,0.17714285714285713,False,False,False,False,False,False,False,False,False,False,False,False,False,False,False,False,False,False,Team Assembler,Team Assembler,Assembler/Fabricator,Assembler/Fabricator,Assembler/Fabricator,Assembler/Fabricator,Operating Engineer or Construction Equipment Operator
76,Sr Industrial Engineer,sr industrial engineer,sr industrial engineer,industrial engineer,industrial engineer,industrial engineer,industrial engineer,172112,172112,172112,172112,172112,172112,1.0,1.0,0.9498355263157894,0.9498355263157894,0.9498355263157894,0.9498355263157894,True,True,True,True,True,True,True,True,True,True,True,True,True,True,True,True,True,True,Industrial Engineer,Industrial Engineer,Industrial Engineer,Industrial Engineer,Industrial Engineer,Industrial Engineer,Industrial Engineer
77,Clinical Research Laboratory Scientist,clinical research laboratory scientist,clinical research laboratory scientist,clinical research laboratory scientist,clinical research laboratory scientist,clinical research laboratory scientist,clinical research laboratory scientist,119121,119121,191042,191042,191042,191042,0.5912305516265912,0.5912305516265912,0.9988610478359908,0.9988610478359908,0.9988610478359908,0.9988610478359908,False,False,True,True,True,True,False,False,True,True,True,True,False,False,True,True,True,True,Natural Sciences Manager,Natural Sciences Manager,Medical Scientist,Medical Scientist,Medical Scientist,Medical Scientist,Medical Scientist
78,Data Center Facilities Technician,data center facilities technician,data center facilities technician,data center facilities technician,data center facilities technician,data center facilities technician,data center facilities technician,492011,492011,499071,499071,499071,499071,0.2840095465393795,0.3224932249322493,0.48275862068965514,0.48275862068965514,0.48275862068965514,0.48275862068965514,False,False,False,False,False,False,False,False,True,True,True,True,True,True,True,True,True,True,"Computer, Automated Teller, or Office Machine Repairer","Computer, Automated Teller, or Office Machine Repairer",Maintenance and Repair Worker,Maintenance and Repair Worker,Maintenance and Repair Worker,Maintenance and Repair Worker,Mechanical Door Repairer
79,Manufacturing Engineer,manufacturing engineer,manufacturing engineer,manufacturing engineer,manufacturing engineer,manufacturing engineer,manufacturing engineer,172112,172112,172112,172112,172112,172112,0.6611464968152866,0.6611464968152866,0.40881913303437967,0.40881913303437967,0.40881913303437967,0.40881913303437967,True,True,True,True,True,True,True,True,True,True,True,True,True,True,True,True,True,True,Industrial Engineer,Industrial Engineer,Industrial Engineer,Industrial Engineer,Industrial Engineer,Industrial Engineer,Industrial Engineer
80,Services Technician,services technician,services technician,services technician,services technician,services technician,services technician,131011,131011,492022,492022,492022,492022,0.2791501976284585,0.2791501976284585,0.31420765027322406,0.31420765027322406,0.31420765027322406,0.31420765027322406,False,False,False,False,False,False,False,False,False,False,False,False,False,False,True,True,True,True,Agent or Business Manager,Agent or Business Manager,Telecommunications Equipment Installer/Repairer,Telecommunications Equipment Installer/Repairer,Telecommunications Equipment Installer/Repairer,Telecommunications Equipment Installer/Repairer,Mechanical Door Repairer
81,Distribution Center Maintenance Technician,distribution center maintenance technician,distribution center maintenance technician,distribution center maintenance technician,distribution center maintenance technician,distribution center maintenance technician,distribution center maintenance technician,499071,113071,499071,499071,499071,499071,0.8286452790025848,1.0,0.68006600660066,0.68006600660066,0.68006600660066,0.68006600660066,True,False,True,True,True,True,True,False,True,True,True,True,True,False,True,True,True,True,Maintenance and Repair Worker,"Transportation, Storage, and Distribution Manager",Maintenance and Repair Worker,Maintenance and Repair Worker,Maintenance and Repair Worker,Maintenance and Repair Worker,Maintenance and Repair Worker
82,Machine Operator,machine operator,machine operator,machine operator,machine operator,machine operator,machine operator,519198,519198,516031,516031,516031,516031,0.06559766763848396,0.06559766763848396,0.22462281231140616,0.22462281231140616,0.22462281231140616,0.22462281231140616,False,False,False,False,False,False,False,False,False,False,False,False,False,False,False,False,False,False,Helper (Production Worker),Helper (Production Worker),Sewing Machine Operator,Sewing Machine Operator,Sewing Machine Operator,Sewing Machine Operator,Operating Engineer or Construction Equipment Operator
83,Lead Construction & Engineering,lead construction  engineering,lead construction  engineering,construction engineering,construction engineering,construction engineering,construction engineering,119021,119021,,,,,0.13326796220360138,0.2705392689106044,,,,,False,False,False,False,False,False,False,False,False,False,False,False,False,False,False,False,False,False,Construction Manager,Construction Manager,unknown,unknown,unknown,unknown,Industrial Engineer
84,Maintenance Technician 1,maintenance technician 1,maintenance technician 1,maintenance technician,maintenance technician,maintenance technician,maintenance technician,499071,499071,499071,499071,499071,499071,0.8546338403638074,0.8546338403638074,0.68006600660066,0.68006600660066,0.68006600660066,0.68006600660066,True,True,True,True,True,True,True,True,True,True,True,True,True,True,True,True,True,True,Maintenance and Repair Worker,Maintenance and Repair Worker,Maintenance and Repair Worker,Maintenance and Repair Worker,Maintenance and Repair Worker,Maintenance and Repair Worker,Maintenance and Repair Worker
85,Industrial Engineers,industrial engineers,industrial engineers,industrial engineers,industrial engineers,industrial engineers,industrial engineers,173026,173026,,,,,0.05428881650380022,0.05428881650380022,,,,,False,False,False,False,False,False,False,False,False,False,False,False,True,True,False,False,False,False,Industrial Engineering Technologist/Technician,Industrial Engineering Technologist/Technician,unknown,unknown,unknown,unknown,Industrial Engineer
86,Maintenance Mechanic,maintenance mechanic,maintenance mechanic,maintenance mechanic,maintenance mechanic,maintenance mechanic,maintenance mechanic,499071,499071,499071,499071,499071,499071,0.8439328911431916,0.8439328911431916,0.5719033902060714,0.5719033902060714,0.5719033902060714,0.5719033902060714,True,True,True,True,True,True,True,True,True,True,True,True,True,True,True,True,True,True,Maintenance and Repair Worker,Maintenance and Repair Worker,Maintenance and Repair Worker,Maintenance and Repair Worker,Maintenance and Repair Worker,Maintenance and Repair Worker,Maintenance and Repair Worker
87,Commercial Loan Administrator - Closing,commercial loan administrator,commercial loan administrator,commercial loan administrator,commercial loan administrator,commercial loan administrator,commercial loan administrator,132072,132072,132072,132072,132072,132072,0.6666666666666667,0.6666666666666667,1.0,1.0,1.0,1.0,False,False,False,False,False,False,False,False,False,False,False,False,False,False,False,False,False,False,Loan Officer,Loan Officer,Loan Officer,Loan Officer,Loan Officer,Loan Officer,Loan Interviewer/Clerk
88,Marine Field Service Technician 2,marine field service technician 2,marine field service technician 2,marine field service technician,marine field service technician,marine field service technician,marine field service technician,492011,492011,492011,492011,492011,492011,0.5877233165368758,0.5877233165368758,1.0,1.0,1.0,1.0,False,False,False,False,False,False,False,False,False,False,False,False,True,True,True,True,True,True,"Computer, Automated Teller, or Office Machine Repairer","Computer, Automated Teller, or Office Machine Repairer","Computer, Automated Teller, or Office Machine Repairer","Computer, Automated Teller, or Office Machine Repairer","Computer, Automated Teller, or Office Machine Repairer","Computer, Automated Teller, or Office Machine Repairer",Mechanical Door Repairer
89,Mechanical Technician I,mechanical technician i,mechanical technician i,mechanical technician,mechanical technician,mechanical technician,mechanical technician,173024,173024,173024,173024,173024,173024,0.44417475728155337,0.44417475728155337,0.7135135135135136,0.7135135135135136,0.7135135135135136,0.7135135135135136,False,False,False,False,False,False,False,False,False,False,False,False,False,False,False,False,False,False,Electro-Mechanical/Mechatronic Technologist/Technician,Electro-Mechanical/Mechatronic Technologist/Technician,Electro-Mechanical/Mechatronic Technologist/Technician,Electro-Mechanical/Mechatronic Technologist/Technician,Electro-Mechanical/Mechatronic Technologist/Technician,Electro-Mechanical/Mechatronic Technologist/Technician,Maintenance and Repair Worker
90,Heavy Equipment Operator,heavy equipment operator,heavy equipment operator,heavy equipment operator,heavy equipment operator,heavy equipment operator,heavy equipment operator,472073,472073,472073,472073,472073,472073,0.7276688453159043,0.7276688453159043,1.0,1.0,1.0,1.0,True,True,True,True,True,True,True,True,True,True,True,True,True,True,True,True,True,True,Operating Engineer or Construction Equipment Operator,Operating Engineer or Construction Equipment Operator,Operating Engineer or Construction Equipment Operator,Operating Engineer or Construction Equipment Operator,Operating Engineer or Construction Equipment Operator,Operating Engineer or Construction Equipment Operator,Operating Engineer or Construction Equipment Operator
91,Industrial Engineers,industrial engineers,industrial engineers,industrial engineers,industrial engineers,industrial engineers,industrial engineers,173026,173026,,,,,0.05428881650380022,0.05428881650380022,,,,,False,False,False,False,False,False,False,False,False,False,False,False,True,True,False,False,False,False,Industrial Engineering Technologist/Technician,Industrial Engineering Technologist/Technician,unknown,unknown,unknown,unknown,Industrial Engineer
92,Installation & Service Technician,installation  service technician,installation  service technician,installation service technician,installation service technician,installation service technician,installation service technician,499044,499044,493023,493023,493023,493023,0.5,0.5,0.6137276050092876,0.6137276050092876,0.6137276050092876,0.6137276050092876,False,False,False,False,False,False,True,True,False,False,False,False,True,True,True,True,True,True,Millwright,Millwright,Automotive Service Technician/Mechanic,Automotive Service Technician/Mechanic,Automotive Service Technician/Mechanic,Automotive Service Technician/Mechanic,Mechanical Door Repairer
93,Facilities Mechanical Technician,facilities mechanical technician,facilities mechanical technician,facilities mechanical technician,facilities mechanical technician,facilities mechanical technician,facilities mechanical technician,172141,172141,499071,499071,499071,499071,1.0,1.0,0.9305555555555555,0.9305555555555555,0.9305555555555555,0.9305555555555555,False,False,True,True,True,True,False,False,True,True,True,True,False,False,True,True,True,True,Mechanical Engineer,Mechanical Engineer,Maintenance and Repair Worker,Maintenance and Repair Worker,Maintenance and Repair Worker,Maintenance and Repair Worker,Maintenance and Repair Worker
94,Facilities Mechanical Engineer,facilities mechanical engineer,facilities mechanical engineer,facilities mechanical engineer,facilities mechanical engineer,facilities mechanical engineer,facilities mechanical engineer,172141,172141,499071,499071,499071,499071,1.0,1.0,0.7777777777777777,0.7777777777777777,0.7777777777777777,0.7777777777777777,False,False,False,False,False,False,True,True,False,False,False,False,True,True,False,False,False,False,Mechanical Engineer,Mechanical Engineer,Maintenance and Repair Worker,Maintenance and Repair Worker,Maintenance and Repair Worker,Maintenance and Repair Worker,Industrial Engineer
95,Diesel Service Technician,diesel service technician,diesel service technician,diesel service technician,diesel service technician,diesel service technician,diesel service technician,493031,493031,493031,493031,493031,493031,1.0,1.0,1.0,1.0,1.0,1.0,False,False,False,False,False,False,False,False,False,False,False,False,True,True,True,True,True,True,Bus/Truck Mechanic or Diesel Engine Specialist,Bus/Truck Mechanic or Diesel Engine Specialist,Bus/Truck Mechanic or Diesel Engine Specialist,Bus/Truck Mechanic or Diesel Engine Specialist,Bus/Truck Mechanic or Diesel Engine Specialist,Bus/Truck Mechanic or Diesel Engine Specialist,Mechanical Door Repairer
96,Lead Maintenance Technician,lead maintenance technician,lead maintenance technician,maintenance technician,maintenance technician,maintenance technician,maintenance technician,499071,499071,499071,499071,499071,499071,0.8546338403638074,0.8546338403638074,0.68006600660066,0.68006600660066,0.68006600660066,0.68006600660066,True,True,True,True,True,True,True,True,True,True,True,True,True,True,True,True,True,True,Maintenance and Repair Worker,Maintenance and Repair Worker,Maintenance and Repair Worker,Maintenance and Repair Worker,Maintenance and Repair Worker,Maintenance and Repair Worker,Maintenance and Repair Worker
97,Industrial Engineer,industrial engineer,industrial engineer,industrial engineer,industrial engineer,industrial engineer,industrial engineer,172112,172112,172112,172112,172112,172112,1.0,1.0,0.9498355263157894,0.9498355263157894,0.9498355263157894,0.9498355263157894,True,True,True,True,True,True,True,True,True,True,True,True,True,True,True,True,True,True,Industrial Engineer,Industrial Engineer,Industrial Engineer,Industrial Engineer,Industrial Engineer,Industrial Engineer,Industrial Engineer
98,Tooling Technician II,tooling technician ii,tooling technician ii,tooling technician,tooling technician,tooling technician,tooling technician,514061,514061,514061,514061,514061,514061,1.0,1.0,0.8,0.8,0.8,0.8,False,False,False,False,False,False,False,False,False,False,False,False,False,False,False,False,False,False,Metal and Plastic Model Maker,Metal and Plastic Model Maker,Metal and Plastic Model Maker,Metal and Plastic Model Maker,Metal and Plastic Model Maker,Metal and Plastic Model Maker,Mechanical Door Repairer
99,Senior Maintenance Technician,senior maintenance technician,senior maintenance technician,maintenance technician,maintenance technician,maintenance technician,maintenance technician,499071,499071,499071,499071,499071,499071,0.8546338403638074,0.8546338403638074,0.68006600660066,0.68006600660066,0.68006600660066,0.68006600660066,True,True,True,True,True,True,True,True,True,True,True,True,True,True,True,True,True,True,Maintenance and Repair Worker,Maintenance and Repair Worker,Maintenance and Repair Worker,Maintenance and Repair Worker,Maintenance and Repair Worker,Maintenance and Repair Worker,Maintenance and Repair Worker
100,EVG Equipment Operator,evg equipment operator,evg equipment operator,evg equipment operator,evg equipment operator,evg equipment operator,evg equipment operator,472073,472073,472073,472073,472073,472073,0.7427101200686106,0.7427101200686106,0.8610427388677556,0.8610427388677556,0.8610427388677556,0.8610427388677556,True,True,True,True,True,True,True,True,True,True,True,True,True,True,True,True,True,True,Operating Engineer or Construction Equipment Operator,Operating Engineer or Construction Equipment Operator,Operating Engineer or Construction Equipment Operator,Operating Engineer or Construction Equipment Operator,Operating Engineer or Construction Equipment Operator,Operating Engineer or Construction Equipment Operator,Operating Engineer or Construction Equipment Operator
101,Quality Engineer,quality engineer,quality engineer,quality engineer,quality engineer,quality engineer,quality engineer,172112,172112,172112,172112,172112,172112,0.8721227621483376,0.8721227621483376,0.4893048128342246,0.4893048128342246,0.4893048128342246,0.4893048128342246,True,True,True,True,True,True,True,True,True,True,True,True,True,True,True,True,True,True,Industrial Engineer,Industrial Engineer,Industrial Engineer,Industrial Engineer,Industrial Engineer,Industrial Engineer,Industrial Engineer
102,Ground Service Equipment Technician,ground service equipment technician,ground service equipment technician,ground service equipment technician,ground service equipment technician,ground service equipment technician,ground service equipment technician,493042,493042,499062,499062,499062,499062,0.2391304347826087,0.2391304347826087,0.8987783595113438,0.8987783595113438,0.8987783595113438,0.8987783595113438,False,False,False,False,False,False,False,False,True,True,True,True,True,True,True,True,True,True,Mobile Heavy Equipment Mechanic,Mobile Heavy Equipment Mechanic,Medical Equipment Repairer,Medical Equipment Repairer,Medical Equipment Repairer,Medical Equipment Repairer,Mechanical Door Repairer
103,Facilities Maintenance Technician,facilities maintenance technician,facilities maintenance technician,facilities maintenance technician,facilities maintenance technician,facilities maintenance technician,facilities maintenance technician,499071,499071,499071,499071,499071,499071,1.0,1.0,0.960423197492163,0.960423197492163,0.960423197492163,0.960423197492163,True,True,True,True,True,True,True,True,True,True,True,True,True,True,True,True,True,True,Maintenance and Repair Worker,Maintenance and Repair Worker,Maintenance and Repair Worker,Maintenance and Repair Worker,Maintenance and Repair Worker,Maintenance and Repair Worker,Maintenance and Repair Worker
104,Installation and Repair Technician,installation and repair technician,installation and repair technician,installation and repair technician,installation and repair technician,installation and repair technician,installation and repair technician,499052,499052,499052,499052,499052,499052,1.0,1.0,0.241042345276873,0.241042345276873,0.241042345276873,0.241042345276873,False,False,False,False,False,False,True,True,True,True,True,True,True,True,True,True,True,True,Telecommunications Line Installer/Repairer,Telecommunications Line Installer/Repairer,Telecommunications Line Installer/Repairer,Telecommunications Line Installer/Repairer,Telecommunications Line Installer/Repairer,Telecommunications Line Installer/Repairer,Mechanical Door Repairer
105,Central Office Technician,central office technician,central office technician,central office technician,central office technician,central office technician,central office technician,492022,492022,492022,492022,492022,492022,1.0,1.0,1.0,1.0,1.0,1.0,False,False,False,False,False,False,False,False,False,False,False,False,True,True,True,True,True,True,Telecommunications Equipment Installer/Repairer,Telecommunications Equipment Installer/Repairer,Telecommunications Equipment Installer/Repairer,Telecommunications Equipment Installer/Repairer,Telecommunications Equipment Installer/Repairer,Telecommunications Equipment Installer/Repairer,Maintenance and Repair Worker
106,Industrial Engineers,industrial engineers,industrial engineers,industrial engineers,industrial engineers,industrial engineers,industrial engineers,173026,173026,,,,,0.05428881650380022,0.05428881650380022,,,,,False,False,False,False,False,False,False,False,False,False,False,False,True,True,False,False,False,False,Industrial Engineering Technologist/Technician,Industrial Engineering Technologist/Technician,unknown,unknown,unknown,unknown,Industrial Engineer
107,Mechanical Technician,mechanical technician,mechanical technician,mechanical technician,mechanical technician,mechanical technician,mechanical technician,173024,173024,173024,173024,173024,173024,0.44417475728155337,0.44417475728155337,0.7135135135135136,0.7135135135135136,0.7135135135135136,0.7135135135135136,False,False,False,False,False,False,False,False,False,False,False,False,False,False,False,False,False,False,Electro-Mechanical/Mechatronic Technologist/Technician,Electro-Mechanical/Mechatronic Technologist/Technician,Electro-Mechanical/Mechatronic Technologist/Technician,Electro-Mechanical/Mechatronic Technologist/Technician,Electro-Mechanical/Mechatronic Technologist/Technician,Electro-Mechanical/Mechatronic Technologist/Technician,Maintenance and Repair Worker
108,Associate Manufacturing Operator,associate manufacturing operator,associate manufacturing operator,manufacturing operator,manufacturing operator,manufacturing operator,manufacturing operator,513091,513091,513091,513091,513091,513091,0.09090909090909091,0.09090909090909091,0.4,0.4,0.4,0.4,False,False,False,False,False,False,False,False,False,False,False,False,False,False,False,False,False,False,"Food Roasting, Baking, and Drying Machine Operator","Food Roasting, Baking, and Drying Machine Operator","Food Roasting, Baking, and Drying Machine Operator","Food Roasting, Baking, and Drying Machine Operator","Food Roasting, Baking, and Drying Machine Operator","Food Roasting, Baking, and Drying Machine Operator",Operating Engineer or Construction Equipment Operator
109,Staff Quality Engineer,staff quality engineer,staff quality engineer,staff quality engineer,staff quality engineer,staff quality engineer,staff quality engineer,172112,172112,172199,172199,172199,172199,0.8721227621483376,0.8721227621483376,1.0,1.0,1.0,1.0,True,True,False,False,False,False,True,True,True,True,True,True,True,True,True,True,True,True,Industrial Engineer,Industrial Engineer,Engineer,Engineer,Engineer,Engineer,Industrial Engineer
110,Clinical Scientist,clinical scientist,clinical scientist,clinical scientist,clinical scientist,clinical scientist,clinical scientist,291141,291141,191042,191042,191042,191042,0.17562724014336917,0.17562724014336917,0.9960668633235006,0.9960668633235006,0.9960668633235006,0.9960668633235006,False,False,True,True,True,True,False,False,True,True,True,True,False,False,True,True,True,True,Registered Nurse,Registered Nurse,Medical Scientist,Medical Scientist,Medical Scientist,Medical Scientist,Medical Scientist
111,Production Maintenance Technician,production maintenance technician,production maintenance technician,production maintenance technician,production maintenance technician,production maintenance technician,production maintenance technician,499071,499071,499071,499071,499071,499071,0.8546338403638074,0.8546338403638074,0.68006600660066,0.68006600660066,0.68006600660066,0.68006600660066,True,True,True,True,True,True,True,True,True,True,True,True,True,True,True,True,True,True,Maintenance and Repair Worker,Maintenance and Repair Worker,Maintenance and Repair Worker,Maintenance and Repair Worker,Maintenance and Repair Worker,Maintenance and Repair Worker,Maintenance and Repair Worker
112,Physician,physician,physician,physician,physician,physician,physician,291071,291071,291212,291212,291212,291212,0.28119507908611596,0.28119507908611596,0.11040794469866615,0.11040794469866615,0.11040794469866615,0.11040794469866615,False,False,False,False,False,False,True,True,True,True,True,True,True,True,True,True,True,True,Physician Assistant,Physician Assistant,Cardiologist,Cardiologist,Cardiologist,Cardiologist,Family Medicine Physician
113,Maintenance Technician,maintenance technician,maintenance technician,maintenance technician,maintenance technician,maintenance technician,maintenance technician,499071,499071,499071,499071,499071,499071,0.8546338403638074,0.8546338403638074,0.68006600660066,0.68006600660066,0.68006600660066,0.68006600660066,True,True,True,True,True,True,True,True,True,True,True,True,True,True,True,True,True,True,Maintenance and Repair Worker,Maintenance and Repair Worker,Maintenance and Repair Worker,Maintenance and Repair Worker,Maintenance and Repair Worker,Maintenance and Repair Worker,Maintenance and Repair Worker
114,Pharmacy Operations Machine Operator,pharmacy operations machine operator,pharmacy operations machine operator,pharmacy operations machine operator,pharmacy operations machine operator,pharmacy operations machine operator,pharmacy operations machine operator,519198,519198,516031,516031,516031,516031,0.06559766763848396,0.06559766763848396,0.22462281231140616,0.22462281231140616,0.22462281231140616,0.22462281231140616,False,False,False,False,False,False,False,False,False,False,False,False,False,False,False,False,False,False,Helper (Production Worker),Helper (Production Worker),Sewing Machine Operator,Sewing Machine Operator,Sewing Machine Operator,Sewing Machine Operator,Operating Engineer or Construction Equipment Operator
115,Family Practice Physician,family practice physician,family practice physician,family practice physician,family practice physician,family practice physician,family practice physician,291215,291215,291215,291215,291215,291215,0.5,0.5,1.0,1.0,1.0,1.0,True,True,True,True,True,True,True,True,True,True,True,True,True,True,True,True,True,True,Family Medicine Physician,Family Medicine Physician,Family Medicine Physician,Family Medicine Physician,Family Medicine Physician,Family Medicine Physician,Family Medicine Physician
116,Desktop Systems Installer,desktop systems installer,desktop systems installer,desktop systems installer,desktop systems installer,desktop systems installer,desktop systems installer,151252,151232,472031,472031,472031,472031,0.20768307322929172,0.5057034220532319,0.3953488372093023,0.3953488372093023,0.3953488372093023,0.3953488372093023,False,False,False,False,False,False,False,False,False,False,False,False,False,False,False,False,False,False,Software Developer,Computer User Support Specialist,Carpenter,Carpenter,Carpenter,Carpenter,Mechanical Door Repairer
117,Entry Level Equipment & Tool Engineer,entry level equipment  tool engineer,entry level equipment  tool engineer,entry level equipment tool engineer,entry level equipment tool engineer,entry level equipment tool engineer,entry level equipment tool engineer,412031,412031,172141,172141,172141,172141,0.2990697674418605,0.31365853658536585,1.0,1.0,1.0,1.0,False,False,False,False,False,False,False,False,False,False,False,False,False,False,False,False,False,False,Retail Salesperson,Retail Salesperson,Mechanical Engineer,Mechanical Engineer,Mechanical Engineer,Mechanical Engineer,Operating Engineer or Construction Equipment Operator
118,Mid Level Industrial Engineer,mid level industrial engineer,mid level industrial engineer,mid level industrial engineer,mid level industrial engineer,mid level industrial engineer,mid level industrial engineer,172112,492096,172112,172112,172112,172112,0.6474820143884892,0.7959183673469389,1.0,1.0,1.0,1.0,True,False,True,True,True,True,True,False,True,True,True,True,True,False,True,True,True,True,Industrial Engineer,Motor Vehicle Electronic Equipment Installer/Repairer,Industrial Engineer,Industrial Engineer,Industrial Engineer,Industrial Engineer,Industrial Engineer
119,Mortgage Loan Processor 4,mortgage loan processor 4,mortgage loan processor 4,mortgage loan processor,mortgage loan processor,mortgage loan processor,mortgage loan processor,434131,434131,434131,434131,434131,434131,1.0,1.0,1.0,1.0,1.0,1.0,True,True,True,True,True,True,True,True,True,True,True,True,True,True,True,True,True,True,Loan Interviewer/Clerk,Loan Interviewer/Clerk,Loan Interviewer/Clerk,Loan Interviewer/Clerk,Loan Interviewer/Clerk,Loan Interviewer/Clerk,Loan Interviewer/Clerk
120,Service Technician 2,service technician 2,service technician 2,service technician,service technician,service technician,service technician,499031,499031,493023,493023,493023,493023,0.12602459016393444,0.12602459016393444,0.6137276050092876,0.6137276050092876,0.6137276050092876,0.6137276050092876,False,False,False,False,False,False,True,True,False,False,False,False,True,True,True,True,True,True,Home Appliance Repairer,Home Appliance Repairer,Automotive Service Technician/Mechanic,Automotive Service Technician/Mechanic,Automotive Service Technician/Mechanic,Automotive Service Technician/Mechanic,Mechanical Door Repairer
121,Operator,operator,operator,operator,operator,operator,operator,518099,518099,537051,537051,537051,537051,0.25483870967741934,0.25483870967741934,0.32622298065984073,0.32622298065984073,0.32622298065984073,0.32622298065984073,False,False,False,False,False,False,False,False,False,False,False,False,False,False,False,False,False,False,Plant and System Operator,Plant and System Operator,Industrial Truck/Tractor Operator,Industrial Truck/Tractor Operator,Industrial Truck/Tractor Operator,Industrial Truck/Tractor Operator,Operating Engineer or Construction Equipment Operator
122,Industrial Engineers,industrial engineers,industrial engineers,industrial engineers,industrial engineers,industrial engineers,industrial engineers,173026,173026,,,,,0.05428881650380022,0.05428881650380022,,,,,False,False,False,False,False,False,False,False,False,False,False,False,True,True,False,False,False,False,Industrial Engineering Technologist/Technician,Industrial Engineering Technologist/Technician,unknown,unknown,unknown,unknown,Industrial Engineer
123,Facilities Services Technician,facilities services technician,facilities services technician,facilities services technician,facilities services technician,facilities services technician,facilities services technician,131011,131011,499071,499071,499071,499071,0.18997982515131137,0.2539325842696629,0.5,0.5,0.5,0.5,False,False,False,False,False,False,False,False,True,True,True,True,False,False,True,True,True,True,Agent or Business Manager,Agent or Business Manager,Maintenance and Repair Worker,Maintenance and Repair Worker,Maintenance and Repair Worker,Maintenance and Repair Worker,Mechanical Door Repairer
124,ESL Processing Operator,esl processing operator,esl processing operator,esl processing operator,esl processing operator,esl processing operator,esl processing operator,513091,513091,151299,151299,151299,151299,0.33333333333333337,0.33333333333333337,0.5777777777777778,0.5777777777777778,0.5777777777777778,0.5777777777777778,False,False,False,False,False,False,False,False,False,False,False,False,False,False,False,False,False,False,"Food Roasting, Baking, and Drying Machine Operator","Food Roasting, Baking, and Drying Machine Operator",Computer Occupation,Computer Occupation,Computer Occupation,Computer Occupation,Operating Engineer or Construction Equipment Operator
125,"Civil Engineer, Facilities",civil engineer facilities,civil engineer facilities,civil engineer facilities,civil engineer facilities,civil engineer facilities,civil engineer facilities,172051,172051,172051,172051,172051,172051,0.9260355029585798,0.9260355029585798,0.9140606349964192,0.9140606349964192,0.9140606349964192,0.9140606349964192,False,False,False,False,False,False,True,True,True,True,True,True,True,True,True,True,True,True,Civil Engineer,Civil Engineer,Civil Engineer,Civil Engineer,Civil Engineer,Civil Engineer,Industrial Engineer
126,Field Service Technician,field service technician,field service technician,field service technician,field service technician,field service technician,field service technician,492011,492011,492011,492011,492011,492011,0.5877233165368758,0.5877233165368758,1.0,1.0,1.0,1.0,False,False,False,False,False,False,False,False,False,False,False,False,True,True,True,True,True,True,"Computer, Automated Teller, or Office Machine Repairer","Computer, Automated Teller, or Office Machine Repairer","Computer, Automated Teller, or Office Machine Repairer","Computer, Automated Teller, or Office Machine Repairer","Computer, Automated Teller, or Office Machine Repairer","Computer, Automated Teller, or Office Machine Repairer",Mechanical Door Repairer
127,Equipment Operator,equipment operator,equipment operator,equipment operator,equipment operator,equipment operator,equipment operator,472073,472073,472073,472073,472073,472073,0.7427101200686106,0.7427101200686106,0.8610427388677556,0.8610427388677556,0.8610427388677556,0.8610427388677556,True,True,True,True,True,True,True,True,True,True,True,True,True,True,True,True,True,True,Operating Engineer or Construction Equipment Operator,Operating Engineer or Construction Equipment Operator,Operating Engineer or Construction Equipment Operator,Operating Engineer or Construction Equipment Operator,Operating Engineer or Construction Equipment Operator,Operating Engineer or Construction Equipment Operator,Operating Engineer or Construction Equipment Operator
128,Machine Operator,machine operator,machine operator,machine operator,machine operator,machine operator,machine operator,519198,519198,516031,516031,516031,516031,0.06559766763848396,0.06559766763848396,0.22462281231140616,0.22462281231140616,0.22462281231140616,0.22462281231140616,False,False,False,False,False,False,False,False,False,False,False,False,False,False,False,False,False,False,Helper (Production Worker),Helper (Production Worker),Sewing Machine Operator,Sewing Machine Operator,Sewing Machine Operator,Sewing Machine Operator,Operating Engineer or Construction Equipment Operator
129,CNC Machine Operator,cnc machine operator,cnc machine operator,cnc machine operator,cnc machine operator,cnc machine operator,cnc machine operator,519161,519161,514035,514035,514035,514035,1.0,1.0,0.8095238095238095,0.8095238095238095,0.8095238095238095,0.8095238095238095,False,False,False,False,False,False,False,False,False,False,False,False,False,False,False,False,False,False,Computer Numerically Controlled Tool Operator,Computer Numerically Controlled Tool Operator,Milling and Planing Machine Operator,Milling and Planing Machine Operator,Milling and Planing Machine Operator,Milling and Planing Machine Operator,Operating Engineer or Construction Equipment Operator
130,Forklift Driver,forklift driver,forklift driver,forklift driver,forklift driver,forklift driver,forklift driver,537051,537051,537051,537051,537051,537051,1.0,1.0,0.9954607353608717,0.9954607353608717,0.9954607353608717,0.9954607353608717,False,False,False,False,False,False,False,False,False,False,False,False,False,False,False,False,False,False,Industrial Truck/Tractor Operator,Industrial Truck/Tractor Operator,Industrial Truck/Tractor Operator,Industrial Truck/Tractor Operator,Industrial Truck/Tractor Operator,Industrial Truck/Tractor Operator,Operating Engineer or Construction Equipment Operator
131,Machine Operator,machine operator,machine operator,machine operator,machine operator,machine operator,machine operator,519198,519198,516031,516031,516031,516031,0.06559766763848396,0.06559766763848396,0.22462281231140616,0.22462281231140616,0.22462281231140616,0.22462281231140616,False,False,False,False,False,False,False,False,False,False,False,False,False,False,False,False,False,False,Helper (Production Worker),Helper (Production Worker),Sewing Machine Operator,Sewing Machine Operator,Sewing Machine Operator,Sewing Machine Operator,Operating Engineer or Construction Equipment Operator
132,Investments Bank Loan Analyst,investments bank loan analyst,investments bank loan analyst,investments bank loan analyst,investments bank loan analyst,investments bank loan analyst,investments bank loan analyst,132072,132072,132072,132072,132072,132072,0.6666666666666667,0.6666666666666667,0.4,0.4,0.4,0.4,False,False,False,False,False,False,False,False,False,False,False,False,False,False,False,False,False,False,Loan Officer,Loan Officer,Loan Officer,Loan Officer,Loan Officer,Loan Officer,Loan Interviewer/Clerk
133,Warehouse Operator III,warehouse operator iii,warehouse operator iii,warehouse operator,warehouse operator,warehouse operator,warehouse operator,537051,537051,537051,537051,537051,537051,0.8412698412698413,0.8412698412698413,0.9560439560439561,0.9560439560439561,0.9560439560439561,0.9560439560439561,False,False,False,False,False,False,False,False,False,False,False,False,False,False,False,False,False,False,Industrial Truck/Tractor Operator,Industrial Truck/Tractor Operator,Industrial Truck/Tractor Operator,Industrial Truck/Tractor Operator,Industrial Truck/Tractor Operator,Industrial Truck/Tractor Operator,Operating Engineer or Construction Equipment Operator
134,"Principal Research Scientist, Precision Medicine-Oncology",principal research scientist precision medicine oncology,principal research scientist precision medicine oncology,research scientist precision medicine,research scientist precision medicine,research scientist precision medicine,research scientist precision medicine,191042,191042,291131,291131,291131,291131,0.2724333063864187,0.2724333063864187,0.29117774880486746,0.29117774880486746,0.29117774880486746,0.29117774880486746,True,True,False,False,False,False,True,True,False,False,False,False,True,True,False,False,False,False,Medical Scientist,Medical Scientist,Veterinarian,Veterinarian,Veterinarian,Veterinarian,Medical Scientist
135,Forklift Operator,forklift operator,forklift operator,forklift operator,forklift operator,forklift operator,forklift operator,537051,537051,537051,537051,537051,537051,0.9692780337941628,0.9692780337941628,0.8320000000000001,0.8320000000000001,0.8320000000000001,0.8320000000000001,False,False,False,False,False,False,False,False,False,False,False,False,False,False,False,False,False,False,Industrial Truck/Tractor Operator,Industrial Truck/Tractor Operator,Industrial Truck/Tractor Operator,Industrial Truck/Tractor Operator,Industrial Truck/Tractor Operator,Industrial Truck/Tractor Operator,Operating Engineer or Construction Equipment Operator
136,Forklift Operator,forklift operator,forklift operator,forklift operator,forklift operator,forklift operator,forklift operator,537051,537051,537051,537051,537051,537051,0.9692780337941628,0.9692780337941628,0.8320000000000001,0.8320000000000001,0.8320000000000001,0.8320000000000001,False,False,False,False,False,False,False,False,False,False,False,False,False,False,False,False,False,False,Industrial Truck/Tractor Operator,Industrial Truck/Tractor Operator,Industrial Truck/Tractor Operator,Industrial Truck/Tractor Operator,Industrial Truck/Tractor Operator,Industrial Truck/Tractor Operator,Operating Engineer or Construction Equipment Operator
137,Loan Servicing Specialist IV,loan servicing specialist iv,loan servicing specialist iv,loan servicing specialist iv,loan servicing specialist iv,loan servicing specialist iv,loan servicing specialist iv,434131,434131,434131,434131,434131,434131,0.7023809523809523,0.7023809523809523,1.0,1.0,1.0,1.0,True,True,True,True,True,True,True,True,True,True,True,True,True,True,True,True,True,True,Loan Interviewer/Clerk,Loan Interviewer/Clerk,Loan Interviewer/Clerk,Loan Interviewer/Clerk,Loan Interviewer/Clerk,Loan Interviewer/Clerk,Loan Interviewer/Clerk
138,Loan Servicing Admin I,loan servicing admin i,loan servicing admin i,loan servicing admin,loan servicing admin,loan servicing admin,loan servicing admin,434131,434131,,,,,0.7777777777777778,0.7777777777777778,,,,,True,True,False,False,False,False,True,True,False,False,False,False,True,True,False,False,False,False,Loan Interviewer/Clerk,Loan Interviewer/Clerk,unknown,unknown,unknown,unknown,Loan Interviewer/Clerk
139,Clinical Scientist,clinical scientist,clinical scientist,clinical scientist,clinical scientist,clinical scientist,clinical scientist,291141,291141,191042,191042,191042,191042,0.17562724014336917,0.17562724014336917,0.9960668633235006,0.9960668633235006,0.9960668633235006,0.9960668633235006,False,False,True,True,True,True,False,False,True,True,True,True,False,False,True,True,True,True,Registered Nurse,Registered Nurse,Medical Scientist,Medical Scientist,Medical Scientist,Medical Scientist,Medical Scientist
140,"Associate, Loan Operations Closer",associate loan operations closer,associate loan operations closer,loan operations closer,loan operations closer,loan operations closer,loan operations closer,435011,435011,434131,434131,434131,434131,0.21060771150398933,0.23495275065678548,1.0,1.0,1.0,1.0,False,False,True,True,True,True,False,False,True,True,True,True,True,True,True,True,True,True,Cargo/Freight Agent,Cargo/Freight Agent,Loan Interviewer/Clerk,Loan Interviewer/Clerk,Loan Interviewer/Clerk,Loan Interviewer/Clerk,Loan Interviewer/Clerk
141,PhD Scientist/Bioengineer,phd scientist bioengineer,phd scientist bioengineer,phd scientist bioengineer,phd scientist bioengineer,phd scientist bioengineer,phd scientist bioengineer,191042,191042,172199,172199,172199,172199,0.15411681914144967,0.1394016549968173,1.0,1.0,1.0,1.0,True,True,False,False,False,False,True,True,False,False,False,False,True,True,False,False,False,False,Medical Scientist,Medical Scientist,Engineer,Engineer,Engineer,Engineer,Medical Scientist
142,Primary Care Physician,primary care physician,primary care physician,primary care physician,primary care physician,primary care physician,primary care physician,291215,291215,291215,291215,291215,291215,0.7076023391812865,0.7076023391812865,1.0,1.0,1.0,1.0,True,True,True,True,True,True,True,True,True,True,True,True,True,True,True,True,True,True,Family Medicine Physician,Family Medicine Physician,Family Medicine Physician,Family Medicine Physician,Family Medicine Physician,Family Medicine Physician,Family Medicine Physician
143,Medical Imaging Scientists (Nuclear Medicine),medical imaging scientists,medical imaging scientists,medical imaging scientists,medical imaging scientists,medical imaging scientists,medical imaging scientists,292034,292034,,,,,1.0,1.0,,,,,False,False,False,False,False,False,False,False,False,False,False,False,False,False,False,False,False,False,Radiologic Technologist/Technician,Radiologic Technologist/Technician,unknown,unknown,unknown,unknown,Medical Scientist
144,Mortgage Loan Processor/Closer,mortgage loan processor closer,mortgage loan processor closer,mortgage loan processor closer,mortgage loan processor closer,mortgage loan processor closer,mortgage loan processor closer,434131,434131,434131,434131,434131,434131,1.0,1.0,1.0,1.0,1.0,1.0,True,True,True,True,True,True,True,True,True,True,True,True,True,True,True,True,True,True,Loan Interviewer/Clerk,Loan Interviewer/Clerk,Loan Interviewer/Clerk,Loan Interviewer/Clerk,Loan Interviewer/Clerk,Loan Interviewer/Clerk,Loan Interviewer/Clerk
145,Software Engineer,software engineer,software engineer,software engineer,software engineer,software engineer,software engineer,151252,151252,151253,151253,151253,151253,0.9702525497814473,0.9702525497814473,0.4829541202005838,0.4829541202005838,0.4829541202005838,0.4829541202005838,True,True,False,False,False,False,True,True,True,True,True,True,True,True,True,True,True,True,Software Developer,Software Developer,Software Quality Assurance Analyst,Software Quality Assurance Analyst,Software Quality Assurance Analyst,Software Quality Assurance Analyst,Software Developer
146,Senior Software Development Engineer in Test,senior software development engineer in test,senior software development engineer in test,software development engineer in test,software development engineer in test,software development engineer in test,software development engineer in test,151252,151252,151252,151252,151252,151252,1.0,1.0,0.5,0.5,0.5,0.5,True,True,True,True,True,True,True,True,True,True,True,True,True,True,True,True,True,True,Software Developer,Software Developer,Software Developer,Software Developer,Software Developer,Software Developer,Software Developer
147,"Software Engineer, Full Stack - Growth Team (Remote)",software engineer full stack,software engineer full stack,software engineer full stack,software engineer full stack,software engineer full stack,software engineer full stack,151252,151252,151253,151253,151253,151253,0.9044620562371078,0.9702525497814473,0.4829541202005838,0.4829541202005838,0.4829541202005838,0.4829541202005838,True,True,False,False,False,False,True,True,True,True,True,True,True,True,True,True,True,True,Software Developer,Software Developer,Software Quality Assurance Analyst,Software Quality Assurance Analyst,Software Quality Assurance Analyst,Software Quality Assurance Analyst,Software Developer
148,"Manager, IT Operations",manager it operations,manager it operations,manager it operations,manager it operations,manager it operations,manager it operations,113021,113021,111021,111021,111021,111021,1.0,1.0,0.31522727272727274,0.31522727272727274,0.3153706230104593,0.3153706230104593,False,False,False,False,False,False,False,False,False,False,False,False,False,False,False,False,False,False,Computer and Information Systems Manager,Computer and Information Systems Manager,Operations Manager,Operations Manager,Operations Manager,Operations Manager,Computer User Support Specialist
149,IT Support Specialist,it support specialist,it support specialist,it support specialist,it support specialist,it support specialist,it support specialist,151231,151231,151232,151232,151232,151232,0.8201438848920863,0.8201438848920863,0.6847963571970654,0.6847963571970654,0.6847963571970654,0.6847963571970654,False,False,True,True,True,True,True,True,True,True,True,True,True,True,True,True,True,True,Computer Network Support Specialist,Computer Network Support Specialist,Computer User Support Specialist,Computer User Support Specialist,Computer User Support Specialist,Computer User Support Specialist,Computer User Support Specialist
150,Android Engineer,android engineer,android engineer,android engineer,android engineer,android engineer,android engineer,172199,172199,151253,151253,151253,151253,0.10278460278460279,0.10278460278460279,0.2533966825039593,0.2533966825039593,0.2533966825039593,0.2533966825039593,False,False,False,False,False,False,False,False,True,True,True,True,False,False,True,True,True,True,Engineer,Engineer,Software Quality Assurance Analyst,Software Quality Assurance Analyst,Software Quality Assurance Analyst,Software Quality Assurance Analyst,Software Developer
151,Internal IT Systems Engineer,internal it systems engineer,internal it systems engineer,internal it systems engineer,internal it systems engineer,internal it systems engineer,internal it systems engineer,151252,132011,151253,151253,151253,151253,0.7534368070953437,1.0,0.30358453288173864,0.30358453288173864,0.30358453288173864,0.30358453288173864,False,False,False,False,False,False,True,False,True,True,True,True,True,False,True,True,True,True,Software Developer,Accountants Auditor,Software Quality Assurance Analyst,Software Quality Assurance Analyst,Software Quality Assurance Analyst,Software Quality Assurance Analyst,Computer Analyst
152,Software Developer - Point of Sale Solutions,software developer,software developer,software developer,software developer,software developer,software developer,151252,151252,151251,151251,151251,151251,0.9351362342415616,0.9351362342415616,0.5412984814011323,0.5412984814011323,0.5412984814011323,0.5412984814011323,True,True,False,False,False,False,True,True,True,True,True,True,True,True,True,True,True,True,Software Developer,Software Developer,Computer Programmer,Computer Programmer,Computer Programmer,Computer Programmer,Software Developer
153,Java Developer,java developer,java developer,java developer,java developer,java developer,java developer,151252,151252,151252,151252,151252,151252,0.6205331820760068,0.6205331820760068,0.3575589091871856,0.3575589091871856,0.3575589091871856,0.3575589091871856,True,True,True,True,True,True,True,True,True,True,True,True,True,True,True,True,True,True,Software Developer,Software Developer,Software Developer,Software Developer,Software Developer,Software Developer,Software Developer
154,Remote PHP Developer,remote php developer,remote php developer,remote php developer,remote php developer,remote php developer,remote php developer,151254,151254,151254,151254,151254,151254,0.5,0.5,0.5,0.5,0.5,0.5,False,False,False,False,False,False,True,True,True,True,True,True,True,True,True,True,True,True,Web Developer,Web Developer,Web Developer,Web Developer,Web Developer,Web Developer,Software Developer
155,"Software Developer, Analystics Solutions",software developer analystics solutions,software developer analystics solutions,software developer analystics solutions,software developer analystics solutions,software developer analystics solutions,software developer analystics solutions,151252,151252,151251,151251,151251,151251,0.9351362342415616,0.9351362342415616,0.5412984814011323,0.5412984814011323,0.5412984814011323,0.5412984814011323,True,True,False,False,False,False,True,True,True,True,True,True,True,True,True,True,True,True,Software Developer,Software Developer,Computer Programmer,Computer Programmer,Computer Programmer,Computer Programmer,Software Developer
156,Software Engineer,software engineer,software engineer,software engineer,software engineer,software engineer,software engineer,151252,151252,151253,151253,151253,151253,0.9702525497814473,0.9702525497814473,0.4829541202005838,0.4829541202005838,0.4829541202005838,0.4829541202005838,True,True,False,False,False,False,True,True,True,True,True,True,True,True,True,True,True,True,Software Developer,Software Developer,Software Quality Assurance Analyst,Software Quality Assurance Analyst,Software Quality Assurance Analyst,Software Quality Assurance Analyst,Software Developer
157,"Application Engineer, Salesforce",application engineer salesforce,application engineer salesforce,application engineer salesforce,application engineer salesforce,application engineer salesforce,application engineer salesforce,172199,172199,172199,172199,172199,172199,0.9188311688311689,0.9188311688311689,0.7407098816863856,0.7407098816863856,0.7407098816863856,0.7407098816863856,False,False,False,False,False,False,False,False,False,False,False,False,False,False,False,False,False,False,Engineer,Engineer,Engineer,Engineer,Engineer,Engineer,Software Developer
158,Product Designer,product designer,product designer,product designer,product designer,product designer,product designer,271021,271021,271021,271021,271021,271021,0.8412698412698413,0.8412698412698413,0.9715079916608755,0.9715079916608755,0.9715079916608755,0.9715079916608755,False,False,False,False,False,False,False,False,False,False,False,False,False,False,False,False,False,False,Commercial/Industrial Designer,Commercial/Industrial Designer,Commercial/Industrial Designer,Commercial/Industrial Designer,Commercial/Industrial Designer,Commercial/Industrial Designer,Software Developer
159,"Software Engineer, Digital Retail",software engineer digital retail,software engineer digital retail,software engineer digital retail,software engineer digital retail,software engineer digital retail,software engineer digital retail,151252,151252,151253,151253,151253,151253,0.9702525497814473,0.9702525497814473,0.4829541202005838,0.4829541202005838,0.4829541202005838,0.4829541202005838,True,True,False,False,False,False,True,True,True,True,True,True,True,True,True,True,True,True,Software Developer,Software Developer,Software Quality Assurance Analyst,Software Quality Assurance Analyst,Software Quality Assurance Analyst,Software Quality Assurance Analyst,Software Developer
160,"JavaScript Engineer, Consumer",javascript engineer consumer,javascript engineer consumer,javascript engineer consumer,javascript engineer consumer,javascript engineer consumer,javascript engineer consumer,132071,132071,151253,151253,151253,151253,0.13686180165731088,0.13686180165731088,0.2533966825039593,0.2533966825039593,0.2533966825039593,0.2533966825039593,False,False,False,False,False,False,False,False,True,True,True,True,False,False,True,True,True,True,Credit Counselor,Credit Counselor,Software Quality Assurance Analyst,Software Quality Assurance Analyst,Software Quality Assurance Analyst,Software Quality Assurance Analyst,Software Developer
161,Backend Engineer,backend engineer,backend engineer,backend engineer,backend engineer,backend engineer,backend engineer,172199,172199,172199,172199,172199,172199,0.10493311036789298,0.10493311036789298,1.0,1.0,1.0,1.0,False,False,False,False,False,False,False,False,False,False,False,False,False,False,False,False,False,False,Engineer,Engineer,Engineer,Engineer,Engineer,Engineer,Software Developer
162,Front End engineer,front end engineer,front end engineer,front end engineer,front end engineer,front end engineer,front end engineer,493023,493023,517042,517042,517042,517042,1.0,1.0,1.0,1.0,1.0,1.0,False,False,False,False,False,False,False,False,False,False,False,False,False,False,False,False,False,False,Automotive Service Technician/Mechanic,Automotive Service Technician/Mechanic,Woodworking Machine Operator,Woodworking Machine Operator,Woodworking Machine Operator,Woodworking Machine Operator,Web Developer
163,Platform Engineer,platform engineer,platform engineer,platform engineer,platform engineer,platform engineer,platform engineer,172051,172051,537062,537062,537062,537062,0.6624203821656052,0.6624203821656052,0.3225806451612903,0.3225806451612903,0.3225806451612903,0.3225806451612903,False,False,False,False,False,False,False,False,False,False,False,False,False,False,False,False,False,False,Civil Engineer,Civil Engineer,"Freight, Stock, and Material Mover","Freight, Stock, and Material Mover","Freight, Stock, and Material Mover","Freight, Stock, and Material Mover",Software Developer
164,Computer Systems Analyst,computer systems analyst,computer systems analyst,computer systems analyst,computer systems analyst,computer systems analyst,computer systems analyst,151211,151211,151211,151211,151211,151211,1.0,1.0,1.0,1.0,1.0,1.0,True,True,True,True,True,True,True,True,True,True,True,True,True,True,True,True,True,True,Computer Analyst,Computer Analyst,Computer Analyst,Computer Analyst,Computer Analyst,Computer Analyst,Computer Analyst
165,Computer Systems Specialist,computer systems specialist,computer systems specialist,computer systems specialist,computer systems specialist,computer systems specialist,computer systems specialist,151211,151211,259031,259031,259031,259031,0.2870722433460076,0.2870722433460076,0.49894291754756875,0.49894291754756875,0.49894291754756875,0.49894291754756875,False,False,False,False,False,False,True,True,False,False,False,False,True,True,False,False,False,False,Computer Analyst,Computer Analyst,Instructional Coordinator,Instructional Coordinator,Instructional Coordinator,Instructional Coordinator,Computer User Support Specialist
166,High-Performance Computer Systems (HPCS) Analyst-Junior,high performance computer systems  analyst junior,high performance computer systems  analyst junior,high performance computer systems,high performance computer systems,high performance computer systems,high performance computer systems,151211,151211,,,,,1.0,1.0,,,,,True,True,False,False,False,False,True,True,False,False,False,False,True,True,False,False,False,False,Computer Analyst,Computer Analyst,unknown,unknown,unknown,unknown,Computer Analyst
167,Jr. Software Developer,jr software developer,jr software developer,software developer,software developer,software developer,software developer,151252,151252,151251,151251,151251,151251,0.9351362342415616,0.9351362342415616,0.5412984814011323,0.5412984814011323,0.5412984814011323,0.5412984814011323,True,True,False,False,False,False,True,True,True,True,True,True,True,True,True,True,True,True,Software Developer,Software Developer,Computer Programmer,Computer Programmer,Computer Programmer,Computer Programmer,Software Developer
168,Web Design Art Director,web design art director,web design art director,web design art director,web design art director,web design art director,web design art director,271011,151254,271011,271011,271011,271011,0.7311827956989247,0.5,0.9252873563218391,0.9252873563218391,0.9252873563218391,0.9252873563218391,False,True,False,False,False,False,False,True,False,False,False,False,False,True,False,False,False,False,Art Director,Web Developer,Art Director,Art Director,Art Director,Art Director,Web Developer
169,Cloud Integration Developer,cloud integration developer,cloud integration developer,cloud integration developer,cloud integration developer,cloud integration developer,cloud integration developer,113021,113021,259031,259031,259031,259031,0.6428571428571428,0.6428571428571428,1.0,1.0,1.0,1.0,False,False,False,False,False,False,False,False,False,False,False,False,False,False,False,False,False,False,Computer and Information Systems Manager,Computer and Information Systems Manager,Instructional Coordinator,Instructional Coordinator,Instructional Coordinator,Instructional Coordinator,Software Developer
170,Software Engineer in Test (SET),software engineer in test,software engineer in test,software engineer in test,software engineer in test,software engineer in test,software engineer in test,151252,151252,151253,151253,151253,151253,0.9702525497814473,0.9702525497814473,0.4829541202005838,0.4829541202005838,0.4829541202005838,0.4829541202005838,True,True,False,False,False,False,True,True,True,True,True,True,True,True,True,True,True,True,Software Developer,Software Developer,Software Quality Assurance Analyst,Software Quality Assurance Analyst,Software Quality Assurance Analyst,Software Quality Assurance Analyst,Software Developer
171,IT Data & Integrations Director,it data  integrations director,it data  integrations director,it data integrations director,it data integrations director,it data integrations director,it data integrations director,439021,439021,119111,119111,119111,119111,0.14716133529548447,0.1141209682263199,0.21552535777052473,0.21552535777052473,0.21552535777052473,0.21552535777052473,False,False,False,False,False,False,False,False,False,False,False,False,False,False,False,False,False,False,Data Entry Keyer,Data Entry Keyer,Medical and Health Services Manager,Medical and Health Services Manager,Medical and Health Services Manager,Medical and Health Services Manager,Computer User Support Specialist
172,IT Systems Analyst / Senior,it systems analyst   senior,it systems analyst   senior,it systems analyst senior,it systems analyst senior,it systems analyst senior,it systems analyst senior,151211,151211,151211,151211,151211,151211,1.0,1.0,0.9028458922498658,0.9028458922498658,0.9028458922498658,0.9028458922498658,True,True,True,True,True,True,True,True,True,True,True,True,True,True,True,True,True,True,Computer Analyst,Computer Analyst,Computer Analyst,Computer Analyst,Computer Analyst,Computer Analyst,Computer Analyst
173,Mobile Application Developer,mobile application developer,mobile application developer,mobile application developer,mobile application developer,mobile application developer,mobile application developer,151252,151252,151253,151253,151253,151253,0.9999999999999999,0.9999999999999999,0.4043363609727513,0.4043363609727513,0.4043363609727513,0.4043363609727513,False,False,False,False,False,False,True,True,True,True,True,True,True,True,True,True,True,True,Software Developer,Software Developer,Software Quality Assurance Analyst,Software Quality Assurance Analyst,Software Quality Assurance Analyst,Software Quality Assurance Analyst,Computer Analyst
174,Developer-Information Technology,developer information technology,developer information technology,developer information technology,developer information technology,information technology developer,information technology developer,113021,113021,151251,151251,151254,151254,0.2604078164825828,0.2604078164825828,0.2983923971933565,0.2983923971933565,0.38461538461538464,0.38461538461538464,False,False,False,False,False,False,False,False,True,True,True,True,False,False,True,True,True,True,Computer and Information Systems Manager,Computer and Information Systems Manager,Computer Programmer,Computer Programmer,Web Developer,Web Developer,Software Developer
175,Director – IT Application Development,director  it application development,director  it application development,director it application development,director it application development,director it application development,director it application development,113021,113021,113021,113021,113021,113021,0.7549019607843137,0.7549019607843137,0.71240234375,0.71240234375,0.71240234375,0.71240234375,False,False,False,False,False,False,False,False,False,False,False,False,False,False,False,False,False,False,Computer and Information Systems Manager,Computer and Information Systems Manager,Computer and Information Systems Manager,Computer and Information Systems Manager,Computer and Information Systems Manager,Computer and Information Systems Manager,Software Developer
176,Senior Infrastructure Architect – Cybersecurity & Digital Risk,senior infrastructure architect  cybersecurity  digital risk,senior infrastructure architect  cybersecurity  digital risk,infrastructure architect,infrastructure architect,infrastructure architect,infrastructure architect,151242,151242,474011,474011,474011,474011,0.3719512195121951,0.3719512195121951,1.0,1.0,1.0,1.0,False,False,False,False,False,False,True,True,False,False,False,False,True,True,False,False,False,False,Database Administrator,Database Administrator,Construction/Building Inspector,Construction/Building Inspector,Construction/Building Inspector,Construction/Building Inspector,Web Developer
177,Network Performance & Analytics Engineer,network performance  analytics engineer,network performance  analytics engineer,network performance analytics engineer,network performance analytics engineer,network performance analytics engineer,network performance analytics engineer,151241,151241,152031,152031,152031,152031,0.27617158960442545,0.2858068697342839,0.7849462365591399,0.7849462365591399,0.7849462365591399,0.7849462365591399,False,False,False,False,False,False,True,True,False,False,False,False,True,True,True,True,True,True,Computer Network Architect,Computer Network Architect,Operations Research Analyst,Operations Research Analyst,Operations Research Analyst,Operations Research Analyst,Software Developer
178,Linux Systems Administrator,linux systems administrator,linux systems administrator,linux systems administrator,linux systems administrator,linux systems administrator,linux systems administrator,151244,151244,151244,151244,151244,151244,1.0,1.0,1.0,1.0,1.0,1.0,False,False,False,False,False,False,True,True,True,True,True,True,True,True,True,True,True,True,Network and Computer Systems Administrator,Network and Computer Systems Administrator,Network and Computer Systems Administrator,Network and Computer Systems Administrator,Network and Computer Systems Administrator,Network and Computer Systems Administrator,Computer Analyst
179,Engineer IV,engineer iv,engineer iv,engineer iv,engineer iv,iv engineer,iv engineer,172199,172199,151253,151253,151253,151253,0.10493311036789298,0.10493311036789298,0.2533966825039593,0.2533966825039593,0.2533966825039593,0.2533966825039593,False,False,False,False,False,False,False,False,True,True,True,True,False,False,True,True,True,True,Engineer,Engineer,Software Quality Assurance Analyst,Software Quality Assurance Analyst,Software Quality Assurance Analyst,Software Quality Assurance Analyst,Software Developer
180,Cloud Security Architect,cloud security architect,cloud security architect,cloud security architect,cloud security architect,cloud security architect,cloud security architect,272032,272032,151212,151212,151212,151212,1.0,1.0,0.2506586375611592,0.2506586375611592,0.2506586375611592,0.2506586375611592,False,False,False,False,False,False,False,False,True,True,True,True,False,False,True,True,True,True,Choreographer,Choreographer,Information Analyst,Information Analyst,Information Analyst,Information Analyst,Web Developer
181,AWS Infrastructure Engineer,aws infrastructure engineer,aws infrastructure engineer,aws infrastructure engineer,aws infrastructure engineer,aws infrastructure engineer,aws infrastructure engineer,172051,172051,172051,172051,172051,172051,0.4824120603015075,0.4824120603015075,1.0,1.0,1.0,1.0,False,False,False,False,False,False,False,False,False,False,False,False,False,False,False,False,False,False,Civil Engineer,Civil Engineer,Civil Engineer,Civil Engineer,Civil Engineer,Civil Engineer,Software Developer
182,IT Architect I-Network Cloud,it architect i network cloud,it architect i network cloud,it architect,it architect,it architect,it architect,151299,151299,151253,151253,151253,151253,1.0,1.0,0.24530676919117173,0.24530676919117173,0.24530676919117173,0.24530676919117173,False,False,False,False,False,False,True,True,True,True,True,True,True,True,True,True,True,True,Computer Occupation,Computer Occupation,Software Quality Assurance Analyst,Software Quality Assurance Analyst,Software Quality Assurance Analyst,Software Quality Assurance Analyst,Web Developer
183,IT Manager - Solution Delivery,it manager,it manager,it manager,it manager,it manager,it manager,113021,113021,411011,411011,411011,411011,0.8579545454545455,0.8579545454545455,0.22557078928923693,0.22557078928923693,0.22557078928923693,0.22557078928923693,False,False,False,False,False,False,False,False,False,False,False,False,False,False,False,False,False,False,Computer and Information Systems Manager,Computer and Information Systems Manager,Supervisor of Retail Sales Worker,Supervisor of Retail Sales Worker,Supervisor of Retail Sales Worker,Supervisor of Retail Sales Worker,Computer User Support Specialist
184,Adv IT Developer,adv it developer,adv it developer,adv it developer,adv it developer,adv it developer,adv it developer,151299,151299,151251,151251,151251,151251,0.4019332709697536,0.37795044714851195,0.2983923971933565,0.2983923971933565,0.2983923971933565,0.2983923971933565,False,False,False,False,False,False,True,True,True,True,True,True,True,True,True,True,True,True,Computer Occupation,Computer Occupation,Computer Programmer,Computer Programmer,Computer Programmer,Computer Programmer,Software Developer
185,IT Technician,it technician,it technician,it technician,it technician,it technician,it technician,151299,151299,292052,292052,292052,292052,0.3540236198846471,0.30127381091504035,0.3894687597922174,0.3894687597922174,0.3894687597922174,0.3894687597922174,False,False,False,False,False,False,True,True,False,False,False,False,True,True,False,False,False,False,Computer Occupation,Computer Occupation,Pharmacy Technician,Pharmacy Technician,Pharmacy Technician,Pharmacy Technician,Computer User Support Specialist
186,Specialist - IT SCADA,specialist,specialist,specialist it scada,specialist it scada,it scada specialist,it scada specialist,119041,119041,131071,131071,131071,131071,0.2045728038507822,0.2045728038507822,0.08768394413721999,0.08768394413721999,0.08768394413721999,0.08768394413721999,False,False,False,False,False,False,False,False,False,False,False,False,False,False,False,False,False,False,Architectural and Engineering Manager,Architectural and Engineering Manager,Human Resources Specialist,Human Resources Specialist,Human Resources Specialist,Human Resources Specialist,Computer User Support Specialist
187,"Architect, AI Infrastructure",architect ai infrastructure,architect ai infrastructure,architect ai infrastructure,architect ai infrastructure,ai infrastructure architect,ai infrastructure architect,171011,171011,151253,151253,474011,474011,0.37047551454932576,0.37047551454932576,0.24530676919117173,0.24530676919117173,1.0,1.0,False,False,False,False,False,False,False,False,True,True,False,False,False,False,True,True,False,False,Architect,Architect,Software Quality Assurance Analyst,Software Quality Assurance Analyst,Construction/Building Inspector,Construction/Building Inspector,Software Developer
188,"Firmware Engineer (Features / Embedded Systems / Product Software), Bachelors (Meraki)",firmware engineer  bachelors,firmware engineer  bachelors,firmware engineer,firmware engineer,firmware engineer,firmware engineer,151252,151252,151252,151252,151252,151252,0.7816593886462881,0.7816593886462881,0.5,0.5,0.5,0.5,True,True,True,True,True,True,True,True,True,True,True,True,True,True,True,True,True,True,Software Developer,Software Developer,Software Developer,Software Developer,Software Developer,Software Developer,Software Developer
189,Network Architect VPN Cloud Data Center,network architect vpn cloud data center,network architect vpn cloud data center,network architect vpn cloud data center,network architect vpn cloud data center,network architect vpn cloud data center,network architect vpn cloud data center,151241,151241,151241,151241,151241,151241,0.4161392405063291,1.0,0.7054005630918864,0.7054005630918864,0.7054005630918864,0.7054005630918864,False,False,False,False,False,False,True,True,True,True,True,True,True,True,True,True,True,True,Computer Network Architect,Computer Network Architect,Computer Network Architect,Computer Network Architect,Computer Network Architect,Computer Network Architect,Software Developer
190,Software Architect Fellow,software architect fellow,software architect fellow,software architect fellow,software architect fellow,software architect fellow,software architect fellow,151252,151252,151253,151253,151253,151253,0.819620253164557,0.819620253164557,0.37607655502392345,0.37607655502392345,0.37607655502392345,0.37607655502392345,True,True,False,False,False,False,True,True,True,True,True,True,True,True,True,True,True,True,Software Developer,Software Developer,Software Quality Assurance Analyst,Software Quality Assurance Analyst,Software Quality Assurance Analyst,Software Quality Assurance Analyst,Software Developer
191,INFORMATION & DATA ARCHITECT,information  data architect,information  data architect,information data architect,information data architect,information data architect,information data architect,151242,151242,151242,151242,151242,151242,0.6256239600665557,0.6256239600665557,0.4444444444444444,0.4444444444444444,0.4444444444444444,0.4444444444444444,False,False,False,False,False,False,True,True,True,True,True,True,True,True,True,True,True,True,Database Administrator,Database Administrator,Database Administrator,Database Administrator,Database Administrator,Database Administrator,Software Developer
192,SOFTWARE ENGINEER I,software engineer i,software engineer i,software engineer,software engineer,software engineer,software engineer,151252,151252,151253,151253,151253,151253,0.9702525497814473,0.9702525497814473,0.4829541202005838,0.4829541202005838,0.4829541202005838,0.4829541202005838,True,True,False,False,False,False,True,True,True,True,True,True,True,True,True,True,True,True,Software Developer,Software Developer,Software Quality Assurance Analyst,Software Quality Assurance Analyst,Software Quality Assurance Analyst,Software Quality Assurance Analyst,Software Developer
193,"Director, Accounting",director accounting,director accounting,director accounting,director accounting,accounting director,accounting director,132011,132011,119111,119111,113031,113031,1.0,1.0,0.21552535777052473,0.21552535777052473,1.0,1.0,True,True,False,False,False,False,True,True,False,False,False,False,True,True,False,False,False,False,Accountants Auditor,Accountants Auditor,Medical and Health Services Manager,Medical and Health Services Manager,Financial Manager,Financial Manager,Accountants Auditor
194,Client Support Specialist,client support specialist,client support specialist,client support specialist,client support specialist,client support specialist,client support specialist,434051,434051,151232,151232,151232,151232,1.0,1.0,0.6847963571970654,0.6847963571970654,0.6847963571970654,0.6847963571970654,True,True,False,False,False,False,True,True,False,False,False,False,True,True,False,False,False,False,Customer Service Representative,Customer Service Representative,Computer User Support Specialist,Computer User Support Specialist,Computer User Support Specialist,Computer User Support Specialist,Customer Service Representative
195,Accounting Assistant,accounting assistant,accounting assistant,accounting assistant,accounting assistant,accounting assistant,accounting assistant,433031,433031,433031,433031,433031,433031,0.823943661971831,0.823943661971831,0.9353471118177001,0.9353471118177001,0.9353471118177001,0.9353471118177001,False,False,False,False,False,False,False,False,False,False,False,False,False,False,False,False,False,False,Bookkeeping/Accounting/Auditing Clerk,Bookkeeping/Accounting/Auditing Clerk,Bookkeeping/Accounting/Auditing Clerk,Bookkeeping/Accounting/Auditing Clerk,Bookkeeping/Accounting/Auditing Clerk,Bookkeeping/Accounting/Auditing Clerk,Accountants Auditor
196,Credit and Collection Analyst,credit and collection analyst,credit and collection analyst,credit and collection analyst,credit and collection analyst,credit and collection analyst,credit and collection analyst,113031,113031,433011,433011,433011,433011,1.0,1.0,0.75,0.75,0.75,0.75,False,False,False,False,False,False,False,False,True,True,True,True,False,False,True,True,True,True,Financial Manager,Financial Manager,Bill/Account Collector,Bill/Account Collector,Bill/Account Collector,Bill/Account Collector,Bookkeeping/Accounting/Auditing Clerk
197,Revenue Accountant,revenue accountant,revenue accountant,revenue accountant,revenue accountant,revenue accountant,revenue accountant,132011,132011,132011,132011,132011,132011,1.0,1.0,1.0,1.0,1.0,1.0,True,True,True,True,True,True,True,True,True,True,True,True,True,True,True,True,True,True,Accountants Auditor,Accountants Auditor,Accountants Auditor,Accountants Auditor,Accountants Auditor,Accountants Auditor,Accountants Auditor
198,Workplace Services Manager,workplace services manager,workplace services manager,workplace services manager,workplace services manager,workplace services manager,workplace services manager,431011,431011,119111,119111,119111,119111,1.0,1.0,0.5,0.5,0.5,0.5,True,True,False,False,False,False,True,True,False,False,False,False,True,True,False,False,False,False,Supervisor of Office and Administrative Support Workers,Supervisor of Office and Administrative Support Workers,Medical and Health Services Manager,Medical and Health Services Manager,Medical and Health Services Manager,Medical and Health Services Manager,Supervisor of Office and Administrative Support Workers
199,Customer Service Associate,customer service associate,customer service associate,customer service associate,customer service associate,customer service associate,customer service associate,434051,434051,434051,434051,434051,434051,0.813351927662063,0.813351927662063,1.0,1.0,1.0,1.0,True,True,True,True,True,True,True,True,True,True,True,True,True,True,True,True,True,True,Customer Service Representative,Customer Service Representative,Customer Service Representative,Customer Service Representative,Customer Service Representative,Customer Service Representative,Customer Service Representative
200,Customer Success Manager,customer success manager,customer success manager,customer success manager,customer success manager,customer success manager,customer success manager,431011,431011,113071,113071,113071,113071,0.4937888198757764,0.4937888198757764,1.0,1.0,1.0,1.0,False,False,False,False,False,False,False,False,False,False,False,False,True,True,False,False,False,False,Supervisor of Office and Administrative Support Workers,Supervisor of Office and Administrative Support Workers,"Transportation, Storage, and Distribution Manager","Transportation, Storage, and Distribution Manager","Transportation, Storage, and Distribution Manager","Transportation, Storage, and Distribution Manager",Customer Service Representative
201,"Director, Organizational Development",director organizational development,director organizational development,director organizational development,director organizational development,director organizational development,director organizational development,193032,193032,113131,113131,113131,113131,0.7652582159624414,0.7652582159624414,1.0,1.0,1.0,1.0,True,True,False,False,False,False,True,True,False,False,False,False,True,True,False,False,False,False,Industrial-Organizational Psychologist,Industrial-Organizational Psychologist,Training and Development Manager,Training and Development Manager,Training and Development Manager,Training and Development Manager,Industrial-Organizational Psychologist
202,Customer Support Representative,customer support representative,customer support representative,customer support representative,customer support representative,customer support representative,customer support representative,434051,434051,434051,434051,434051,434051,0.7282321899736147,0.7282321899736147,0.6552521980564554,0.6552521980564554,0.6552521980564554,0.6552521980564554,True,True,True,True,True,True,True,True,True,True,True,True,True,True,True,True,True,True,Customer Service Representative,Customer Service Representative,Customer Service Representative,Customer Service Representative,Customer Service Representative,Customer Service Representative,Customer Service Representative
203,"Manager, Strategic Finance",manager strategic finance,manager strategic finance,manager strategic finance,manager strategic finance,strategic finance manager,strategic finance manager,411012,411012,411011,411011,113031,113031,1.0,1.0,0.22557078928923693,0.22557078928923693,0.5,0.5,False,False,False,False,True,True,False,False,False,False,True,True,False,False,False,False,True,True,Supervisor of Non-Retail Sales Worker,Supervisor of Non-Retail Sales Worker,Supervisor of Retail Sales Worker,Supervisor of Retail Sales Worker,Financial Manager,Financial Manager,Financial Manager
204,"Senior Accountant, Technical Accounting & SEC Reporting",senior accountant technical accounting  sec reporting,senior accountant technical accounting  sec reporting,accountant technical accounting sec reporting,accountant technical accounting sec reporting,technical accounting sec reporting accountant,technical accounting sec reporting accountant,132011,132011,132011,132011,132011,132011,0.28248021290567865,0.28248021290567865,0.9948859600662932,0.9948859600662932,1.0,1.0,True,True,True,True,True,True,True,True,True,True,True,True,True,True,True,True,True,True,Accountants Auditor,Accountants Auditor,Accountants Auditor,Accountants Auditor,Accountants Auditor,Accountants Auditor,Accountants Auditor
205,Network and Security Admin,network and security admin,network and security admin,network and security admin,network and security admin,network and security admin,network and security admin,151241,151241,,,,,1.0,1.0,,,,,False,False,False,False,False,False,True,True,False,False,False,False,True,True,False,False,False,False,Computer Network Architect,Computer Network Architect,unknown,unknown,unknown,unknown,Database Administrator
206,Human Resource Systems Manager,human resource systems manager,human resource systems manager,human resource systems manager,human resource systems manager,human resource systems manager,human resource systems manager,113021,434161,113021,113021,113021,113021,0.2659698025551684,0.33860759493670883,1.0,1.0,1.0,1.0,False,False,False,False,False,False,True,False,True,True,True,True,True,False,True,True,True,True,Computer and Information Systems Manager,Human Resources Assistant,Computer and Information Systems Manager,Computer and Information Systems Manager,Computer and Information Systems Manager,Computer and Information Systems Manager,Human Resources Manager
207,Senior IT Business Systems Analyst,senior it business systems analyst,senior it business systems analyst,it business systems analyst,it business systems analyst,it business systems analyst,it business systems analyst,151211,151211,151211,151211,151211,151211,0.5081967213114754,0.48753894080996885,0.9999999999999999,0.9999999999999999,0.9999999999999999,0.9999999999999999,False,False,False,False,False,False,False,False,False,False,False,False,True,True,True,True,True,True,Computer Analyst,Computer Analyst,Computer Analyst,Computer Analyst,Computer Analyst,Computer Analyst,Data Scientist
208,HR Communications and Program Manager,hr communications and program manager,hr communications and program manager,hr communications and program manager,hr communications and program manager,hr communications and program manager,hr communications and program manager,254012,113071,111021,111021,111021,111021,0.23618090452261306,0.5,1.0,1.0,1.0,1.0,False,False,False,False,False,False,False,True,False,False,False,False,False,True,True,True,True,True,Curator,"Transportation, Storage, and Distribution Manager",Operations Manager,Operations Manager,Operations Manager,Operations Manager,Human Resources Manager
209,"Senior Analyst, BI / Visualizations",senior analyst bi   visualizations,senior analyst bi   visualizations,analyst bi visualizations,analyst bi visualizations,bi visualizations analyst,bi visualizations analyst,131161,131161,151211,151211,151211,151211,0.3311081441922563,0.31038798498122655,0.11418820762330804,0.11418820762330804,0.11418820762330804,0.11418820762330804,False,False,False,False,False,False,False,False,False,False,False,False,False,False,True,True,True,True,Market Research Analyst or Marketing Specialist,Market Research Analyst or Marketing Specialist,Computer Analyst,Computer Analyst,Computer Analyst,Computer Analyst,Statistician
210,Digital Analytics Consultant (Remote - USA),digital analytics consultant remote,digital analytics consultant remote,digital analytics consultant,digital analytics consultant,digital analytics consultant,digital analytics consultant,152031,152031,152031,152031,152031,152031,0.5,0.5,1.0,1.0,1.0,1.0,False,False,False,False,False,False,True,True,True,True,True,True,True,True,True,True,True,True,Operations Research Analyst,Operations Research Analyst,Operations Research Analyst,Operations Research Analyst,Operations Research Analyst,Operations Research Analyst,Data Scientist
211,Data Analyst,data analyst,data analyst,data analyst,data analyst,data analyst,data analyst,151211,151211,152041,152041,152041,152041,0.16201117318435754,0.16201117318435754,0.1651008392834774,0.1651008392834774,0.1651008392834774,0.1651008392834774,False,False,False,False,False,False,False,False,True,True,True,True,True,True,True,True,True,True,Computer Analyst,Computer Analyst,Statistician,Statistician,Statistician,Statistician,Data Scientist
212,Data Operations Analyst,data operations analyst,data operations analyst,data operations analyst,data operations analyst,data operations analyst,data operations analyst,113021,113021,152031,152031,152031,152031,1.0,1.0,0.7229268292682927,0.7229268292682927,0.7229268292682927,0.7229268292682927,False,False,False,False,False,False,False,False,True,True,True,True,False,False,True,True,True,True,Computer and Information Systems Manager,Computer and Information Systems Manager,Operations Research Analyst,Operations Research Analyst,Operations Research Analyst,Operations Research Analyst,Data Scientist
213,DATA WAREHOUSE ARCHITECT,data warehouse architect,data warehouse architect,data warehouse architect,data warehouse architect,data warehouse architect,data warehouse architect,151243,151243,131082,131082,131082,131082,1.0,1.0,0.2710601719197708,0.2710601719197708,0.2710601719197708,0.2710601719197708,True,True,False,False,False,False,True,True,False,False,False,False,True,True,False,False,False,False,Database Architect,Database Architect,Project Management Specialist,Project Management Specialist,Project Management Specialist,Project Management Specialist,Database Architect
214,DATA VISUALIZATION ANALYST,data visualization analyst,data visualization analyst,data visualization analyst,data visualization analyst,data visualization analyst,data visualization analyst,152051,152051,152031,152031,152031,152031,1.0,1.0,1.0,1.0,1.0,1.0,True,True,False,False,False,False,True,True,True,True,True,True,True,True,True,True,True,True,Data Scientist,Data Scientist,Operations Research Analyst,Operations Research Analyst,Operations Research Analyst,Operations Research Analyst,Data Scientist
215,SENIOR SYSTEMS ADMINISTRATOR,senior systems administrator,senior systems administrator,systems administrator,systems administrator,systems administrator,systems administrator,151244,151244,151244,151244,151244,151244,0.9567154678548694,0.9567154678548694,0.8111517598082503,0.8111517598082503,0.8111517598082503,0.8111517598082503,False,False,False,False,False,False,True,True,True,True,True,True,True,True,True,True,True,True,Network and Computer Systems Administrator,Network and Computer Systems Administrator,Network and Computer Systems Administrator,Network and Computer Systems Administrator,Network and Computer Systems Administrator,Network and Computer Systems Administrator,Database Administrator
216,Senior HR Business Partner,senior hr business partner,senior hr business partner,hr business partner,hr business partner,hr business partner,hr business partner,113031,113031,132011,132011,132011,132011,0.8175182481751825,0.8175182481751825,0.7579927154997976,0.7579927154997976,0.7579927154997976,0.7579927154997976,False,False,False,False,False,False,True,True,False,False,False,False,True,True,False,False,False,False,Financial Manager,Financial Manager,Accountants Auditor,Accountants Auditor,Accountants Auditor,Accountants Auditor,Human Resources Manager
217,Systems Administrator II,systems administrator ii,systems administrator ii,systems administrator,systems administrator,systems administrator,systems administrator,151244,151244,151244,151244,151244,151244,0.9567154678548694,0.9567154678548694,0.8111517598082503,0.8111517598082503,0.8111517598082503,0.8111517598082503,False,False,False,False,False,False,True,True,True,True,True,True,True,True,True,True,True,True,Network and Computer Systems Administrator,Network and Computer Systems Administrator,Network and Computer Systems Administrator,Network and Computer Systems Administrator,Network and Computer Systems Administrator,Network and Computer Systems Administrator,Database Administrator
218,HR/Facilities Admin,hr facilities admin,hr facilities admin,hr facilities admin,hr facilities admin,hr facilities admin,hr facilities admin,131071,131071,,,,,0.541952506596306,0.541952506596306,,,,,False,False,False,False,False,False,False,False,False,False,False,False,False,False,False,False,False,False,Human Resources Specialist,Human Resources Specialist,unknown,unknown,unknown,unknown,Human Resources Manager
219,Sr. Business Analyst,sr business analyst,sr business analyst,business analyst,business analyst,business analyst,business analyst,131111,131111,131111,131111,131111,131111,0.9356517624792997,0.9356517624792997,0.6451921453890733,0.6451921453890733,0.6451921453890733,0.6451921453890733,False,False,False,False,False,False,False,False,False,False,False,False,False,False,False,False,False,False,Management Analyst,Management Analyst,Management Analyst,Management Analyst,Management Analyst,Management Analyst,Data Scientist
220,People Operations Manager,people operations manager,people operations manager,people operations manager,people operations manager,people operations manager,people operations manager,111021,111021,111021,111021,111021,111021,0.9003601440576231,0.9003601440576231,1.0,1.0,1.0,1.0,False,False,False,False,False,False,False,False,False,False,False,False,True,True,True,True,True,True,Operations Manager,Operations Manager,Operations Manager,Operations Manager,Operations Manager,Operations Manager,Human Resources Manager
221,Sr. Marketing Data Analyst,sr marketing data analyst,sr marketing data analyst,marketing data analyst,marketing data analyst,marketing data analyst,marketing data analyst,151211,151211,131082,131082,131082,131082,0.16201117318435754,0.16201117318435754,0.1924686192468619,0.1924686192468619,0.1924686192468619,0.1924686192468619,False,False,False,False,False,False,False,False,False,False,False,False,True,True,False,False,False,False,Computer Analyst,Computer Analyst,Project Management Specialist,Project Management Specialist,Project Management Specialist,Project Management Specialist,Data Scientist
222,Lead Data Architect,lead data architect,lead data architect,data architect,data architect,data architect,data architect,151242,151242,151243,151243,151243,151243,0.6256239600665557,0.6256239600665557,0.19014933193607547,0.19014933193607547,0.19014933193607547,0.19014933193607547,False,False,True,True,True,True,True,True,True,True,True,True,True,True,True,True,True,True,Database Administrator,Database Administrator,Database Architect,Database Architect,Database Architect,Database Architect,Database Architect
223,Analytics Engineer (Intermediate/Sr. Level) - ASO,analytics engineer,analytics engineer,analytics engineer,analytics engineer,analytics engineer,analytics engineer,172199,172199,152031,152031,152031,152031,0.1007223113964687,0.1007223113964687,0.7849462365591399,0.7849462365591399,0.7849462365591399,0.7849462365591399,False,False,False,False,False,False,False,False,True,True,True,True,False,False,True,True,True,True,Engineer,Engineer,Operations Research Analyst,Operations Research Analyst,Operations Research Analyst,Operations Research Analyst,Data Scientist
224,Data Manager,data manager,data manager,data manager,data manager,data manager,data manager,113021,113021,113021,113021,113021,113021,0.576271186440678,0.576271186440678,1.0,1.0,1.0,1.0,False,False,False,False,False,False,False,False,False,False,False,False,False,False,False,False,False,False,Computer and Information Systems Manager,Computer and Information Systems Manager,Computer and Information Systems Manager,Computer and Information Systems Manager,Computer and Information Systems Manager,Computer and Information Systems Manager,Database Architect
225,Data Engineer,data engineer,data engineer,data engineer,data engineer,data engineer,data engineer,151242,151242,151253,151253,151253,151253,0.76905311778291,0.76905311778291,0.20862916439104312,0.20862916439104312,0.20862916439104312,0.20862916439104312,False,False,False,False,False,False,True,True,True,True,True,True,True,True,True,True,True,True,Database Administrator,Database Administrator,Software Quality Assurance Analyst,Software Quality Assurance Analyst,Software Quality Assurance Analyst,Software Quality Assurance Analyst,Database Architect
226,Software Engineer - Data Infrastructure,software engineer,software engineer,software engineer,software engineer,software engineer,software engineer,151252,151252,151253,151253,151253,151253,0.9702525497814473,0.9702525497814473,0.4829541202005838,0.4829541202005838,0.4829541202005838,0.4829541202005838,False,False,False,False,False,False,True,True,True,True,True,True,True,True,True,True,True,True,Software Developer,Software Developer,Software Quality Assurance Analyst,Software Quality Assurance Analyst,Software Quality Assurance Analyst,Software Quality Assurance Analyst,Database Architect
227,Principal Machine Learning Scientist,principal machine learning scientist,principal machine learning scientist,machine learning scientist,machine learning scientist,machine learning scientist,machine learning scientist,151221,151221,193032,193032,193032,193032,0.5,0.5,1.0,1.0,1.0,1.0,False,False,False,False,False,False,False,False,False,False,False,False,True,True,False,False,False,False,Computer and Information Research Scientist,Computer and Information Research Scientist,Industrial-Organizational Psychologist,Industrial-Organizational Psychologist,Industrial-Organizational Psychologist,Industrial-Organizational Psychologist,Statistician
228,Senior OBIEE Administrator,senior obiee administrator,senior obiee administrator,obiee administrator,obiee administrator,obiee administrator,obiee administrator,111011,111011,151244,151244,151244,151244,0.5,0.5,0.29002097031045515,0.29002097031045515,0.29002097031045515,0.29002097031045515,False,False,False,False,False,False,False,False,True,True,True,True,False,False,True,True,True,True,Chief Executive,Chief Executive,Network and Computer Systems Administrator,Network and Computer Systems Administrator,Network and Computer Systems Administrator,Network and Computer Systems Administrator,Database Administrator
229,Business Analyst,business analyst,business analyst,business analyst,business analyst,business analyst,business analyst,131111,131111,131111,131111,131111,131111,0.9356517624792997,0.9356517624792997,0.6451921453890733,0.6451921453890733,0.6451921453890733,0.6451921453890733,False,False,False,False,False,False,False,False,False,False,False,False,False,False,False,False,False,False,Management Analyst,Management Analyst,Management Analyst,Management Analyst,Management Analyst,Management Analyst,Data Scientist
230,"People Director, Medium Segment",people director medium segment,people director medium segment,people director medium segment,people director medium segment,people director medium segment,people director medium segment,119199,119199,272091,272091,272091,272091,0.13438786008230455,0.13184456220035326,0.5,0.5,0.5,0.5,False,False,False,False,False,False,False,False,False,False,False,False,True,True,False,False,False,False,Manager,Manager,Disc Jockey,Disc Jockey,Disc Jockey,Disc Jockey,Human Resources Manager
231,Data Scientist,data scientist,data scientist,data scientist,data scientist,data scientist,data scientist,151242,151242,151243,151243,151243,151243,0.8103666245259167,0.8103666245259167,0.2225497420781135,0.2225497420781135,0.2225497420781135,0.2225497420781135,False,False,False,False,False,False,False,False,False,False,False,False,True,True,True,True,True,True,Database Administrator,Database Administrator,Database Architect,Database Architect,Database Architect,Database Architect,Statistician
232,Lead Data Engineer,lead data engineer,lead data engineer,data engineer,data engineer,data engineer,data engineer,151242,151242,151253,151253,151253,151253,0.76905311778291,0.76905311778291,0.20862916439104312,0.20862916439104312,0.20862916439104312,0.20862916439104312,False,False,False,False,False,False,True,True,True,True,True,True,True,True,True,True,True,True,Database Administrator,Database Administrator,Software Quality Assurance Analyst,Software Quality Assurance Analyst,Software Quality Assurance Analyst,Software Quality Assurance Analyst,Database Architect
233,Head of Human Resources,head of human resources,head of human resources,human resources head,human resources head,human resources head,human resources head,113121,111021,,,,,0.26666666666666666,0.5,,,,,True,False,False,False,False,False,True,False,False,False,False,False,True,True,False,False,False,False,Human Resources Manager,Operations Manager,unknown,unknown,unknown,unknown,Human Resources Manager
234,Sr Business Intelligence Analyst,sr business intelligence analyst,sr business intelligence analyst,business intelligence analyst,business intelligence analyst,business intelligence analyst,business intelligence analyst,151299,151299,131082,131082,131082,131082,0.8820754716981132,0.8820754716981132,0.2,0.2,0.2,0.2,False,False,False,False,False,False,False,False,False,False,False,False,True,True,False,False,False,False,Computer Occupation,Computer Occupation,Project Management Specialist,Project Management Specialist,Project Management Specialist,Project Management Specialist,Data Scientist
235,Senior Solutions Architect,senior solutions architect,senior solutions architect,solutions architect,solutions architect,solutions architect,solutions architect,151241,151241,151253,151253,151253,151253,0.2,0.2,0.4909117972975208,0.4909117972975208,0.4909117972975208,0.4909117972975208,False,False,False,False,False,False,True,True,True,True,True,True,True,True,True,True,True,True,Computer Network Architect,Computer Network Architect,Software Quality Assurance Analyst,Software Quality Assurance Analyst,Software Quality Assurance Analyst,Software Quality Assurance Analyst,Database Architect
236,Data Intelligence Analyst,data intelligence analyst,data intelligence analyst,data intelligence analyst,data intelligence analyst,data intelligence analyst,data intelligence analyst,333021,333021,131082,131082,131082,131082,0.42363112391930835,0.42363112391930835,0.2,0.2,0.2,0.2,False,False,False,False,False,False,False,False,False,False,False,False,False,False,False,False,False,False,Detective or Criminal Investigator,Detective or Criminal Investigator,Project Management Specialist,Project Management Specialist,Project Management Specialist,Project Management Specialist,Data Scientist
237,Senior Data Scientist,senior data scientist,senior data scientist,data scientist,data scientist,data scientist,data scientist,151242,151242,151243,151243,151243,151243,0.8103666245259167,0.8103666245259167,0.2225497420781135,0.2225497420781135,0.2225497420781135,0.2225497420781135,False,False,False,False,False,False,False,False,False,False,False,False,True,True,True,True,True,True,Database Administrator,Database Administrator,Database Architect,Database Architect,Database Architect,Database Architect,Statistician
238,Technical Solutions Manager,technical solutions manager,technical solutions manager,technical solutions manager,technical solutions manager,technical solutions manager,technical solutions manager,113021,113021,113021,113021,113021,113021,1.0,1.0,1.0,1.0,1.0,1.0,False,False,False,False,False,False,False,False,False,False,False,False,False,False,False,False,False,False,Computer and Information Systems Manager,Computer and Information Systems Manager,Computer and Information Systems Manager,Computer and Information Systems Manager,Computer and Information Systems Manager,Computer and Information Systems Manager,Database Architect
239,Cloud Engineer,cloud engineer,cloud engineer,cloud engineer,cloud engineer,cloud engineer,cloud engineer,172199,172199,151243,151243,151243,151243,1.0,1.0,0.39999999999999997,0.39999999999999997,0.39999999999999997,0.39999999999999997,False,False,True,True,True,True,False,False,True,True,True,True,False,False,True,True,True,True,Engineer,Engineer,Database Architect,Database Architect,Database Architect,Database Architect,Database Architect
240,Human Resources Manager,human resources manager,human resources manager,human resources manager,human resources manager,human resources manager,human resources manager,113121,113121,113121,113121,113121,113121,1.0,1.0,1.0,1.0,1.0,1.0,True,True,True,True,True,True,True,True,True,True,True,True,True,True,True,True,True,True,Human Resources Manager,Human Resources Manager,Human Resources Manager,Human Resources Manager,Human Resources Manager,Human Resources Manager,Human Resources Manager
241,Systems Engineer / Developer,systems engineer   developer,systems engineer   developer,systems engineer developer,systems engineer developer,systems engineer developer,systems engineer developer,151252,151252,151252,151252,151252,151252,0.7726239199636198,0.7726239199636198,0.43478260869565216,0.43478260869565216,0.43478260869565216,0.43478260869565216,False,False,False,False,False,False,True,True,True,True,True,True,True,True,True,True,True,True,Software Developer,Software Developer,Software Developer,Software Developer,Software Developer,Software Developer,Database Architect
242,Senior Business Analyst,senior business analyst,senior business analyst,business analyst,business analyst,business analyst,business analyst,131111,131111,131111,131111,131111,131111,0.9356517624792997,0.9356517624792997,0.6451921453890733,0.6451921453890733,0.6451921453890733,0.6451921453890733,False,False,False,False,False,False,False,False,False,False,False,False,False,False,False,False,False,False,Management Analyst,Management Analyst,Management Analyst,Management Analyst,Management Analyst,Management Analyst,Data Scientist
243,SOLUTION ARCHITECT,solution architect,solution architect,solution architect,solution architect,solution architect,solution architect,151252,151252,131082,131082,131082,131082,0.5118050266565118,0.5118050266565118,0.18132726337644525,0.18132726337644525,0.18132726337644525,0.18132726337644525,False,False,False,False,False,False,True,True,False,False,False,False,True,True,False,False,False,False,Software Developer,Software Developer,Project Management Specialist,Project Management Specialist,Project Management Specialist,Project Management Specialist,Database Architect
244,KRONOS BUSINESS ANALYST,kronos business analyst,kronos business analyst,kronos business analyst,kronos business analyst,kronos business analyst,kronos business analyst,131111,131111,131111,131111,131111,131111,0.9356517624792997,0.9356517624792997,0.6451921453890733,0.6451921453890733,0.6451921453890733,0.6451921453890733,False,False,False,False,False,False,False,False,False,False,False,False,False,False,False,False,False,False,Management Analyst,Management Analyst,Management Analyst,Management Analyst,Management Analyst,Management Analyst,Data Scientist
245,"Director, Human Resources",director human resources,director human resources,director human resources,director human resources,human resources director,human resources director,113121,113121,119111,119111,113121,113121,1.0,1.0,0.21552535777052473,0.21552535777052473,1.0,1.0,True,True,False,False,True,True,True,True,False,False,True,True,True,True,True,True,True,True,Human Resources Manager,Human Resources Manager,Medical and Health Services Manager,Medical and Health Services Manager,Human Resources Manager,Human Resources Manager,Human Resources Manager
246,Solution Architect,solution architect,solution architect,solution architect,solution architect,solution architect,solution architect,151252,151252,131082,131082,131082,131082,0.5118050266565118,0.5118050266565118,0.18132726337644525,0.18132726337644525,0.18132726337644525,0.18132726337644525,False,False,False,False,False,False,True,True,False,False,False,False,True,True,False,False,False,False,Software Developer,Software Developer,Project Management Specialist,Project Management Specialist,Project Management Specialist,Project Management Specialist,Database Architect
247,Lead Business Analyst,lead business analyst,lead business analyst,business analyst,business analyst,business analyst,business analyst,131111,131111,131111,131111,131111,131111,0.9356517624792997,0.9356517624792997,0.6451921453890733,0.6451921453890733,0.6451921453890733,0.6451921453890733,False,False,False,False,False,False,False,False,False,False,False,False,False,False,False,False,False,False,Management Analyst,Management Analyst,Management Analyst,Management Analyst,Management Analyst,Management Analyst,Data Scientist
248,Cloud Integration Developer,cloud integration developer,cloud integration developer,cloud integration developer,cloud integration developer,cloud integration developer,cloud integration developer,113021,113021,259031,259031,259031,259031,0.6428571428571428,0.6428571428571428,1.0,1.0,1.0,1.0,False,False,False,False,False,False,False,False,False,False,False,False,False,False,False,False,False,False,Computer and Information Systems Manager,Computer and Information Systems Manager,Instructional Coordinator,Instructional Coordinator,Instructional Coordinator,Instructional Coordinator,Database Architect
249,Business Analyst,business analyst,business analyst,business analyst,business analyst,business analyst,business analyst,131111,131111,131111,131111,131111,131111,0.9356517624792997,0.9356517624792997,0.6451921453890733,0.6451921453890733,0.6451921453890733,0.6451921453890733,False,False,False,False,False,False,False,False,False,False,False,False,False,False,False,False,False,False,Management Analyst,Management Analyst,Management Analyst,Management Analyst,Management Analyst,Management Analyst,Data Scientist
250,"Software Architect - ""Enterprise SaaS built on Rails""",software architect,software architect,software architect,software architect,software architect,software architect,151252,151252,151253,151253,151253,151253,0.819620253164557,0.819620253164557,0.37607655502392345,0.37607655502392345,0.37607655502392345,0.37607655502392345,False,False,False,False,False,False,True,True,True,True,True,True,True,True,True,True,True,True,Software Developer,Software Developer,Software Quality Assurance Analyst,Software Quality Assurance Analyst,Software Quality Assurance Analyst,Software Quality Assurance Analyst,Database Architect
251,Systems Engineer,systems engineer,systems engineer,systems engineer,systems engineer,systems engineer,systems engineer,151252,151252,151253,151253,151253,151253,0.7726239199636198,0.7726239199636198,0.30358453288173864,0.30358453288173864,0.30358453288173864,0.30358453288173864,False,False,False,False,False,False,True,True,True,True,True,True,True,True,True,True,True,True,Software Developer,Software Developer,Software Quality Assurance Analyst,Software Quality Assurance Analyst,Software Quality Assurance Analyst,Software Quality Assurance Analyst,Database Architect
252,Senior Data Scientist,senior data scientist,senior data scientist,data scientist,data scientist,data scientist,data scientist,151242,151242,151243,151243,151243,151243,0.8103666245259167,0.8103666245259167,0.2225497420781135,0.2225497420781135,0.2225497420781135,0.2225497420781135,False,False,False,False,False,False,False,False,False,False,False,False,True,True,True,True,True,True,Database Administrator,Database Administrator,Database Architect,Database Architect,Database Architect,Database Architect,Statistician
253,Senior Data Analyst,senior data analyst,senior data analyst,data analyst,data analyst,data analyst,data analyst,151211,151211,152041,152041,152041,152041,0.16201117318435754,0.16201117318435754,0.1651008392834774,0.1651008392834774,0.1651008392834774,0.1651008392834774,False,False,False,False,False,False,False,False,True,True,True,True,True,True,True,True,True,True,Computer Analyst,Computer Analyst,Statistician,Statistician,Statistician,Statistician,Data Scientist
254,"Analyst, Business Analytics",analyst business analytics,analyst business analytics,analyst business analytics,analyst business analytics,business analytics analyst,business analytics analyst,251011,251011,151211,151211,152031,152031,1.0,1.0,0.11418820762330804,0.11418820762330804,1.0,1.0,False,False,False,False,False,False,False,False,False,False,True,True,False,False,True,True,True,True,Business Instructor (Postsecondary),Business Instructor (Postsecondary),Computer Analyst,Computer Analyst,Operations Research Analyst,Operations Research Analyst,Data Scientist
255,Human Resources Business Partner,human resources business partner,human resources business partner,human resources business partner,human resources business partner,human resources business partner,human resources business partner,113121,113121,132011,132011,132011,132011,0.3076923076923077,0.3076923076923077,0.7579927154997976,0.7579927154997976,0.7579927154997976,0.7579927154997976,True,True,False,False,False,False,True,True,False,False,False,False,True,True,False,False,False,False,Human Resources Manager,Human Resources Manager,Accountants Auditor,Accountants Auditor,Accountants Auditor,Accountants Auditor,Human Resources Manager
256,Fair and Responsible Banking Data Analyst,fair and responsible banking data analyst,fair and responsible banking data analyst,fair and responsible banking data analyst,fair and responsible banking data analyst,fair and responsible banking data analyst,fair and responsible banking data analyst,151211,151211,152041,152041,152041,152041,0.16201117318435754,0.16201117318435754,0.1651008392834774,0.1651008392834774,0.1651008392834774,0.1651008392834774,False,False,False,False,False,False,False,False,True,True,True,True,True,True,True,True,True,True,Computer Analyst,Computer Analyst,Statistician,Statistician,Statistician,Statistician,Data Scientist
257,Sr. Network Cloud Engineer,sr network cloud engineer,sr network cloud engineer,network cloud engineer,network cloud engineer,network cloud engineer,network cloud engineer,172199,172199,151241,151241,151241,151241,1.0,1.0,1.0,1.0,1.0,1.0,False,False,False,False,False,False,False,False,True,True,True,True,False,False,True,True,True,True,Engineer,Engineer,Computer Network Architect,Computer Network Architect,Computer Network Architect,Computer Network Architect,Database Architect
258,Data Platform Architect,data platform architect,data platform architect,data platform architect,data platform architect,data platform architect,data platform architect,171011,171011,151242,151242,151242,151242,1.0,1.0,0.5,0.5,0.5,0.5,False,False,False,False,False,False,False,False,True,True,True,True,False,False,True,True,True,True,Architect,Architect,Database Administrator,Database Administrator,Database Administrator,Database Administrator,Database Architect
259,Senior Business Analyst,senior business analyst,senior business analyst,business analyst,business analyst,business analyst,business analyst,131111,131111,131111,131111,131111,131111,0.9356517624792997,0.9356517624792997,0.6451921453890733,0.6451921453890733,0.6451921453890733,0.6451921453890733,False,False,False,False,False,False,False,False,False,False,False,False,False,False,False,False,False,False,Management Analyst,Management Analyst,Management Analyst,Management Analyst,Management Analyst,Management Analyst,Data Scientist
260,Data Engineer,data engineer,data engineer,data engineer,data engineer,data engineer,data engineer,151242,151242,151253,151253,151253,151253,0.76905311778291,0.76905311778291,0.20862916439104312,0.20862916439104312,0.20862916439104312,0.20862916439104312,False,False,False,False,False,False,True,True,True,True,True,True,True,True,True,True,True,True,Database Administrator,Database Administrator,Software Quality Assurance Analyst,Software Quality Assurance Analyst,Software Quality Assurance Analyst,Software Quality Assurance Analyst,Database Architect
261,Data Engineer,data engineer,data engineer,data engineer,data engineer,data engineer,data engineer,151242,151242,151253,151253,151253,151253,0.76905311778291,0.76905311778291,0.20862916439104312,0.20862916439104312,0.20862916439104312,0.20862916439104312,False,False,False,False,False,False,True,True,True,True,True,True,True,True,True,True,True,True,Database Administrator,Database Administrator,Software Quality Assurance Analyst,Software Quality Assurance Analyst,Software Quality Assurance Analyst,Software Quality Assurance Analyst,Database Architect
262,Business Analytics Lead,business analytics lead,business analytics lead,business analytics lead,business analytics lead,business analytics lead,business analytics lead,251011,251011,152031,152031,152031,152031,1.0,1.0,1.0,1.0,1.0,1.0,False,False,False,False,False,False,False,False,True,True,True,True,False,False,True,True,True,True,Business Instructor (Postsecondary),Business Instructor (Postsecondary),Operations Research Analyst,Operations Research Analyst,Operations Research Analyst,Operations Research Analyst,Data Scientist
263,Junior Database Reliability Engineer,junior database reliability engineer,junior database reliability engineer,junior database reliability engineer,junior database reliability engineer,junior database reliability engineer,junior database reliability engineer,172199,172199,172199,172199,172199,172199,0.5565410199556541,0.5565410199556541,1.0,1.0,1.0,1.0,False,False,False,False,False,False,False,False,False,False,False,False,False,False,False,False,False,False,Engineer,Engineer,Engineer,Engineer,Engineer,Engineer,Database Administrator
264,"Associate Director, Statistical Programming",associate director statistical programming,associate director statistical programming,director statistical programming,director statistical programming,statistical programming director,statistical programming director,113051,113051,119111,119111,272012,272012,1.0,1.0,0.21552535777052473,0.21552535777052473,1.0,1.0,False,False,False,False,False,False,False,False,False,False,False,False,False,False,False,False,False,False,Industrial Production Manager,Industrial Production Manager,Medical and Health Services Manager,Medical and Health Services Manager,Producer/Director,Producer/Director,Statistician
265,"Sr Manager, Human Resources Business Partner, Medical Affairs",sr manager human resources business partner medical affairs,sr manager human resources business partner medical affairs,manager human resources business partner medical affairs,manager human resources business partner medical affairs,human resources business partner medical affairs manager,human resources business partner medical affairs manager,113121,113121,132011,132011,119199,119199,1.0,1.0,0.7579927154997976,0.7579927154997976,1.0,1.0,True,True,False,False,False,False,True,True,False,False,False,False,True,True,False,False,True,True,Human Resources Manager,Human Resources Manager,Accountants Auditor,Accountants Auditor,Manager,Manager,Human Resources Manager
266,Sr Business Analyst - R&D Systems,sr business analyst,sr business analyst,business analyst,business analyst,business analyst,business analyst,131111,131111,131111,131111,131111,131111,0.9356517624792997,0.9356517624792997,0.6451921453890733,0.6451921453890733,0.6451921453890733,0.6451921453890733,False,False,False,False,False,False,False,False,False,False,False,False,False,False,False,False,False,False,Management Analyst,Management Analyst,Management Analyst,Management Analyst,Management Analyst,Management Analyst,Data Scientist
267,Senior Quantitative Behavioral Scientist,senior quantitative behavioral scientist,senior quantitative behavioral scientist,quantitative behavioral scientist,quantitative behavioral scientist,quantitative behavioral scientist,quantitative behavioral scientist,193099,193099,193091,193091,193091,193091,0.6666666666666667,0.6666666666666667,0.5,0.5,0.5,0.5,False,False,False,False,False,False,False,False,False,False,False,False,False,False,False,False,False,False,Social Scientist,Social Scientist,Anthropologists/Archeologist,Anthropologists/Archeologist,Anthropologists/Archeologist,Anthropologists/Archeologist,Statistician
268,"Sr. Manager, HR Business Partner",sr manager hr business partner,sr manager hr business partner,manager hr business partner,manager hr business partner,manager hr business partner,manager hr business partner,113031,113031,132011,132011,132011,132011,0.8175182481751825,0.8175182481751825,0.7579927154997976,0.7579927154997976,0.7579927154997976,0.7579927154997976,False,False,False,False,False,False,True,True,False,False,False,False,True,True,False,False,False,False,Financial Manager,Financial Manager,Accountants Auditor,Accountants Auditor,Accountants Auditor,Accountants Auditor,Human Resources Manager
269,Data Scientist,data scientist,data scientist,data scientist,data scientist,data scientist,data scientist,151242,151242,151243,151243,151243,151243,0.8103666245259167,0.8103666245259167,0.2225497420781135,0.2225497420781135,0.2225497420781135,0.2225497420781135,False,False,False,False,False,False,False,False,False,False,False,False,True,True,True,True,True,True,Database Administrator,Database Administrator,Database Architect,Database Architect,Database Architect,Database Architect,Statistician
270,Data Engineer,data engineer,data engineer,data engineer,data engineer,data engineer,data engineer,151242,151242,151253,151253,151253,151253,0.76905311778291,0.76905311778291,0.20862916439104312,0.20862916439104312,0.20862916439104312,0.20862916439104312,False,False,False,False,False,False,True,True,True,True,True,True,True,True,True,True,True,True,Database Administrator,Database Administrator,Software Quality Assurance Analyst,Software Quality Assurance Analyst,Software Quality Assurance Analyst,Software Quality Assurance Analyst,Database Architect
271,Big Data Architect,big data architect,big data architect,big data architect,big data architect,big data architect,big data architect,151242,151242,151242,151242,151242,151242,1.0,1.0,0.5,0.5,0.5,0.5,False,False,False,False,False,False,True,True,True,True,True,True,True,True,True,True,True,True,Database Administrator,Database Administrator,Database Administrator,Database Administrator,Database Administrator,Database Administrator,Database Architect
272,PEOPLE RELATIONS MANAGER,people relations manager,people relations manager,people relations manager,people relations manager,people relations manager,people relations manager,113131,113131,113121,113121,113121,113121,0.17409365558912387,0.17575295463210064,0.40206975852817173,0.40206975852817173,0.40206975852817173,0.40206975852817173,False,False,True,True,True,True,True,True,True,True,True,True,True,True,True,True,True,True,Training and Development Manager,Training and Development Manager,Human Resources Manager,Human Resources Manager,Human Resources Manager,Human Resources Manager,Human Resources Manager
273,Predictive Analytics,predictive analytics,predictive analytics,predictive analytics,predictive analytics,predictive analytics,predictive analytics,173029,173029,,,,,0.5,1.0,,,,,False,False,False,False,False,False,False,False,False,False,False,False,False,False,False,False,False,False,Engineering Technologists/Technician,Engineering Technologists/Technician,unknown,unknown,unknown,unknown,Statistician
274,Database Engineer,database engineer,database engineer,database engineer,database engineer,database engineer,database engineer,151242,151242,151243,151243,151243,151243,0.5142857142857142,0.5142857142857142,0.251044776119403,0.251044776119403,0.251044776119403,0.251044776119403,True,True,False,False,False,False,True,True,True,True,True,True,True,True,True,True,True,True,Database Administrator,Database Administrator,Database Architect,Database Architect,Database Architect,Database Architect,Database Administrator
275,Data Scientist,data scientist,data scientist,data scientist,data scientist,data scientist,data scientist,151242,151242,151243,151243,151243,151243,0.8103666245259167,0.8103666245259167,0.2225497420781135,0.2225497420781135,0.2225497420781135,0.2225497420781135,False,False,False,False,False,False,False,False,False,False,False,False,True,True,True,True,True,True,Database Administrator,Database Administrator,Database Architect,Database Architect,Database Architect,Database Architect,Statistician
276,"Senior Analyst, Pricing Strategy & Analytics",senior analyst pricing strategy  analytics,senior analyst pricing strategy  analytics,analyst pricing strategy analytics,analyst pricing strategy analytics,pricing strategy analytics analyst,pricing strategy analytics analyst,493023,493023,151211,151211,152031,152031,1.0,1.0,0.11418820762330804,0.11418820762330804,1.0,1.0,False,False,False,False,False,False,False,False,False,False,True,True,False,False,True,True,True,True,Automotive Service Technician/Mechanic,Automotive Service Technician/Mechanic,Computer Analyst,Computer Analyst,Operations Research Analyst,Operations Research Analyst,Data Scientist
277,BI Analyst,bi analyst,bi analyst,bi analyst,bi analyst,bi analyst,bi analyst,131161,131161,151211,151211,151211,151211,0.3311081441922563,0.3425414364640884,0.11418820762330804,0.11418820762330804,0.11418820762330804,0.11418820762330804,False,False,False,False,False,False,False,False,False,False,False,False,False,False,True,True,True,True,Market Research Analyst or Marketing Specialist,Market Research Analyst or Marketing Specialist,Computer Analyst,Computer Analyst,Computer Analyst,Computer Analyst,Data Scientist
278,Senior HR Business Partner,senior hr business partner,senior hr business partner,hr business partner,hr business partner,hr business partner,hr business partner,113031,113031,132011,132011,132011,132011,0.8175182481751825,0.8175182481751825,0.7579927154997976,0.7579927154997976,0.7579927154997976,0.7579927154997976,False,False,False,False,False,False,True,True,False,False,False,False,True,True,False,False,False,False,Financial Manager,Financial Manager,Accountants Auditor,Accountants Auditor,Accountants Auditor,Accountants Auditor,Human Resources Manager
279,Power BI Architect,power bi architect,power bi architect,power bi architect,power bi architect,power bi architect,power bi architect,171011,171011,151253,151253,151253,151253,0.1556582674817355,0.2829523895564188,0.24530676919117173,0.24530676919117173,0.24530676919117173,0.24530676919117173,False,False,False,False,False,False,False,False,False,False,False,False,False,False,True,True,True,True,Architect,Architect,Software Quality Assurance Analyst,Software Quality Assurance Analyst,Software Quality Assurance Analyst,Software Quality Assurance Analyst,Data Scientist
280,"SENIOR ARCHITECT, DATA ENGINEERING",senior architect data engineering,senior architect data engineering,architect data engineering,architect data engineering,data engineering architect,data engineering architect,439021,439021,151253,151253,131082,131082,0.18823995640758903,0.18823995640758903,0.24530676919117173,0.24530676919117173,0.2,0.2,False,False,False,False,False,False,False,False,True,True,False,False,False,False,True,True,False,False,Data Entry Keyer,Data Entry Keyer,Software Quality Assurance Analyst,Software Quality Assurance Analyst,Project Management Specialist,Project Management Specialist,Database Architect
281,DATA SCIENCE CONSULTANT,data science consultant,data science consultant,data science consultant,data science consultant,data science consultant,data science consultant,152051,152051,194044,194044,194044,194044,1.0,1.0,0.5,0.5,0.5,0.5,False,False,False,False,False,False,True,True,False,False,False,False,True,True,False,False,False,False,Data Scientist,Data Scientist,Hydrologic Technician,Hydrologic Technician,Hydrologic Technician,Hydrologic Technician,Statistician
282,Solution Architect,solution architect,solution architect,solution architect,solution architect,solution architect,solution architect,151252,151252,131082,131082,131082,131082,0.5118050266565118,0.5118050266565118,0.18132726337644525,0.18132726337644525,0.18132726337644525,0.18132726337644525,False,False,False,False,False,False,True,True,False,False,False,False,True,True,False,False,False,False,Software Developer,Software Developer,Project Management Specialist,Project Management Specialist,Project Management Specialist,Project Management Specialist,Database Architect
283,Data Scientist,data scientist,data scientist,data scientist,data scientist,data scientist,data scientist,151242,151242,151243,151243,151243,151243,0.8103666245259167,0.8103666245259167,0.2225497420781135,0.2225497420781135,0.2225497420781135,0.2225497420781135,False,False,False,False,False,False,False,False,False,False,False,False,True,True,True,True,True,True,Database Administrator,Database Administrator,Database Architect,Database Architect,Database Architect,Database Architect,Statistician
284,Solution Architect,solution architect,solution architect,solution architect,solution architect,solution architect,solution architect,151252,151252,131082,131082,131082,131082,0.5118050266565118,0.5118050266565118,0.18132726337644525,0.18132726337644525,0.18132726337644525,0.18132726337644525,False,False,False,False,False,False,True,True,False,False,False,False,True,True,False,False,False,False,Software Developer,Software Developer,Project Management Specialist,Project Management Specialist,Project Management Specialist,Project Management Specialist,Database Architect
285,Senior Data Analyst,senior data analyst,senior data analyst,data analyst,data analyst,data analyst,data analyst,151211,151211,152041,152041,152041,152041,0.16201117318435754,0.16201117318435754,0.1651008392834774,0.1651008392834774,0.1651008392834774,0.1651008392834774,False,False,True,True,True,True,False,False,True,True,True,True,True,True,True,True,True,True,Computer Analyst,Computer Analyst,Statistician,Statistician,Statistician,Statistician,Statistician
286,Business Intelligence Analyst,business intelligence analyst,business intelligence analyst,business intelligence analyst,business intelligence analyst,business intelligence analyst,business intelligence analyst,151299,151299,131082,131082,131082,131082,0.8820754716981132,0.8820754716981132,0.2,0.2,0.2,0.2,False,False,False,False,False,False,False,False,False,False,False,False,True,True,False,False,False,False,Computer Occupation,Computer Occupation,Project Management Specialist,Project Management Specialist,Project Management Specialist,Project Management Specialist,Data Scientist
287,Senior Systems Administrator,senior systems administrator,senior systems administrator,systems administrator,systems administrator,systems administrator,systems administrator,151244,151244,151244,151244,151244,151244,0.9567154678548694,0.9567154678548694,0.8111517598082503,0.8111517598082503,0.8111517598082503,0.8111517598082503,False,False,False,False,False,False,True,True,True,True,True,True,True,True,True,True,True,True,Network and Computer Systems Administrator,Network and Computer Systems Administrator,Network and Computer Systems Administrator,Network and Computer Systems Administrator,Network and Computer Systems Administrator,Network and Computer Systems Administrator,Database Administrator
288,"Director, HR Business Partner",director hr business partner,director hr business partner,director hr business partner,director hr business partner,director hr business partner,director hr business partner,113031,113031,132011,132011,132011,132011,0.8175182481751825,0.8175182481751825,0.7579927154997976,0.7579927154997976,0.7579927154997976,0.7579927154997976,False,False,False,False,False,False,True,True,False,False,False,False,True,True,False,False,False,False,Financial Manager,Financial Manager,Accountants Auditor,Accountants Auditor,Accountants Auditor,Accountants Auditor,Human Resources Manager
289,"Strategy and Analytics, Analytics Engineer II",strategy and analytics analytics engineer ii,strategy and analytics analytics engineer ii,strategy and analytics analytics engineer,strategy and analytics analytics engineer,strategy and analytics analytics engineer,strategy and analytics analytics engineer,172199,172199,152031,152031,152031,152031,0.08417169684775318,0.09341272794938593,0.7849462365591399,0.7849462365591399,0.7849462365591399,0.7849462365591399,False,False,False,False,False,False,False,False,False,False,False,False,False,False,True,True,True,True,Engineer,Engineer,Operations Research Analyst,Operations Research Analyst,Operations Research Analyst,Operations Research Analyst,Database Architect
290,Director of Data Science (Skills Platform),director of data science,director of data science,data science director,data science director,data science director,data science director,119199,119199,119121,119121,119121,119121,0.21621621621621623,0.2222222222222222,1.0,1.0,1.0,1.0,False,False,False,False,False,False,False,False,False,False,False,False,False,False,False,False,False,False,Manager,Manager,Natural Sciences Manager,Natural Sciences Manager,Natural Sciences Manager,Natural Sciences Manager,Statistician
291,Junior Infrastructure Engineer,junior infrastructure engineer,junior infrastructure engineer,junior infrastructure engineer,junior infrastructure engineer,junior infrastructure engineer,junior infrastructure engineer,172051,172051,172051,172051,172051,172051,0.4824120603015075,0.4824120603015075,0.7018708509354254,0.7018708509354254,0.7018708509354254,0.7018708509354254,False,False,False,False,False,False,False,False,False,False,False,False,False,False,False,False,False,False,Civil Engineer,Civil Engineer,Civil Engineer,Civil Engineer,Civil Engineer,Civil Engineer,Database Architect
292,Database Administrator,database administrator,database administrator,database administrator,database administrator,database administrator,database administrator,151242,151242,151243,151243,151243,151243,1.0,1.0,0.4840280553839445,0.4840280553839445,0.4840280553839445,0.4840280553839445,True,True,False,False,False,False,True,True,True,True,True,True,True,True,True,True,True,True,Database Administrator,Database Administrator,Database Architect,Database Architect,Database Architect,Database Architect,Database Administrator
293,"Data Analyst / Senior Data Analyst – Impact Analytics, Remote",data analyst   senior data analyst  impact analytics remote,data analyst   senior data analyst  impact analytics remote,data analyst data analyst,data analyst data analyst,data analyst data analyst,data analyst data analyst,151211,151211,152041,152041,152041,152041,0.16201117318435754,0.16201117318435754,0.1651008392834774,0.1651008392834774,0.1651008392834774,0.1651008392834774,False,False,True,True,True,True,False,False,True,True,True,True,True,True,True,True,True,True,Computer Analyst,Computer Analyst,Statistician,Statistician,Statistician,Statistician,Statistician
294,Data Scientist - Computational Biology,data scientist,data scientist,data scientist,data scientist,data scientist,data scientist,151242,151242,151243,151243,151243,151243,0.8103666245259167,0.8103666245259167,0.2225497420781135,0.2225497420781135,0.2225497420781135,0.2225497420781135,False,False,False,False,False,False,False,False,False,False,False,False,True,True,True,True,True,True,Database Administrator,Database Administrator,Database Architect,Database Architect,Database Architect,Database Architect,Statistician
295,Reporting Data Analyst (Remote),reporting data analyst,reporting data analyst,reporting data analyst,reporting data analyst,reporting data analyst,reporting data analyst,151211,151211,113021,113021,113021,113021,0.16201117318435754,0.16201117318435754,0.5620437956204379,0.5620437956204379,0.5620437956204379,0.5620437956204379,False,False,False,False,False,False,False,False,False,False,False,False,True,True,False,False,False,False,Computer Analyst,Computer Analyst,Computer and Information Systems Manager,Computer and Information Systems Manager,Computer and Information Systems Manager,Computer and Information Systems Manager,Statistician
296,Cloud Solution Architect,cloud solution architect,cloud solution architect,cloud solution architect,cloud solution architect,cloud solution architect,cloud solution architect,151299,151299,131082,131082,131082,131082,0.7736625514403292,0.7736625514403292,0.17311260168403025,0.17311260168403025,0.17311260168403025,0.17311260168403025,False,False,False,False,False,False,True,True,False,False,False,False,True,True,False,False,False,False,Computer Occupation,Computer Occupation,Project Management Specialist,Project Management Specialist,Project Management Specialist,Project Management Specialist,Database Architect
297,Business  Analyst - Pricing Automation,business  analyst,business  analyst,business analyst,business analyst,business analyst,business analyst,131111,131111,131111,131111,131111,131111,0.9356517624792997,0.9356517624792997,0.6451921453890733,0.6451921453890733,0.6451921453890733,0.6451921453890733,False,False,False,False,False,False,False,False,False,False,False,False,False,False,False,False,False,False,Management Analyst,Management Analyst,Management Analyst,Management Analyst,Management Analyst,Management Analyst,Data Scientist
298,Database Admin,database admin,database admin,database admin,database admin,database admin,database admin,151242,151242,,,,,0.5427807486631016,0.5427807486631016,,,,,True,True,False,False,False,False,True,True,False,False,False,False,True,True,False,False,False,False,Database Administrator,Database Administrator,unknown,unknown,unknown,unknown,Database Administrator
299,Solution Architect,solution architect,solution architect,solution architect,solution architect,solution architect,solution architect,151252,151252,131082,131082,131082,131082,0.5118050266565118,0.5118050266565118,0.18132726337644525,0.18132726337644525,0.18132726337644525,0.18132726337644525,False,False,False,False,False,False,True,True,False,False,False,False,True,True,False,False,False,False,Software Developer,Software Developer,Project Management Specialist,Project Management Specialist,Project Management Specialist,Project Management Specialist,Database Architect
300,Business Analyst,business analyst,business analyst,business analyst,business analyst,business analyst,business analyst,131111,131111,131111,131111,131111,131111,0.9356517624792997,0.9356517624792997,0.6451921453890733,0.6451921453890733,0.6451921453890733,0.6451921453890733,False,False,False,False,False,False,False,False,False,False,False,False,False,False,False,False,False,False,Management Analyst,Management Analyst,Management Analyst,Management Analyst,Management Analyst,Management Analyst,Data Scientist
301,Senior Data Scientist,senior data scientist,senior data scientist,data scientist,data scientist,data scientist,data scientist,151242,151242,151243,151243,151243,151243,0.8103666245259167,0.8103666245259167,0.2225497420781135,0.2225497420781135,0.2225497420781135,0.2225497420781135,False,False,False,False,False,False,False,False,False,False,False,False,True,True,True,True,True,True,Database Administrator,Database Administrator,Database Architect,Database Architect,Database Architect,Database Architect,Statistician
302,Human Resources Business Partner,human resources business partner,human resources business partner,human resources business partner,human resources business partner,human resources business partner,human resources business partner,113121,113121,132011,132011,132011,132011,0.3076923076923077,0.3076923076923077,0.7579927154997976,0.7579927154997976,0.7579927154997976,0.7579927154997976,True,True,False,False,False,False,True,True,False,False,False,False,True,True,False,False,False,False,Human Resources Manager,Human Resources Manager,Accountants Auditor,Accountants Auditor,Accountants Auditor,Accountants Auditor,Human Resources Manager
303,Senior Oracle Database Administrator/Developer,senior oracle database administrator developer,senior oracle database administrator developer,oracle database administrator developer,oracle database administrator developer,oracle database administrator developer,oracle database administrator developer,151242,151242,151242,151242,151242,151242,1.0,1.0,0.5,0.5,0.5,0.5,True,True,True,True,True,True,True,True,True,True,True,True,True,True,True,True,True,True,Database Administrator,Database Administrator,Database Administrator,Database Administrator,Database Administrator,Database Administrator,Database Administrator
304,"Manager, HR Strategy",manager hr strategy,manager hr strategy,manager hr strategy,manager hr strategy,hr strategy manager,hr strategy manager,131071,131071,411011,411011,113021,113021,0.2512230919765166,0.36496090973702916,0.22557078928923693,0.22557078928923693,1.0,1.0,False,False,False,False,False,False,False,False,False,False,True,True,False,False,False,False,True,True,Human Resources Specialist,Human Resources Specialist,Supervisor of Retail Sales Worker,Supervisor of Retail Sales Worker,Computer and Information Systems Manager,Computer and Information Systems Manager,Human Resources Manager
305,Senior Data Analyst,senior data analyst,senior data analyst,data analyst,data analyst,data analyst,data analyst,151211,151211,152041,152041,152041,152041,0.16201117318435754,0.16201117318435754,0.1651008392834774,0.1651008392834774,0.1651008392834774,0.1651008392834774,False,False,True,True,True,True,False,False,True,True,True,True,True,True,True,True,True,True,Computer Analyst,Computer Analyst,Statistician,Statistician,Statistician,Statistician,Statistician
306,Sr. Business Analyst,sr business analyst,sr business analyst,business analyst,business analyst,business analyst,business analyst,131111,131111,131111,131111,131111,131111,0.9356517624792997,0.9356517624792997,0.6451921453890733,0.6451921453890733,0.6451921453890733,0.6451921453890733,False,False,False,False,False,False,False,False,False,False,False,False,False,False,False,False,False,False,Management Analyst,Management Analyst,Management Analyst,Management Analyst,Management Analyst,Management Analyst,Data Scientist
307,"Senior Manager, Solutions Architect",senior manager solutions architect,senior manager solutions architect,manager solutions architect,manager solutions architect,manager solutions architect,manager solutions architect,151241,151241,113021,113021,113021,113021,0.2,0.2,1.0,1.0,1.0,1.0,False,False,False,False,False,False,True,True,False,False,False,False,True,True,False,False,False,False,Computer Network Architect,Computer Network Architect,Computer and Information Systems Manager,Computer and Information Systems Manager,Computer and Information Systems Manager,Computer and Information Systems Manager,Database Architect
308,"System Administrator Tech Lead, IT Solutions",system administrator tech lead it solutions,system administrator tech lead it solutions,system administrator tech it solutions,system administrator tech it solutions,system administrator tech it solutions,system administrator tech it solutions,151244,151244,431011,431011,431011,431011,0.9267935578330894,0.9267935578330894,1.0,1.0,1.0,1.0,False,False,False,False,False,False,True,True,False,False,False,False,True,True,False,False,False,False,Network and Computer Systems Administrator,Network and Computer Systems Administrator,Supervisor of Office and Administrative Support Workers,Supervisor of Office and Administrative Support Workers,Supervisor of Office and Administrative Support Workers,Supervisor of Office and Administrative Support Workers,Database Administrator
309,"Industry Solutions Architect, Cloud Manufacturing, Industrial and Transportation",industry solutions architect cloud manufacturing industrial and transportation,industry solutions architect cloud manufacturing industrial and transportation,industry solutions architect cloud manufacturing industrial and transportation,industry solutions architect cloud manufacturing industrial and transportation,industry solutions architect cloud manufacturing industrial and transportation,industry solutions architect cloud manufacturing industrial and transportation,151241,151241,151252,151252,151252,151252,0.2,0.2,0.5,0.5,0.5,0.5,False,False,False,False,False,False,True,True,True,True,True,True,True,True,True,True,True,True,Computer Network Architect,Computer Network Architect,Software Developer,Software Developer,Software Developer,Software Developer,Database Architect
310,HR Business Partner,hr business partner,hr business partner,hr business partner,hr business partner,hr business partner,hr business partner,113031,113031,132011,132011,132011,132011,0.8175182481751825,0.8175182481751825,0.7579927154997976,0.7579927154997976,0.7579927154997976,0.7579927154997976,False,False,False,False,False,False,True,True,False,False,False,False,True,True,False,False,False,False,Financial Manager,Financial Manager,Accountants Auditor,Accountants Auditor,Accountants Auditor,Accountants Auditor,Human Resources Manager
311,Data Scientist Technical Lead,data scientist technical lead,data scientist technical lead,data scientist technical lead,data scientist technical lead,data scientist technical lead,data scientist technical lead,151242,151242,173028,173028,173028,173028,0.8103666245259167,0.8103666245259167,0.2647058823529412,0.2647058823529412,0.2647058823529412,0.2647058823529412,False,False,False,False,False,False,False,False,False,False,False,False,True,True,False,False,False,False,Database Administrator,Database Administrator,Calibration Technologists/Technician,Calibration Technologists/Technician,Calibration Technologists/Technician,Calibration Technologists/Technician,Statistician
312,"Business Analyst, Google TV",business analyst google tv,business analyst google tv,business analyst google tv,business analyst google tv,business analyst google tv,business analyst google tv,131111,131111,131111,131111,131111,131111,0.9356517624792997,0.9356517624792997,0.6451921453890733,0.6451921453890733,0.6451921453890733,0.6451921453890733,False,False,False,False,False,False,False,False,False,False,False,False,False,False,False,False,False,False,Management Analyst,Management Analyst,Management Analyst,Management Analyst,Management Analyst,Management Analyst,Data Scientist
313,HR Business Partner- SR HR Business Partner,hr business partner  sr hr business partner,hr business partner  sr hr business partner,hr business partner,hr business partner,hr business partner,hr business partner,113031,113031,132011,132011,132011,132011,0.8175182481751825,0.8175182481751825,0.7579927154997976,0.7579927154997976,0.7579927154997976,0.7579927154997976,False,False,False,False,False,False,True,True,False,False,False,False,True,True,False,False,False,False,Financial Manager,Financial Manager,Accountants Auditor,Accountants Auditor,Accountants Auditor,Accountants Auditor,Human Resources Manager
314,Systems Administrator I - 10am - 6pm,systems administrator i,systems administrator i,systems administrator,systems administrator,systems administrator,systems administrator,151244,151244,151244,151244,151244,151244,0.9567154678548694,0.9567154678548694,0.8111517598082503,0.8111517598082503,0.8111517598082503,0.8111517598082503,False,False,False,False,False,False,True,True,True,True,True,True,True,True,True,True,True,True,Network and Computer Systems Administrator,Network and Computer Systems Administrator,Network and Computer Systems Administrator,Network and Computer Systems Administrator,Network and Computer Systems Administrator,Network and Computer Systems Administrator,Database Administrator
315,Business Analyst I,business analyst i,business analyst i,business analyst,business analyst,business analyst,business analyst,131111,131111,131111,131111,131111,131111,0.9356517624792997,0.9356517624792997,0.6451921453890733,0.6451921453890733,0.6451921453890733,0.6451921453890733,False,False,False,False,False,False,False,False,False,False,False,False,False,False,False,False,False,False,Management Analyst,Management Analyst,Management Analyst,Management Analyst,Management Analyst,Management Analyst,Data Scientist
316,Data Scientist,data scientist,data scientist,data scientist,data scientist,data scientist,data scientist,151242,151242,151243,151243,151243,151243,0.8103666245259167,0.8103666245259167,0.2225497420781135,0.2225497420781135,0.2225497420781135,0.2225497420781135,False,False,False,False,False,False,False,False,False,False,False,False,True,True,True,True,True,True,Database Administrator,Database Administrator,Database Architect,Database Architect,Database Architect,Database Architect,Statistician
317,Solution Architect - Accounting Systems,solution architect,solution architect,solution architect,solution architect,solution architect,solution architect,151252,151252,131082,131082,131082,131082,0.5118050266565118,0.5118050266565118,0.18132726337644525,0.18132726337644525,0.18132726337644525,0.18132726337644525,False,False,False,False,False,False,True,True,False,False,False,False,True,True,False,False,False,False,Software Developer,Software Developer,Project Management Specialist,Project Management Specialist,Project Management Specialist,Project Management Specialist,Database Architect
318,Business Analyst,business analyst,business analyst,business analyst,business analyst,business analyst,business analyst,131111,131111,131111,131111,131111,131111,0.9356517624792997,0.9356517624792997,0.6451921453890733,0.6451921453890733,0.6451921453890733,0.6451921453890733,False,False,False,False,False,False,False,False,False,False,False,False,False,False,False,False,False,False,Management Analyst,Management Analyst,Management Analyst,Management Analyst,Management Analyst,Management Analyst,Data Scientist
319,Business Operations Analyst,business operations analyst,business operations analyst,business operations analyst,business operations analyst,business operations analyst,business operations analyst,152031,152031,152031,152031,152031,152031,0.8154981549815498,0.8154981549815498,0.9259717751918792,0.9259717751918792,0.9259717751918792,0.9259717751918792,False,False,False,False,False,False,True,True,True,True,True,True,True,True,True,True,True,True,Operations Research Analyst,Operations Research Analyst,Operations Research Analyst,Operations Research Analyst,Operations Research Analyst,Operations Research Analyst,Data Scientist
320,Sr Data Scientist,sr data scientist,sr data scientist,data scientist,data scientist,data scientist,data scientist,151242,151242,151243,151243,151243,151243,0.8103666245259167,0.8103666245259167,0.2225497420781135,0.2225497420781135,0.2225497420781135,0.2225497420781135,False,False,False,False,False,False,False,False,False,False,False,False,True,True,True,True,True,True,Database Administrator,Database Administrator,Database Architect,Database Architect,Database Architect,Database Architect,Statistician
321,"Senior Data Warehousing – Business Intelligence Solution Development Engineer, Electric Insurance Company",senior data warehousing  business intelligence solution development engineer electric insurance company,senior data warehousing  business intelligence solution development engineer electric insurance company,data warehousing,data warehousing,data warehousing,data warehousing,151299,151243,,,,,0.687125748502994,1.0,,,,,False,True,False,False,False,False,True,True,False,False,False,False,True,True,False,False,False,False,Computer Occupation,Database Architect,unknown,unknown,unknown,unknown,Database Architect
322,"Analyst/Senior Analyst, Division Finance",analyst senior analyst division finance,analyst senior analyst division finance,analyst analyst division finance,analyst analyst division finance,analyst division finance analyst,analyst division finance analyst,113031,113031,152031,152031,132051,132051,0.1902899217671422,0.20693106468159642,0.9359430604982206,0.9359430604982206,0.5,0.5,False,False,False,False,False,False,False,False,True,True,False,False,False,False,True,True,False,False,Financial Manager,Financial Manager,Operations Research Analyst,Operations Research Analyst,Financial Analyst,Financial Analyst,Data Scientist
323,"Data Scientist/Senior Data Scientist, IT Operations Research and Advanced Analytics",data scientist senior data scientist it operations research and advanced analytics,data scientist senior data scientist it operations research and advanced analytics,data scientist data scientist it operations research and advanced analytics,data scientist data scientist it operations research and advanced analytics,data scientist data scientist it operations research and advanced analytics,data scientist data scientist it operations research and advanced analytics,151242,151242,111021,111021,111021,111021,0.6608247422680412,0.8103666245259167,0.31522727272727274,0.31522727272727274,0.3153706230104593,0.3153706230104593,False,False,False,False,False,False,False,False,False,False,False,False,True,True,False,False,False,False,Database Administrator,Database Administrator,Operations Manager,Operations Manager,Operations Manager,Operations Manager,Statistician
324,HR BU Leader,hr bu leader,hr bu leader,hr bu leader,hr bu leader,hr bu leader,hr bu leader,131071,131071,431011,431011,431011,431011,0.7107266435986159,0.6986394557823129,0.2092506664033962,0.2092506664033962,0.2092506664033962,0.2092506664033962,False,False,False,False,False,False,False,False,False,False,False,False,False,False,False,False,False,False,Human Resources Specialist,Human Resources Specialist,Supervisor of Office and Administrative Support Workers,Supervisor of Office and Administrative Support Workers,Supervisor of Office and Administrative Support Workers,Supervisor of Office and Administrative Support Workers,Human Resources Manager
325,Cloud Security Architect,cloud security architect,cloud security architect,cloud security architect,cloud security architect,cloud security architect,cloud security architect,272032,272032,151212,151212,151212,151212,1.0,1.0,0.2506586375611592,0.2506586375611592,0.2506586375611592,0.2506586375611592,False,False,False,False,False,False,False,False,True,True,True,True,False,False,True,True,True,True,Choreographer,Choreographer,Information Analyst,Information Analyst,Information Analyst,Information Analyst,Database Architect
326,Data Scientist,data scientist,data scientist,data scientist,data scientist,data scientist,data scientist,151242,151242,151243,151243,151243,151243,0.8103666245259167,0.8103666245259167,0.2225497420781135,0.2225497420781135,0.2225497420781135,0.2225497420781135,False,False,False,False,False,False,False,False,False,False,False,False,True,True,True,True,True,True,Database Administrator,Database Administrator,Database Architect,Database Architect,Database Architect,Database Architect,Statistician
327,System Administrator (TS/SCI + Full Scope Poly),system administrator,system administrator,system administrator,system administrator,system administrator,system administrator,151244,151244,151244,151244,151244,151244,0.9267935578330894,0.9267935578330894,0.8942088463292294,0.8942088463292294,0.8942088463292294,0.8942088463292294,False,False,False,False,False,False,True,True,True,True,True,True,True,True,True,True,True,True,Network and Computer Systems Administrator,Network and Computer Systems Administrator,Network and Computer Systems Administrator,Network and Computer Systems Administrator,Network and Computer Systems Administrator,Network and Computer Systems Administrator,Database Administrator
328,"Business Analyst – Raleigh, NC",business analyst  raleigh nc,business analyst  raleigh nc,business analyst,business analyst,business analyst,business analyst,131111,131111,131111,131111,131111,131111,0.9356517624792997,0.9356517624792997,0.6451921453890733,0.6451921453890733,0.6451921453890733,0.6451921453890733,False,False,False,False,False,False,False,False,False,False,False,False,False,False,False,False,False,False,Management Analyst,Management Analyst,Management Analyst,Management Analyst,Management Analyst,Management Analyst,Data Scientist
329,SENIOR BUSINESS ANALYST,senior business analyst,senior business analyst,business analyst,business analyst,business analyst,business analyst,131111,131111,131111,131111,131111,131111,0.9356517624792997,0.9356517624792997,0.6451921453890733,0.6451921453890733,0.6451921453890733,0.6451921453890733,False,False,False,False,False,False,False,False,False,False,False,False,False,False,False,False,False,False,Management Analyst,Management Analyst,Management Analyst,Management Analyst,Management Analyst,Management Analyst,Data Scientist
330,DATA SCIENTIST,data scientist,data scientist,data scientist,data scientist,data scientist,data scientist,151242,151242,151243,151243,151243,151243,0.8103666245259167,0.8103666245259167,0.2225497420781135,0.2225497420781135,0.2225497420781135,0.2225497420781135,False,False,False,False,False,False,False,False,False,False,False,False,True,True,True,True,True,True,Database Administrator,Database Administrator,Database Architect,Database Architect,Database Architect,Database Architect,Statistician
331,DISTRICT HR MANAGER,district hr manager,district hr manager,district hr manager,district hr manager,district hr manager,district hr manager,113121,113121,411011,411011,411011,411011,1.0,1.0,0.22557078928923693,0.22557078928923693,0.22557078928923693,0.22557078928923693,True,True,False,False,False,False,True,True,False,False,False,False,True,True,False,False,False,False,Human Resources Manager,Human Resources Manager,Supervisor of Retail Sales Worker,Supervisor of Retail Sales Worker,Supervisor of Retail Sales Worker,Supervisor of Retail Sales Worker,Human Resources Manager
332,BUSINESS INTELLIGENCE ANALYST,business intelligence analyst,business intelligence analyst,business intelligence analyst,business intelligence analyst,business intelligence analyst,business intelligence analyst,151299,151299,131082,131082,131082,131082,0.8820754716981132,0.8820754716981132,0.2,0.2,0.2,0.2,False,False,False,False,False,False,False,False,False,False,False,False,True,True,False,False,False,False,Computer Occupation,Computer Occupation,Project Management Specialist,Project Management Specialist,Project Management Specialist,Project Management Specialist,Data Scientist
333,BI SOLUTION ARCHITECT,bi solution architect,bi solution architect,bi solution architect,bi solution architect,bi solution architect,bi solution architect,151252,151252,131082,131082,131082,131082,0.5118050266565118,0.5118050266565118,0.18132726337644525,0.18132726337644525,0.18132726337644525,0.18132726337644525,False,False,False,False,False,False,True,True,False,False,False,False,True,True,False,False,False,False,Software Developer,Software Developer,Project Management Specialist,Project Management Specialist,Project Management Specialist,Project Management Specialist,Database Architect
334,DATA SCIENTIST II,data scientist ii,data scientist ii,data scientist,data scientist,data scientist,data scientist,151242,151242,151243,151243,151243,151243,0.8103666245259167,0.8103666245259167,0.2225497420781135,0.2225497420781135,0.2225497420781135,0.2225497420781135,False,False,False,False,False,False,False,False,False,False,False,False,True,True,True,True,True,True,Database Administrator,Database Administrator,Database Architect,Database Architect,Database Architect,Database Architect,Statistician
335,HUMAN RESOURCES MANAGER,human resources manager,human resources manager,human resources manager,human resources manager,human resources manager,human resources manager,113121,113121,113121,113121,113121,113121,1.0,1.0,1.0,1.0,1.0,1.0,True,True,True,True,True,True,True,True,True,True,True,True,True,True,True,True,True,True,Human Resources Manager,Human Resources Manager,Human Resources Manager,Human Resources Manager,Human Resources Manager,Human Resources Manager,Human Resources Manager
336,AI/ML Scientist,ai ml scientist,ai ml scientist,ai ml scientist,ai ml scientist,ai ml scientist,ai ml scientist,191042,191042,191042,191042,191042,191042,0.17230527143981117,0.17230527143981117,0.34109867751780265,0.34109867751780265,0.34109867751780265,0.34109867751780265,False,False,False,False,False,False,False,False,False,False,False,False,False,False,False,False,False,False,Medical Scientist,Medical Scientist,Medical Scientist,Medical Scientist,Medical Scientist,Medical Scientist,Statistician
337,Solution Architect,solution architect,solution architect,solution architect,solution architect,solution architect,solution architect,151252,151252,131082,131082,131082,131082,0.5118050266565118,0.5118050266565118,0.18132726337644525,0.18132726337644525,0.18132726337644525,0.18132726337644525,False,False,False,False,False,False,True,True,False,False,False,False,True,True,False,False,False,False,Software Developer,Software Developer,Project Management Specialist,Project Management Specialist,Project Management Specialist,Project Management Specialist,Database Architect
338,SAP BASIS Administrator,sap basis administrator,sap basis administrator,sap basis administrator,sap basis administrator,sap basis administrator,sap basis administrator,119199,119199,111011,111011,111011,111011,0.35502958579881655,0.35502958579881655,1.0,1.0,1.0,1.0,False,False,False,False,False,False,False,False,False,False,False,False,False,False,False,False,False,False,Manager,Manager,Chief Executive,Chief Executive,Chief Executive,Chief Executive,Database Administrator
339,Business Analyst,business analyst,business analyst,business analyst,business analyst,business analyst,business analyst,131111,131111,131111,131111,131111,131111,0.9356517624792997,0.9356517624792997,0.6451921453890733,0.6451921453890733,0.6451921453890733,0.6451921453890733,False,False,False,False,False,False,False,False,False,False,False,False,False,False,False,False,False,False,Management Analyst,Management Analyst,Management Analyst,Management Analyst,Management Analyst,Management Analyst,Data Scientist
340,"People HR Partner - IT, Arizona Innovation Center",people hr partner,people hr partner,people hr partner,people hr partner,people hr partner,people hr partner,131071,131071,132011,132011,132011,132011,0.671680837148463,0.6570697376839412,0.32190998400731097,0.32190998400731097,0.32190998400731097,0.32190998400731097,False,False,False,False,False,False,False,False,False,False,False,False,False,False,False,False,False,False,Human Resources Specialist,Human Resources Specialist,Accountants Auditor,Accountants Auditor,Accountants Auditor,Accountants Auditor,Human Resources Manager
341,"Business Analyst, CCO",business analyst cco,business analyst cco,business analyst cco,business analyst cco,business analyst cco,business analyst cco,131111,131111,131111,131111,131111,131111,0.9356517624792997,0.9356517624792997,0.6451921453890733,0.6451921453890733,0.6451921453890733,0.6451921453890733,False,False,False,False,False,False,False,False,False,False,False,False,False,False,False,False,False,False,Management Analyst,Management Analyst,Management Analyst,Management Analyst,Management Analyst,Management Analyst,Data Scientist
342,Senior Data Scientist,senior data scientist,senior data scientist,data scientist,data scientist,data scientist,data scientist,151242,151242,151243,151243,151243,151243,0.8103666245259167,0.8103666245259167,0.2225497420781135,0.2225497420781135,0.2225497420781135,0.2225497420781135,False,False,False,False,False,False,False,False,False,False,False,False,True,True,True,True,True,True,Database Administrator,Database Administrator,Database Architect,Database Architect,Database Architect,Database Architect,Statistician
343,"Senior Director, HR Program Strategy & Solutions",senior director hr program strategy  solutions,senior director hr program strategy  solutions,director hr program strategy solutions,director hr program strategy solutions,hr program strategy solutions director,hr program strategy solutions director,131071,272012,119111,119111,113021,113021,0.12428899915285005,0.15135594286792928,0.21552535777052473,0.21552535777052473,1.0,1.0,False,False,False,False,False,False,False,False,False,False,True,True,False,False,True,True,True,True,Human Resources Specialist,Producer/Director,Medical and Health Services Manager,Medical and Health Services Manager,Computer and Information Systems Manager,Computer and Information Systems Manager,Human Resources Manager
344,Human Resource Manager,human resource manager,human resource manager,human resource manager,human resource manager,human resource manager,human resource manager,113121,113121,113121,113121,113121,113121,1.0,1.0,0.5,0.5,0.5,0.5,True,True,True,True,True,True,True,True,True,True,True,True,True,True,True,True,True,True,Human Resources Manager,Human Resources Manager,Human Resources Manager,Human Resources Manager,Human Resources Manager,Human Resources Manager,Human Resources Manager
345,Solution Architect H&W,solution architect hw,solution architect hw,solution architect h w,solution architect h w,solution architect h w,solution architect h w,151252,151252,131082,131082,131082,131082,0.5118050266565118,0.5118050266565118,0.18132726337644525,0.18132726337644525,0.18132726337644525,0.18132726337644525,False,False,False,False,False,False,True,True,False,False,False,False,True,True,False,False,False,False,Software Developer,Software Developer,Project Management Specialist,Project Management Specialist,Project Management Specialist,Project Management Specialist,Database Architect
346,Distribution Systems Administrator/Support,distribution systems administrator support,distribution systems administrator support,distribution systems administrator support,distribution systems administrator support,distribution systems administrator support,distribution systems administrator support,518012,518012,151244,151244,151244,151244,1.0,1.0,0.8111517598082503,0.8111517598082503,0.8111517598082503,0.8111517598082503,False,False,False,False,False,False,False,False,True,True,True,True,False,False,True,True,True,True,Power Distributor/Dispatcher,Power Distributor/Dispatcher,Network and Computer Systems Administrator,Network and Computer Systems Administrator,Network and Computer Systems Administrator,Network and Computer Systems Administrator,Database Administrator
347,Business Analyst - Trust Accounting,business analyst,business analyst,business analyst,business analyst,business analyst,business analyst,131111,131111,131111,131111,131111,131111,0.9356517624792997,0.9356517624792997,0.6451921453890733,0.6451921453890733,0.6451921453890733,0.6451921453890733,False,False,False,False,False,False,False,False,False,False,False,False,False,False,False,False,False,False,Management Analyst,Management Analyst,Management Analyst,Management Analyst,Management Analyst,Management Analyst,Data Scientist
348,HR Director,hr director,hr director,hr director,hr director,hr director,hr director,131071,119199,119111,119111,119111,119111,0.19910818146568438,0.11746852517985612,0.21552535777052473,0.21552535777052473,0.21552535777052473,0.21552535777052473,False,False,False,False,False,False,False,False,False,False,False,False,False,True,True,True,True,True,Human Resources Specialist,Manager,Medical and Health Services Manager,Medical and Health Services Manager,Medical and Health Services Manager,Medical and Health Services Manager,Human Resources Manager
349,Consumer Data Analyst,consumer data analyst,consumer data analyst,consumer data analyst,consumer data analyst,consumer data analyst,consumer data analyst,151211,151211,152041,152041,152041,152041,0.16201117318435754,0.16201117318435754,0.1651008392834774,0.1651008392834774,0.1651008392834774,0.1651008392834774,False,False,False,False,False,False,False,False,True,True,True,True,True,True,True,True,True,True,Computer Analyst,Computer Analyst,Statistician,Statistician,Statistician,Statistician,Data Scientist
350,Lead Solution Architect,lead solution architect,lead solution architect,solution architect,solution architect,solution architect,solution architect,151252,151252,131082,131082,131082,131082,0.5118050266565118,0.5118050266565118,0.18132726337644525,0.18132726337644525,0.18132726337644525,0.18132726337644525,False,False,False,False,False,False,True,True,False,False,False,False,True,True,False,False,False,False,Software Developer,Software Developer,Project Management Specialist,Project Management Specialist,Project Management Specialist,Project Management Specialist,Database Architect
351,Oracle Database Administrator,oracle database administrator,oracle database administrator,oracle database administrator,oracle database administrator,oracle database administrator,oracle database administrator,151242,151242,151243,151243,151243,151243,1.0,1.0,0.4840280553839445,0.4840280553839445,0.4840280553839445,0.4840280553839445,True,True,False,False,False,False,True,True,True,True,True,True,True,True,True,True,True,True,Database Administrator,Database Administrator,Database Architect,Database Architect,Database Architect,Database Architect,Database Administrator
352,R&D Scientist,rd scientist,rd scientist,r d scientist,r d scientist,r d scientist,r d scientist,191021,191021,191042,191042,191042,191042,1.0,1.0,0.34109867751780265,0.34109867751780265,0.34109867751780265,0.34109867751780265,False,False,False,False,False,False,False,False,False,False,False,False,False,False,False,False,False,False,Biochemist/Biophysicist,Biochemist/Biophysicist,Medical Scientist,Medical Scientist,Medical Scientist,Medical Scientist,Statistician
353,Senior Data Scientist,senior data scientist,senior data scientist,data scientist,data scientist,data scientist,data scientist,151242,151242,151243,151243,151243,151243,0.8103666245259167,0.8103666245259167,0.2225497420781135,0.2225497420781135,0.2225497420781135,0.2225497420781135,False,False,False,False,False,False,False,False,False,False,False,False,True,True,True,True,True,True,Database Administrator,Database Administrator,Database Architect,Database Architect,Database Architect,Database Architect,Statistician
354,IT Solution Engineer- Sales and Marketing,it solution engineer  sales and marketing,it solution engineer  sales and marketing,it solution engineer,it solution engineer,it solution engineer,it solution engineer,112021,112021,151253,151253,151253,151253,0.5,0.5,0.39442045056612585,0.39442045056612585,0.39442045056612585,0.39442045056612585,False,False,False,False,False,False,False,False,True,True,True,True,False,False,True,True,True,True,Marketing Manager,Marketing Manager,Software Quality Assurance Analyst,Software Quality Assurance Analyst,Software Quality Assurance Analyst,Software Quality Assurance Analyst,Database Architect
355,Solution Architect,solution architect,solution architect,solution architect,solution architect,solution architect,solution architect,151252,151252,131082,131082,131082,131082,0.5118050266565118,0.5118050266565118,0.18132726337644525,0.18132726337644525,0.18132726337644525,0.18132726337644525,False,False,False,False,False,False,True,True,False,False,False,False,True,True,False,False,False,False,Software Developer,Software Developer,Project Management Specialist,Project Management Specialist,Project Management Specialist,Project Management Specialist,Database Architect
356,Data Scientist,data scientist,data scientist,data scientist,data scientist,data scientist,data scientist,151242,151242,151243,151243,151243,151243,0.8103666245259167,0.8103666245259167,0.2225497420781135,0.2225497420781135,0.2225497420781135,0.2225497420781135,False,False,False,False,False,False,False,False,False,False,False,False,True,True,True,True,True,True,Database Administrator,Database Administrator,Database Architect,Database Architect,Database Architect,Database Architect,Statistician
357,Data Analyst,data analyst,data analyst,data analyst,data analyst,data analyst,data analyst,151211,151211,152041,152041,152041,152041,0.16201117318435754,0.16201117318435754,0.1651008392834774,0.1651008392834774,0.1651008392834774,0.1651008392834774,False,False,False,False,False,False,False,False,True,True,True,True,True,True,True,True,True,True,Computer Analyst,Computer Analyst,Statistician,Statistician,Statistician,Statistician,Data Scientist
358,"HR Business Partner - Microfluidics, Technology and Operations (MTO), Imaging and Printing",hr business partner,hr business partner,hr business partner,hr business partner,hr business partner,hr business partner,113031,113031,132011,132011,132011,132011,0.8175182481751825,0.8175182481751825,0.7579927154997976,0.7579927154997976,0.7579927154997976,0.7579927154997976,False,False,False,False,False,False,False,False,False,False,False,False,False,False,False,False,False,False,Financial Manager,Financial Manager,Accountants Auditor,Accountants Auditor,Accountants Auditor,Accountants Auditor,Database Architect
359,Solution Architect,solution architect,solution architect,solution architect,solution architect,solution architect,solution architect,151252,151252,131082,131082,131082,131082,0.5118050266565118,0.5118050266565118,0.18132726337644525,0.18132726337644525,0.18132726337644525,0.18132726337644525,False,False,False,False,False,False,False,False,False,False,False,False,False,False,False,False,False,False,Software Developer,Software Developer,Project Management Specialist,Project Management Specialist,Project Management Specialist,Project Management Specialist,Human Resources Manager
360,People Business Partner,people business partner,people business partner,people business partner,people business partner,people business partner,people business partner,131111,111021,132011,132011,132011,132011,0.2508451656524679,0.3119266055045872,1.0,1.0,1.0,1.0,False,False,False,False,False,False,False,False,False,False,False,False,False,False,False,False,False,False,Management Analyst,Operations Manager,Accountants Auditor,Accountants Auditor,Accountants Auditor,Accountants Auditor,Database Architect
361,Business Systems Analyst,business systems analyst,business systems analyst,business systems analyst,business systems analyst,business systems analyst,business systems analyst,151211,151211,151211,151211,151211,151211,0.9594813614262561,0.9594813614262561,0.9999999999999999,0.9999999999999999,0.9999999999999999,0.9999999999999999,False,False,False,False,False,False,False,False,False,False,False,False,True,True,True,True,True,True,Computer Analyst,Computer Analyst,Computer Analyst,Computer Analyst,Computer Analyst,Computer Analyst,Statistician
362,Cloud Solutions Architect,cloud solutions architect,cloud solutions architect,cloud solutions architect,cloud solutions architect,cloud solutions architect,cloud solutions architect,151241,151241,151252,151252,151252,151252,0.2,0.2,0.5,0.5,0.5,0.5,False,False,False,False,False,False,False,False,False,False,False,False,True,True,True,True,True,True,Computer Network Architect,Computer Network Architect,Software Developer,Software Developer,Software Developer,Software Developer,Data Scientist
363,"AI/ML - Research Scientist, Health AI",ai ml,ai ml,ai ml research scientist health ai,ai ml research scientist health ai,ai ml research scientist health ai,ai ml research scientist health ai,,,191042,191042,191042,191042,,,0.5698982324584896,0.5698982324584896,0.5698982324584896,0.5698982324584896,False,False,False,False,False,False,False,False,False,False,False,False,False,False,False,False,False,False,unknown,unknown,Medical Scientist,Medical Scientist,Medical Scientist,Medical Scientist,Database Administrator
364,Lab Systems Administrator,lab systems administrator,lab systems administrator,lab systems administrator,lab systems administrator,lab systems administrator,lab systems administrator,151244,151244,131082,131082,131082,131082,0.9567154678548694,0.9567154678548694,0.2,0.2,0.2,0.2,False,False,False,False,False,False,False,False,False,False,False,False,False,False,False,False,False,False,Network and Computer Systems Administrator,Network and Computer Systems Administrator,Project Management Specialist,Project Management Specialist,Project Management Specialist,Project Management Specialist,Human Resources Manager
365,"IT Sr. Architect, Well",it sr architect well,it sr architect well,it,it,it,it,151299,151299,,,,,0.2654174817255225,0.1921156569043893,,,,,False,False,False,False,False,False,True,True,False,False,False,False,True,True,False,False,False,False,Computer Occupation,Computer Occupation,unknown,unknown,unknown,unknown,Database Architect
366,Energy Markets Analyst,energy markets analyst,energy markets analyst,energy markets analyst,energy markets analyst,energy markets analyst,energy markets analyst,474011,474011,132061,132061,132061,132061,0.1817520901490367,0.1817520901490367,1.0,1.0,1.0,1.0,False,False,False,False,False,False,False,False,False,False,False,False,False,False,False,False,False,False,Construction/Building Inspector,Construction/Building Inspector,Financial Examiner,Financial Examiner,Financial Examiner,Financial Examiner,Data Scientist
367,"Manager, HR Data - Organization Management",manager hr data,manager hr data,manager hr data,manager hr data,hr data manager,hr data manager,439021,439021,411011,411011,113021,113021,0.187422934648582,0.21436227224008575,0.22557078928923693,0.22557078928923693,1.0,1.0,False,False,False,False,False,False,False,False,False,False,True,True,False,False,False,False,True,True,Data Entry Keyer,Data Entry Keyer,Supervisor of Retail Sales Worker,Supervisor of Retail Sales Worker,Computer and Information Systems Manager,Computer and Information Systems Manager,Human Resources Manager
368,"Business Analyst, Workday Core HR Solutions",business analyst workday core hr solutions,business analyst workday core hr solutions,business analyst workday core hr solutions,business analyst workday core hr solutions,business analyst workday core hr solutions,business analyst workday core hr solutions,131111,131111,131111,131111,131111,131111,0.9356517624792997,0.9356517624792997,0.6451921453890733,0.6451921453890733,0.6451921453890733,0.6451921453890733,False,False,False,False,False,False,False,False,False,False,False,False,False,False,False,False,False,False,Management Analyst,Management Analyst,Management Analyst,Management Analyst,Management Analyst,Management Analyst,Data Scientist
369,"Associate Director, Biostatistics",associate director biostatistics,associate director biostatistics,director biostatistics,director biostatistics,biostatistics director,biostatistics director,113051,113051,119111,119111,113071,113071,1.0,1.0,0.21552535777052473,0.21552535777052473,1.0,1.0,False,False,False,False,False,False,False,False,False,False,False,False,False,False,False,False,False,False,Industrial Production Manager,Industrial Production Manager,Medical and Health Services Manager,Medical and Health Services Manager,"Transportation, Storage, and Distribution Manager","Transportation, Storage, and Distribution Manager",Statistician
370,Lead Business Analyst,lead business analyst,lead business analyst,business analyst,business analyst,business analyst,business analyst,131111,131111,131111,131111,131111,131111,0.9356517624792997,0.9356517624792997,0.6451921453890733,0.6451921453890733,0.6451921453890733,0.6451921453890733,False,False,False,False,False,False,False,False,False,False,False,False,False,False,False,False,False,False,Management Analyst,Management Analyst,Management Analyst,Management Analyst,Management Analyst,Management Analyst,Data Scientist
371,Senior Statistician,senior statistician,senior statistician,statistician,statistician,statistician,statistician,152041,152041,152041,152041,152041,152041,1.0,1.0,0.9585492227979274,0.9585492227979274,0.9585492227979274,0.9585492227979274,True,True,True,True,True,True,True,True,True,True,True,True,True,True,True,True,True,True,Statistician,Statistician,Statistician,Statistician,Statistician,Statistician,Statistician
372,"Digital Technology Architect, Pharma",digital technology architect pharma,digital technology architect pharma,digital technology architect pharma,digital technology architect pharma,digital technology architect pharma,digital technology architect pharma,414012,515112,151211,151211,151211,151211,0.12381329113924051,0.13853346456692914,1.0,1.0,1.0,1.0,False,False,False,False,False,False,False,False,True,True,True,True,False,False,True,True,True,True,Wholesales and Manufacturing Sales Representative (Non-Technical Products),Printing Press Operator,Computer Analyst,Computer Analyst,Computer Analyst,Computer Analyst,Database Architect
373,Business Analyst III,business analyst iii,business analyst iii,business analyst,business analyst,business analyst,business analyst,131111,131111,131111,131111,131111,131111,0.9356517624792997,0.9356517624792997,0.6451921453890733,0.6451921453890733,0.6451921453890733,0.6451921453890733,False,False,False,False,False,False,False,False,False,False,False,False,False,False,False,False,False,False,Management Analyst,Management Analyst,Management Analyst,Management Analyst,Management Analyst,Management Analyst,Data Scientist
374,Database Administrator I,database administrator i,database administrator i,database administrator,database administrator,database administrator,database administrator,151242,151242,151243,151243,151243,151243,1.0,1.0,0.4840280553839445,0.4840280553839445,0.4840280553839445,0.4840280553839445,True,True,False,False,False,False,True,True,True,True,True,True,True,True,True,True,True,True,Database Administrator,Database Administrator,Database Architect,Database Architect,Database Architect,Database Architect,Database Administrator
375,Data Scientist,data scientist,data scientist,data scientist,data scientist,data scientist,data scientist,151242,151242,151243,151243,151243,151243,0.8103666245259167,0.8103666245259167,0.2225497420781135,0.2225497420781135,0.2225497420781135,0.2225497420781135,False,False,False,False,False,False,False,False,False,False,False,False,True,True,True,True,True,True,Database Administrator,Database Administrator,Database Architect,Database Architect,Database Architect,Database Architect,Statistician
376,Human Resources Business Partner Senior (IngenioRx),human resources business partner senior,human resources business partner senior,human resources business partner senior,human resources business partner senior,human resources business partner senior,human resources business partner senior,113121,113121,132011,132011,132011,132011,0.3076923076923077,0.3076923076923077,0.7579927154997976,0.7579927154997976,0.7579927154997976,0.7579927154997976,True,True,False,False,False,False,True,True,False,False,False,False,True,True,False,False,False,False,Human Resources Manager,Human Resources Manager,Accountants Auditor,Accountants Auditor,Accountants Auditor,Accountants Auditor,Human Resources Manager
377,Strategic Payroll Senior Manager- Work from home,strategic payroll senior manager  work from home,strategic payroll senior manager  work from home,strategic payroll manager,strategic payroll manager,strategic payroll manager,strategic payroll manager,433051,311121,113111,113111,113111,113111,0.16290023312241306,0.1617970123022847,0.5,0.5,0.5,0.5,False,False,False,False,False,False,False,False,True,True,True,True,False,False,True,True,True,True,Payroll/Timekeeping Clerk,Home Health Aide,Compensation and Benefits Manager,Compensation and Benefits Manager,Compensation and Benefits Manager,Compensation and Benefits Manager,Human Resources Manager
378,Business Analyst (VBA Developer),business analyst,business analyst,business analyst,business analyst,business analyst,business analyst,131111,131111,131111,131111,131111,131111,0.9356517624792997,0.9356517624792997,0.6451921453890733,0.6451921453890733,0.6451921453890733,0.6451921453890733,False,False,False,False,False,False,False,False,False,False,False,False,False,False,False,False,False,False,Management Analyst,Management Analyst,Management Analyst,Management Analyst,Management Analyst,Management Analyst,Data Scientist
379,Data Scientist - Digital and Service Operations (Work from home) - Evernorth,data scientist,data scientist,data scientist,data scientist,data scientist,data scientist,151242,151242,151243,151243,151243,151243,0.8103666245259167,0.8103666245259167,0.2225497420781135,0.2225497420781135,0.2225497420781135,0.2225497420781135,False,False,False,False,False,False,False,False,False,False,False,False,True,True,True,True,True,True,Database Administrator,Database Administrator,Database Architect,Database Architect,Database Architect,Database Architect,Statistician
380,Solutions Architect,solutions architect,solutions architect,solutions architect,solutions architect,solutions architect,solutions architect,151241,151241,151253,151253,151253,151253,0.2,0.2,0.4909117972975208,0.4909117972975208,0.4909117972975208,0.4909117972975208,False,False,False,False,False,False,True,True,True,True,True,True,True,True,True,True,True,True,Computer Network Architect,Computer Network Architect,Software Quality Assurance Analyst,Software Quality Assurance Analyst,Software Quality Assurance Analyst,Software Quality Assurance Analyst,Database Architect
381,Data Scientist,data scientist,data scientist,data scientist,data scientist,data scientist,data scientist,151242,151242,151243,151243,151243,151243,0.8103666245259167,0.8103666245259167,0.2225497420781135,0.2225497420781135,0.2225497420781135,0.2225497420781135,False,False,False,False,False,False,False,False,False,False,False,False,True,True,True,True,True,True,Database Administrator,Database Administrator,Database Architect,Database Architect,Database Architect,Database Architect,Statistician
382,Business Intelligence Developer,business intelligence developer,business intelligence developer,business intelligence developer,business intelligence developer,business intelligence developer,business intelligence developer,151299,151299,151253,151253,151253,151253,0.7549019607843137,0.7549019607843137,0.4545454545454546,0.4545454545454546,0.4545454545454546,0.4545454545454546,False,False,False,False,False,False,False,False,False,False,False,False,True,True,True,True,True,True,Computer Occupation,Computer Occupation,Software Quality Assurance Analyst,Software Quality Assurance Analyst,Software Quality Assurance Analyst,Software Quality Assurance Analyst,Data Scientist
383,"Principle Data Scientist, Advanced Analytics",principle data scientist advanced analytics,principle data scientist advanced analytics,principle data scientist advanced analytics,principle data scientist advanced analytics,principle data scientist advanced analytics,principle data scientist advanced analytics,151242,151242,151243,151243,151243,151243,0.7621878715814506,0.8103666245259167,0.2225497420781135,0.2225497420781135,0.2225497420781135,0.2225497420781135,False,False,False,False,False,False,False,False,False,False,False,False,True,True,True,True,True,True,Database Administrator,Database Administrator,Database Architect,Database Architect,Database Architect,Database Architect,Statistician
384,Data Solutions Analyst,data solutions analyst,data solutions analyst,data solutions analyst,data solutions analyst,data solutions analyst,data solutions analyst,439021,439021,151244,151244,151244,151244,0.28490028490028485,0.2914557447461267,0.5833333333333333,0.5833333333333333,0.5833333333333333,0.5833333333333333,False,False,False,False,False,False,False,False,True,True,True,True,False,False,True,True,True,True,Data Entry Keyer,Data Entry Keyer,Network and Computer Systems Administrator,Network and Computer Systems Administrator,Network and Computer Systems Administrator,Network and Computer Systems Administrator,Database Architect
385,"Senior Business Analyst, Financial Engineering",senior business analyst financial engineering,senior business analyst financial engineering,business analyst financial engineering,business analyst financial engineering,business analyst financial engineering,business analyst financial engineering,131111,131111,131111,131111,131111,131111,0.9356517624792997,0.9356517624792997,0.6451921453890733,0.6451921453890733,0.6451921453890733,0.6451921453890733,False,False,False,False,False,False,False,False,False,False,False,False,False,False,False,False,False,False,Management Analyst,Management Analyst,Management Analyst,Management Analyst,Management Analyst,Management Analyst,Data Scientist
386,Senior Cloud Security Architect,senior cloud security architect,senior cloud security architect,cloud security architect,cloud security architect,cloud security architect,cloud security architect,272032,272032,151212,151212,151212,151212,1.0,1.0,0.2506586375611592,0.2506586375611592,0.2506586375611592,0.2506586375611592,False,False,False,False,False,False,False,False,True,True,True,True,False,False,True,True,True,True,Choreographer,Choreographer,Information Analyst,Information Analyst,Information Analyst,Information Analyst,Database Architect
387,Lead Solution Architect,lead solution architect,lead solution architect,solution architect,solution architect,solution architect,solution architect,151252,151252,131082,131082,131082,131082,0.5118050266565118,0.5118050266565118,0.18132726337644525,0.18132726337644525,0.18132726337644525,0.18132726337644525,False,False,False,False,False,False,True,True,False,False,False,False,True,True,False,False,False,False,Software Developer,Software Developer,Project Management Specialist,Project Management Specialist,Project Management Specialist,Project Management Specialist,Database Architect
388,"Sr. Business Analyst, Business Affairs",sr business analyst business affairs,sr business analyst business affairs,business analyst business affairs,business analyst business affairs,business analyst business affairs,business analyst business affairs,131111,131111,131111,131111,131111,131111,0.9356517624792997,0.9356517624792997,0.6451921453890733,0.6451921453890733,0.6451921453890733,0.6451921453890733,False,False,False,False,False,False,False,False,False,False,False,False,False,False,False,False,False,False,Management Analyst,Management Analyst,Management Analyst,Management Analyst,Management Analyst,Management Analyst,Data Scientist
389,"Manager, HR Business Partner",manager hr business partner,manager hr business partner,manager hr business partner,manager hr business partner,manager hr business partner,manager hr business partner,113031,113031,132011,132011,132011,132011,0.8175182481751825,0.8175182481751825,0.7579927154997976,0.7579927154997976,0.7579927154997976,0.7579927154997976,False,False,False,False,False,False,True,True,False,False,False,False,True,True,False,False,False,False,Financial Manager,Financial Manager,Accountants Auditor,Accountants Auditor,Accountants Auditor,Accountants Auditor,Human Resources Manager
390,DevSecOps Solutions Architect,devsecops solutions architect,devsecops solutions architect,devsecops solutions architect,devsecops solutions architect,devsecops solutions architect,devsecops solutions architect,151241,151241,151252,151252,151252,151252,0.2,0.2,0.5,0.5,0.5,0.5,False,False,False,False,False,False,True,True,True,True,True,True,True,True,True,True,True,True,Computer Network Architect,Computer Network Architect,Software Developer,Software Developer,Software Developer,Software Developer,Database Architect
391,Data Scientist - Recommender Systems,data scientist,data scientist,data scientist,data scientist,data scientist,data scientist,151242,151242,151243,151243,151243,151243,0.8103666245259167,0.8103666245259167,0.2225497420781135,0.2225497420781135,0.2225497420781135,0.2225497420781135,False,False,False,False,False,False,False,False,False,False,False,False,True,True,True,True,True,True,Database Administrator,Database Administrator,Database Architect,Database Architect,Database Architect,Database Architect,Statistician
392,"Analyst, Business Performance Improvement",analyst business performance improvement,analyst business performance improvement,analyst business performance improvement,analyst business performance improvement,business performance improvement analyst,business performance improvement analyst,131111,131111,151211,151211,413091,413091,0.24565003282994088,0.24565003282994088,0.11418820762330804,0.11418820762330804,0.5714285714285714,0.5714285714285714,False,False,False,False,False,False,False,False,False,False,False,False,False,False,True,True,False,False,Management Analyst,Management Analyst,Computer Analyst,Computer Analyst,Sales Representative (Services),Sales Representative (Services),Data Scientist
393,Human Resources Manager,human resources manager,human resources manager,human resources manager,human resources manager,human resources manager,human resources manager,113121,113121,113121,113121,113121,113121,1.0,1.0,1.0,1.0,1.0,1.0,True,True,True,True,True,True,True,True,True,True,True,True,True,True,True,True,True,True,Human Resources Manager,Human Resources Manager,Human Resources Manager,Human Resources Manager,Human Resources Manager,Human Resources Manager,Human Resources Manager
394,Solution Architect,solution architect,solution architect,solution architect,solution architect,solution architect,solution architect,151252,151252,131082,131082,131082,131082,0.5118050266565118,0.5118050266565118,0.18132726337644525,0.18132726337644525,0.18132726337644525,0.18132726337644525,False,False,False,False,False,False,True,True,False,False,False,False,True,True,False,False,False,False,Software Developer,Software Developer,Project Management Specialist,Project Management Specialist,Project Management Specialist,Project Management Specialist,Database Architect
395,Sr. Data Scientist,sr data scientist,sr data scientist,data scientist,data scientist,data scientist,data scientist,151242,151242,151243,151243,151243,151243,0.8103666245259167,0.8103666245259167,0.2225497420781135,0.2225497420781135,0.2225497420781135,0.2225497420781135,False,False,False,False,False,False,False,False,False,False,False,False,True,True,True,True,True,True,Database Administrator,Database Administrator,Database Architect,Database Architect,Database Architect,Database Architect,Statistician
396,"Analyst, Business Support & Analytics",analyst business support  analytics,analyst business support  analytics,analyst business support analytics,analyst business support analytics,business support analytics analyst,business support analytics analyst,131111,131111,151211,151211,152031,152031,1.0,1.0,0.11418820762330804,0.11418820762330804,1.0,1.0,False,False,False,False,False,False,False,False,False,False,True,True,False,False,True,True,True,True,Management Analyst,Management Analyst,Computer Analyst,Computer Analyst,Operations Research Analyst,Operations Research Analyst,Data Scientist
397,Sr Database Administrator,sr database administrator,sr database administrator,database administrator,database administrator,database administrator,database administrator,151242,151242,151243,151243,151243,151243,1.0,1.0,0.4840280553839445,0.4840280553839445,0.4840280553839445,0.4840280553839445,True,True,False,False,False,False,True,True,True,True,True,True,True,True,True,True,True,True,Database Administrator,Database Administrator,Database Architect,Database Architect,Database Architect,Database Architect,Database Administrator
398,"Manager, Human Resources",manager human resources,manager human resources,manager human resources,manager human resources,human resources manager,human resources manager,113121,113121,411011,411011,113121,113121,1.0,1.0,0.22557078928923693,0.22557078928923693,1.0,1.0,True,True,False,False,True,True,True,True,False,False,True,True,True,True,False,False,True,True,Human Resources Manager,Human Resources Manager,Supervisor of Retail Sales Worker,Supervisor of Retail Sales Worker,Human Resources Manager,Human Resources Manager,Human Resources Manager
399,Data Scientist,data scientist,data scientist,data scientist,data scientist,data scientist,data scientist,151242,151242,151243,151243,151243,151243,0.8103666245259167,0.8103666245259167,0.2225497420781135,0.2225497420781135,0.2225497420781135,0.2225497420781135,False,False,False,False,False,False,False,False,False,False,False,False,True,True,True,True,True,True,Database Administrator,Database Administrator,Database Architect,Database Architect,Database Architect,Database Architect,Statistician
400,Sr. MS SQL Server Database Administrator,sr ms sql server database administrator,sr ms sql server database administrator,ms sql server database administrator,ms sql server database administrator,ms sql server database administrator,ms sql server database administrator,151242,151242,151244,151244,151244,151244,1.0,1.0,1.0,1.0,1.0,1.0,True,True,False,False,False,False,True,True,True,True,True,True,True,True,True,True,True,True,Database Administrator,Database Administrator,Network and Computer Systems Administrator,Network and Computer Systems Administrator,Network and Computer Systems Administrator,Network and Computer Systems Administrator,Database Administrator
401,"Director, HR Business Partner",director hr business partner,director hr business partner,director hr business partner,director hr business partner,director hr business partner,director hr business partner,113031,113031,132011,132011,132011,132011,0.8175182481751825,0.8175182481751825,0.7579927154997976,0.7579927154997976,0.7579927154997976,0.7579927154997976,False,False,False,False,False,False,True,True,False,False,False,False,True,True,False,False,False,False,Financial Manager,Financial Manager,Accountants Auditor,Accountants Auditor,Accountants Auditor,Accountants Auditor,Human Resources Manager
402,Cyber Security Solutions Engineer/Architect,cyber security solutions engineer architect,cyber security solutions engineer architect,cyber security solutions engineer architect,cyber security solutions engineer architect,cyber security solutions engineer architect,cyber security solutions engineer architect,151299,151299,151252,151252,151252,151252,0.6,0.6,0.3950617283950617,0.3950617283950617,0.3950617283950617,0.3950617283950617,False,False,False,False,False,False,True,True,True,True,True,True,True,True,True,True,True,True,Computer Occupation,Computer Occupation,Software Developer,Software Developer,Software Developer,Software Developer,Database Architect
403,Senior AI/ML Scientist,senior ai ml scientist,senior ai ml scientist,ai ml scientist,ai ml scientist,ai ml scientist,ai ml scientist,191042,191042,191042,191042,191042,191042,0.17230527143981117,0.17230527143981117,0.34109867751780265,0.34109867751780265,0.34109867751780265,0.34109867751780265,False,False,False,False,False,False,False,False,False,False,False,False,False,False,False,False,False,False,Medical Scientist,Medical Scientist,Medical Scientist,Medical Scientist,Medical Scientist,Medical Scientist,Statistician
404,Senior Systems Administrator I,senior systems administrator i,senior systems administrator i,systems administrator,systems administrator,systems administrator,systems administrator,151244,151244,151244,151244,151244,151244,0.9567154678548694,0.9567154678548694,0.8111517598082503,0.8111517598082503,0.8111517598082503,0.8111517598082503,False,False,False,False,False,False,True,True,True,True,True,True,True,True,True,True,True,True,Network and Computer Systems Administrator,Network and Computer Systems Administrator,Network and Computer Systems Administrator,Network and Computer Systems Administrator,Network and Computer Systems Administrator,Network and Computer Systems Administrator,Database Administrator
405,Human Resources Partner,human resources partner,human resources partner,human resources partner,human resources partner,human resources partner,human resources partner,113121,113121,132011,132011,132011,132011,0.3076923076923077,0.3076923076923077,0.32190998400731097,0.32190998400731097,0.32190998400731097,0.32190998400731097,True,True,False,False,False,False,True,True,False,False,False,False,True,True,False,False,False,False,Human Resources Manager,Human Resources Manager,Accountants Auditor,Accountants Auditor,Accountants Auditor,Accountants Auditor,Human Resources Manager
406,"Manager, Human Resources (HR Solutions)",manager human resources,manager human resources,manager human resources,manager human resources,human resources manager,human resources manager,113121,113121,411011,411011,113121,113121,1.0,1.0,0.22557078928923693,0.22557078928923693,1.0,1.0,True,True,False,False,True,True,True,True,False,False,True,True,True,True,False,False,True,True,Human Resources Manager,Human Resources Manager,Supervisor of Retail Sales Worker,Supervisor of Retail Sales Worker,Human Resources Manager,Human Resources Manager,Human Resources Manager
407,"Solution Architect, Global Marketing Technologies, Social Engagement",solution architect global marketing technologies social engagement,solution architect global marketing technologies social engagement,solution architect global marketing technologies social engagement,solution architect global marketing technologies social engagement,solution architect global marketing technologies social engagement,solution architect global marketing technologies social engagement,151252,151252,131082,131082,131082,131082,0.5118050266565118,0.5118050266565118,0.18132726337644525,0.18132726337644525,0.18132726337644525,0.18132726337644525,False,False,False,False,False,False,True,True,False,False,False,False,True,True,False,False,False,False,Software Developer,Software Developer,Project Management Specialist,Project Management Specialist,Project Management Specialist,Project Management Specialist,Database Architect
408,Sr. Systems Administrator,sr systems administrator,sr systems administrator,systems administrator,systems administrator,systems administrator,systems administrator,151244,151244,151244,151244,151244,151244,0.9567154678548694,0.9567154678548694,0.8111517598082503,0.8111517598082503,0.8111517598082503,0.8111517598082503,False,False,False,False,False,False,True,True,True,True,True,True,True,True,True,True,True,True,Network and Computer Systems Administrator,Network and Computer Systems Administrator,Network and Computer Systems Administrator,Network and Computer Systems Administrator,Network and Computer Systems Administrator,Network and Computer Systems Administrator,Database Administrator
409,Sr HR Business Partner,sr hr business partner,sr hr business partner,hr business partner,hr business partner,hr business partner,hr business partner,113031,113031,132011,132011,132011,132011,0.8175182481751825,0.8175182481751825,0.7579927154997976,0.7579927154997976,0.7579927154997976,0.7579927154997976,False,False,False,False,False,False,True,True,False,False,False,False,True,True,False,False,False,False,Financial Manager,Financial Manager,Accountants Auditor,Accountants Auditor,Accountants Auditor,Accountants Auditor,Human Resources Manager
410,DB2 Mainframe Database Administrator,db2 mainframe database administrator,db2 mainframe database administrator,db mainframe database administrator,db mainframe database administrator,db mainframe database administrator,db mainframe database administrator,151242,151242,151244,151244,151244,151244,1.0,1.0,0.8461538461538463,0.8461538461538463,0.8461538461538463,0.8461538461538463,True,True,False,False,False,False,True,True,True,True,True,True,True,True,True,True,True,True,Database Administrator,Database Administrator,Network and Computer Systems Administrator,Network and Computer Systems Administrator,Network and Computer Systems Administrator,Network and Computer Systems Administrator,Database Administrator
411,Human Resources Business Partner- Corporate Technology,human resources business partner  corporate technology,human resources business partner  corporate technology,human resources business partner,human resources business partner,human resources business partner,human resources business partner,113121,113121,132011,132011,132011,132011,0.3076923076923077,0.3076923076923077,0.7579927154997976,0.7579927154997976,0.7579927154997976,0.7579927154997976,True,True,False,False,False,False,True,True,False,False,False,False,True,True,False,False,False,False,Human Resources Manager,Human Resources Manager,Accountants Auditor,Accountants Auditor,Accountants Auditor,Accountants Auditor,Human Resources Manager
412,Oracle Database Administrator,oracle database administrator,oracle database administrator,oracle database administrator,oracle database administrator,oracle database administrator,oracle database administrator,151242,151242,151243,151243,151243,151243,1.0,1.0,0.4840280553839445,0.4840280553839445,0.4840280553839445,0.4840280553839445,True,True,False,False,False,False,True,True,True,True,True,True,True,True,True,True,True,True,Database Administrator,Database Administrator,Database Architect,Database Architect,Database Architect,Database Architect,Database Administrator
413,Human Resources Business Partner,human resources business partner,human resources business partner,human resources business partner,human resources business partner,human resources business partner,human resources business partner,113121,113121,132011,132011,132011,132011,0.3076923076923077,0.3076923076923077,0.7579927154997976,0.7579927154997976,0.7579927154997976,0.7579927154997976,True,True,False,False,False,False,True,True,False,False,False,False,True,True,False,False,False,False,Human Resources Manager,Human Resources Manager,Accountants Auditor,Accountants Auditor,Accountants Auditor,Accountants Auditor,Human Resources Manager
414,"DIRECTOR, HR BUSINESS PARTNER, GLOBAL SPORTS MARKETING",director hr business partner global sports marketing,director hr business partner global sports marketing,director hr business partner global sports marketing,director hr business partner global sports marketing,hr business partner global sports marketing director,hr business partner global sports marketing director,113031,113031,132011,132011,112021,112021,0.8175182481751825,0.8175182481751825,0.7579927154997976,0.7579927154997976,1.0,1.0,False,False,False,False,False,False,True,True,False,False,False,False,True,True,False,False,True,True,Financial Manager,Financial Manager,Accountants Auditor,Accountants Auditor,Marketing Manager,Marketing Manager,Human Resources Manager
415,HR Manager,hr manager,hr manager,hr manager,hr manager,hr manager,hr manager,113121,113121,411011,411011,411011,411011,1.0,1.0,0.22557078928923693,0.22557078928923693,0.22557078928923693,0.22557078928923693,True,True,False,False,False,False,True,True,False,False,False,False,True,True,False,False,False,False,Human Resources Manager,Human Resources Manager,Supervisor of Retail Sales Worker,Supervisor of Retail Sales Worker,Supervisor of Retail Sales Worker,Supervisor of Retail Sales Worker,Human Resources Manager
416,EXPERIENCED HUMAN RESOURCES BUSINESS PARTNER,experienced human resources business partner,experienced human resources business partner,experienced human resources business partner,experienced human resources business partner,experienced human resources business partner,experienced human resources business partner,113121,113121,132011,132011,132011,132011,0.3076923076923077,0.3076923076923077,0.7579927154997976,0.7579927154997976,0.7579927154997976,0.7579927154997976,True,True,False,False,False,False,True,True,False,False,False,False,True,True,False,False,False,False,Human Resources Manager,Human Resources Manager,Accountants Auditor,Accountants Auditor,Accountants Auditor,Accountants Auditor,Human Resources Manager
417,"AVP, HR Business Partner",avp hr business partner,avp hr business partner,avp hr business partner,avp hr business partner,avp hr business partner,avp hr business partner,113031,113031,132011,132011,132011,132011,0.8175182481751825,0.8175182481751825,0.7579927154997976,0.7579927154997976,0.7579927154997976,0.7579927154997976,False,False,False,False,False,False,True,True,False,False,False,False,True,True,False,False,False,False,Financial Manager,Financial Manager,Accountants Auditor,Accountants Auditor,Accountants Auditor,Accountants Auditor,Human Resources Manager
418,HUMAN RESOURCES MANAGER,human resources manager,human resources manager,human resources manager,human resources manager,human resources manager,human resources manager,113121,113121,113121,113121,113121,113121,1.0,1.0,1.0,1.0,1.0,1.0,True,True,True,True,True,True,True,True,True,True,True,True,True,True,True,True,True,True,Human Resources Manager,Human Resources Manager,Human Resources Manager,Human Resources Manager,Human Resources Manager,Human Resources Manager,Human Resources Manager
419,"Human Resources Manager - Decatur, IL",human resources manager,human resources manager,human resources manager,human resources manager,human resources manager,human resources manager,113121,113121,113121,113121,113121,113121,1.0,1.0,1.0,1.0,1.0,1.0,True,True,True,True,True,True,True,True,True,True,True,True,True,True,True,True,True,True,Human Resources Manager,Human Resources Manager,Human Resources Manager,Human Resources Manager,Human Resources Manager,Human Resources Manager,Human Resources Manager
420,"Dir, Human Resources",dir human resources,dir human resources,dir human resources,dir human resources,dir human resources,dir human resources,113121,113121,,,,,0.3076923076923077,0.3076923076923077,,,,,True,True,False,False,False,False,True,True,False,False,False,False,True,True,False,False,False,False,Human Resources Manager,Human Resources Manager,unknown,unknown,unknown,unknown,Human Resources Manager
421,Human Resources Business Partner,human resources business partner,human resources business partner,human resources business partner,human resources business partner,human resources business partner,human resources business partner,113121,113121,132011,132011,132011,132011,0.3076923076923077,0.3076923076923077,0.7579927154997976,0.7579927154997976,0.7579927154997976,0.7579927154997976,True,True,False,False,False,False,True,True,False,False,False,False,True,True,False,False,False,False,Human Resources Manager,Human Resources Manager,Accountants Auditor,Accountants Auditor,Accountants Auditor,Accountants Auditor,Human Resources Manager
422,Human Resources Manager,human resources manager,human resources manager,human resources manager,human resources manager,human resources manager,human resources manager,113121,113121,113121,113121,113121,113121,1.0,1.0,1.0,1.0,1.0,1.0,True,True,True,True,True,True,True,True,True,True,True,True,True,True,True,True,True,True,Human Resources Manager,Human Resources Manager,Human Resources Manager,Human Resources Manager,Human Resources Manager,Human Resources Manager,Human Resources Manager
423,Child Health/Vaccination Registered Nurse,child health vaccination registered nurse,child health vaccination registered nurse,child health vaccination registered nurse,child health vaccination registered nurse,child health vaccination registered nurse,child health vaccination registered nurse,291141,292099,291141,291141,291141,291141,0.9728285444156699,0.33333333333333337,0.999525435389143,0.999525435389143,0.999525435389143,0.999525435389143,True,False,True,True,True,True,True,False,True,True,True,True,True,True,True,True,True,True,Registered Nurse,Health Technologist/Technician,Registered Nurse,Registered Nurse,Registered Nurse,Registered Nurse,Registered Nurse
424,Nurse Practitioner,nurse practitioner,nurse practitioner,nurse practitioner,nurse practitioner,nurse practitioner,nurse practitioner,291171,291171,291171,291171,291171,291171,0.891304347826087,0.891304347826087,0.6706989755415265,0.6706989755415265,0.6706989755415265,0.6706989755415265,True,True,True,True,True,True,True,True,True,True,True,True,True,True,True,True,True,True,Nurse Practitioner,Nurse Practitioner,Nurse Practitioner,Nurse Practitioner,Nurse Practitioner,Nurse Practitioner,Nurse Practitioner
425,Nurse Practitioner,nurse practitioner,nurse practitioner,nurse practitioner,nurse practitioner,nurse practitioner,nurse practitioner,291171,291171,291171,291171,291171,291171,0.891304347826087,0.891304347826087,0.6706989755415265,0.6706989755415265,0.6706989755415265,0.6706989755415265,True,True,True,True,True,True,True,True,True,True,True,True,True,True,True,True,True,True,Nurse Practitioner,Nurse Practitioner,Nurse Practitioner,Nurse Practitioner,Nurse Practitioner,Nurse Practitioner,Nurse Practitioner
426,Nurse Practitioner,nurse practitioner,nurse practitioner,nurse practitioner,nurse practitioner,nurse practitioner,nurse practitioner,291171,291171,291171,291171,291171,291171,0.891304347826087,0.891304347826087,0.6706989755415265,0.6706989755415265,0.6706989755415265,0.6706989755415265,True,True,True,True,True,True,True,True,True,True,True,True,True,True,True,True,True,True,Nurse Practitioner,Nurse Practitioner,Nurse Practitioner,Nurse Practitioner,Nurse Practitioner,Nurse Practitioner,Nurse Practitioner
427,Nurse Practitioner,nurse practitioner,nurse practitioner,nurse practitioner,nurse practitioner,nurse practitioner,nurse practitioner,291171,291171,291171,291171,291171,291171,0.891304347826087,0.891304347826087,0.6706989755415265,0.6706989755415265,0.6706989755415265,0.6706989755415265,True,True,True,True,True,True,True,True,True,True,True,True,True,True,True,True,True,True,Nurse Practitioner,Nurse Practitioner,Nurse Practitioner,Nurse Practitioner,Nurse Practitioner,Nurse Practitioner,Nurse Practitioner
428,"Nurse Practitioner, Physician Assistant",nurse practitioner physician assistant,nurse practitioner physician assistant,nurse practitioner physician assistant,nurse practitioner physician assistant,nurse practitioner physician assistant,nurse practitioner physician assistant,291071,291071,291071,291071,291071,291071,1.0,1.0,1.0,1.0,1.0,1.0,False,False,False,False,False,False,True,True,True,True,True,True,True,True,True,True,True,True,Physician Assistant,Physician Assistant,Physician Assistant,Physician Assistant,Physician Assistant,Physician Assistant,Nurse Practitioner
429,Nurse Practitioner or Physician Assistant,nurse practitioner or physician assistant,nurse practitioner or physician assistant,nurse practitioner or physician assistant,nurse practitioner or physician assistant,nurse practitioner or physician assistant,nurse practitioner or physician assistant,291171,291171,291071,291071,291071,291071,0.6471680594243269,0.891304347826087,0.9591197703748804,0.9591197703748804,0.9591197703748804,0.9591197703748804,True,True,False,False,False,False,True,True,True,True,True,True,True,True,True,True,True,True,Nurse Practitioner,Nurse Practitioner,Physician Assistant,Physician Assistant,Physician Assistant,Physician Assistant,Nurse Practitioner
430,Nurse Practitioner  (NP) / Physician Assistant (PA),nurse practitioner     physician assistant,nurse practitioner     physician assistant,nurse practitioner,nurse practitioner,nurse practitioner,nurse practitioner,291071,291071,291171,291171,291171,291171,1.0,1.0,0.6706989755415265,0.6706989755415265,0.6706989755415265,0.6706989755415265,False,False,True,True,True,True,True,True,True,True,True,True,True,True,True,True,True,True,Physician Assistant,Physician Assistant,Nurse Practitioner,Nurse Practitioner,Nurse Practitioner,Nurse Practitioner,Nurse Practitioner
431,CNA II - Licensed in NC,cna ii,cna ii,cna,cna,cna,cna,311131,311131,311131,311131,311131,311131,0.9517167381974249,0.9517167381974249,1.0,1.0,1.0,1.0,True,True,True,True,True,True,True,True,True,True,True,True,True,True,True,True,True,True,Nursing Assistant,Nursing Assistant,Nursing Assistant,Nursing Assistant,Nursing Assistant,Nursing Assistant,Nursing Assistant
432,RN - Endoscopy,rn,rn,rn endoscopy,rn endoscopy,rn endoscopy,rn endoscopy,291141,291141,291141,291141,291141,291141,0.9726519337016575,0.9726519337016575,1.0,1.0,1.0,1.0,True,True,True,True,True,True,True,True,True,True,True,True,True,True,True,True,True,True,Registered Nurse,Registered Nurse,Registered Nurse,Registered Nurse,Registered Nurse,Registered Nurse,Registered Nurse
433,RN for Remote Patient Monitoring Program,rn for remote patient monitoring program,rn for remote patient monitoring program,remote patient monitoring program rn,remote patient monitoring program rn,remote patient monitoring program rn,remote patient monitoring program rn,291141,291141,291141,291141,291141,291141,0.48382254089177684,0.4306560636182903,1.0,1.0,1.0,1.0,True,True,True,True,True,True,True,True,True,True,True,True,True,True,True,True,True,True,Registered Nurse,Registered Nurse,Registered Nurse,Registered Nurse,Registered Nurse,Registered Nurse,Registered Nurse
434,RN or LPN,rn or lpn,rn or lpn,rn or lpn,rn or lpn,rn or lpn,rn or lpn,291141,291141,292061,292061,292061,292061,0.8220816025466827,0.7123296865561447,1.0,1.0,1.0,1.0,True,True,False,False,False,False,True,True,False,False,False,False,True,True,True,True,True,True,Registered Nurse,Registered Nurse,Licensed Practical or Licensed Vocational Nurse,Licensed Practical or Licensed Vocational Nurse,Licensed Practical or Licensed Vocational Nurse,Licensed Practical or Licensed Vocational Nurse,Registered Nurse
435,Lab Medical Technologist PRN,lab medical technologist prn,lab medical technologist prn,lab medical technologist prn,lab medical technologist prn,lab medical technologist prn,lab medical technologist prn,292011,292011,311132,311132,311132,311132,1.0,1.0,1.0,1.0,1.0,1.0,True,True,False,False,False,False,True,True,False,False,False,False,True,True,False,False,False,False,Medical/Clinical Laboratory Technologist,Medical/Clinical Laboratory Technologist,Orderly,Orderly,Orderly,Orderly,Medical/Clinical Laboratory Technologist
436,Medical Technologist,medical technologist,medical technologist,medical technologist,medical technologist,medical technologist,medical technologist,292011,292011,292011,292011,292011,292011,0.954954954954955,0.954954954954955,0.9833265555103701,0.9833265555103701,0.9833265555103701,0.9833265555103701,True,True,True,True,True,True,True,True,True,True,True,True,True,True,True,True,True,True,Medical/Clinical Laboratory Technologist,Medical/Clinical Laboratory Technologist,Medical/Clinical Laboratory Technologist,Medical/Clinical Laboratory Technologist,Medical/Clinical Laboratory Technologist,Medical/Clinical Laboratory Technologist,Medical/Clinical Laboratory Technologist
437,Certified Medical Technologist III,certified medical technologist iii,certified medical technologist iii,certified medical technologist,certified medical technologist,certified medical technologist,certified medical technologist,319092,319092,292011,292011,292011,292011,0.6948608137044968,0.6948608137044968,1.0,1.0,1.0,1.0,False,False,True,True,True,True,False,False,True,True,True,True,False,False,True,True,True,True,Medical Assistant,Medical Assistant,Medical/Clinical Laboratory Technologist,Medical/Clinical Laboratory Technologist,Medical/Clinical Laboratory Technologist,Medical/Clinical Laboratory Technologist,Medical/Clinical Laboratory Technologist
438,Medical Technologist,medical technologist,medical technologist,medical technologist,medical technologist,medical technologist,medical technologist,292011,292011,292011,292011,292011,292011,0.954954954954955,0.954954954954955,0.9833265555103701,0.9833265555103701,0.9833265555103701,0.9833265555103701,True,True,True,True,True,True,True,True,True,True,True,True,True,True,True,True,True,True,Medical/Clinical Laboratory Technologist,Medical/Clinical Laboratory Technologist,Medical/Clinical Laboratory Technologist,Medical/Clinical Laboratory Technologist,Medical/Clinical Laboratory Technologist,Medical/Clinical Laboratory Technologist,Medical/Clinical Laboratory Technologist
439,Clinical Laboratory Assistant,clinical laboratory assistant,clinical laboratory assistant,clinical laboratory assistant,clinical laboratory assistant,clinical laboratory assistant,clinical laboratory assistant,292012,292012,292012,292012,292012,292012,1.0,1.0,1.0,1.0,1.0,1.0,True,True,True,True,True,True,True,True,True,True,True,True,True,True,True,True,True,True,Medical/Clinical Laboratory Technician,Medical/Clinical Laboratory Technician,Medical/Clinical Laboratory Technician,Medical/Clinical Laboratory Technician,Medical/Clinical Laboratory Technician,Medical/Clinical Laboratory Technician,Medical/Clinical Laboratory Technician
440,Medical Technologist,medical technologist,medical technologist,medical technologist,medical technologist,medical technologist,medical technologist,292011,292011,292011,292011,292011,292011,0.954954954954955,0.954954954954955,0.9833265555103701,0.9833265555103701,0.9833265555103701,0.9833265555103701,True,True,True,True,True,True,True,True,True,True,True,True,True,True,True,True,True,True,Medical/Clinical Laboratory Technologist,Medical/Clinical Laboratory Technologist,Medical/Clinical Laboratory Technologist,Medical/Clinical Laboratory Technologist,Medical/Clinical Laboratory Technologist,Medical/Clinical Laboratory Technologist,Medical/Clinical Laboratory Technologist
441,Medical Laboratory Tech II,medical laboratory tech ii,medical laboratory tech ii,medical laboratory tech,medical laboratory tech,medical laboratory tech,medical laboratory tech,292012,292012,292012,292012,292012,292012,0.6900662251655629,0.6900662251655629,1.0,1.0,1.0,1.0,True,True,True,True,True,True,True,True,True,True,True,True,True,True,True,True,True,True,Medical/Clinical Laboratory Technician,Medical/Clinical Laboratory Technician,Medical/Clinical Laboratory Technician,Medical/Clinical Laboratory Technician,Medical/Clinical Laboratory Technician,Medical/Clinical Laboratory Technician,Medical/Clinical Laboratory Technician
442,Medical Technologist - Cytogenetics,medical technologist,medical technologist,medical technologist,medical technologist,medical technologist,medical technologist,292011,292011,292011,292011,292011,292011,0.954954954954955,0.954954954954955,0.9833265555103701,0.9833265555103701,0.9833265555103701,0.9833265555103701,True,True,True,True,True,True,True,True,True,True,True,True,True,True,True,True,True,True,Medical/Clinical Laboratory Technologist,Medical/Clinical Laboratory Technologist,Medical/Clinical Laboratory Technologist,Medical/Clinical Laboratory Technologist,Medical/Clinical Laboratory Technologist,Medical/Clinical Laboratory Technologist,Medical/Clinical Laboratory Technologist
443,Medical Technologist MT,medical technologist mt,medical technologist mt,medical technologist mt,medical technologist mt,medical technologist mt,medical technologist mt,292011,292011,292011,292011,292011,292011,0.954954954954955,0.954954954954955,1.0,1.0,1.0,1.0,True,True,True,True,True,True,True,True,True,True,True,True,True,True,True,True,True,True,Medical/Clinical Laboratory Technologist,Medical/Clinical Laboratory Technologist,Medical/Clinical Laboratory Technologist,Medical/Clinical Laboratory Technologist,Medical/Clinical Laboratory Technologist,Medical/Clinical Laboratory Technologist,Medical/Clinical Laboratory Technologist
444,Lab Assistant,lab assistant,lab assistant,lab assistant,lab assistant,lab assistant,lab assistant,194021,194021,319097,319097,319097,319097,1.0,1.0,0.4619332763045338,0.4619332763045338,0.4619332763045338,0.4619332763045338,False,False,False,False,False,False,False,False,False,False,False,False,False,False,False,False,False,False,Biological Technician,Biological Technician,Phlebotomist,Phlebotomist,Phlebotomist,Phlebotomist,Medical/Clinical Laboratory Technician
445,Laboratory Assistant/Phlebotomist,laboratory assistant phlebotomist,laboratory assistant phlebotomist,laboratory phlebotomist,laboratory phlebotomist,laboratory phlebotomist,laboratory phlebotomist,292012,292012,319097,319097,319097,319097,0.3067484662576687,0.3067484662576687,0.8615384615384616,0.8615384615384616,0.8615384615384616,0.8615384615384616,True,True,False,False,False,False,True,True,False,False,False,False,True,True,False,False,False,False,Medical/Clinical Laboratory Technician,Medical/Clinical Laboratory Technician,Phlebotomist,Phlebotomist,Phlebotomist,Phlebotomist,Medical/Clinical Laboratory Technician
446,Laboratory Assistant,laboratory assistant,laboratory assistant,laboratory assistant,laboratory assistant,laboratory assistant,laboratory assistant,292012,292012,292012,292012,292012,292012,0.3067484662576687,0.3067484662576687,0.8795180722891566,0.8795180722891566,0.8795180722891566,0.8795180722891566,True,True,True,True,True,True,True,True,True,True,True,True,True,True,True,True,True,True,Medical/Clinical Laboratory Technician,Medical/Clinical Laboratory Technician,Medical/Clinical Laboratory Technician,Medical/Clinical Laboratory Technician,Medical/Clinical Laboratory Technician,Medical/Clinical Laboratory Technician,Medical/Clinical Laboratory Technician
447,Registered Nurse Neuro Intensive Care Unit,registered nurse neuro intensive care unit,registered nurse neuro intensive care unit,registered nurse neuro intensive care unit,registered nurse neuro intensive care unit,registered nurse neuro intensive care unit,registered nurse neuro intensive care unit,291141,291141,291141,291141,291141,291141,1.0,1.0,0.999525435389143,0.999525435389143,0.999525435389143,0.999525435389143,True,True,True,True,True,True,True,True,True,True,True,True,True,True,True,True,True,True,Registered Nurse,Registered Nurse,Registered Nurse,Registered Nurse,Registered Nurse,Registered Nurse,Registered Nurse
448,Registered Nurse MSICU,registered nurse msicu,registered nurse msicu,registered nurse msicu,registered nurse msicu,registered nurse msicu,registered nurse msicu,291141,291141,291141,291141,291141,291141,0.9788642097861604,0.9788642097861604,0.999525435389143,0.999525435389143,0.999525435389143,0.999525435389143,True,True,True,True,True,True,True,True,True,True,True,True,True,True,True,True,True,True,Registered Nurse,Registered Nurse,Registered Nurse,Registered Nurse,Registered Nurse,Registered Nurse,Registered Nurse
449,OR RN PRN,or rn prn,or rn prn,or rn prn,or rn prn,or rn prn,or rn prn,291141,291141,311132,311132,311132,311132,1.0,1.0,1.0,1.0,1.0,1.0,True,True,False,False,False,False,True,True,False,False,False,False,True,True,False,False,False,False,Registered Nurse,Registered Nurse,Orderly,Orderly,Orderly,Orderly,Registered Nurse
450,Registered Nurse (RN) Renal Medicine,registered nurse  renal medicine,registered nurse  renal medicine,registered nurse,registered nurse,registered nurse,rn,291141,291141,291141,291141,291141,291141,0.9788642097861604,0.9788642097861604,0.999525435389143,0.999525435389143,0.999525435389143,1.0,True,True,True,True,True,True,True,True,True,True,True,True,True,True,True,True,True,True,Registered Nurse,Registered Nurse,Registered Nurse,Registered Nurse,Registered Nurse,Registered Nurse,Registered Nurse
451,Registered Nurse (RN) Pedi Surgery (OR),registered nurse  pedi surgery,registered nurse  pedi surgery,registered nurse,registered nurse,registered nurse,rn,291141,291141,291141,291141,291141,291141,0.9788642097861604,0.9788642097861604,0.999525435389143,0.999525435389143,0.999525435389143,1.0,True,True,True,True,True,True,True,True,True,True,True,True,True,True,True,True,True,True,Registered Nurse,Registered Nurse,Registered Nurse,Registered Nurse,Registered Nurse,Registered Nurse,Registered Nurse
452,Registered Nurse - Universal Trauma Unit - PRN,registered nurse,registered nurse,registered nurse,registered nurse,registered nurse,registered nurse,291141,291141,291141,291141,291141,291141,0.9788642097861604,0.9788642097861604,0.999525435389143,0.999525435389143,0.999525435389143,0.999525435389143,True,True,True,True,True,True,True,True,True,True,True,True,True,True,True,True,True,True,Registered Nurse,Registered Nurse,Registered Nurse,Registered Nurse,Registered Nurse,Registered Nurse,Registered Nurse
453,Emergency Room Registered Nurse PRN,emergency room registered nurse prn,emergency room registered nurse prn,emergency room registered nurse prn,emergency room registered nurse prn,emergency room registered nurse prn,emergency room registered nurse prn,291141,291141,311132,311132,311132,311132,1.0,1.0,1.0,1.0,1.0,1.0,True,True,False,False,False,False,True,True,False,False,False,False,True,True,False,False,False,False,Registered Nurse,Registered Nurse,Orderly,Orderly,Orderly,Orderly,Registered Nurse
454,Registered Nurse (RN) - Day Surgery,registered nurse,registered nurse,registered nurse,registered nurse,registered nurse,rn,291141,291141,291141,291141,291141,291141,0.9788642097861604,0.9788642097861604,0.999525435389143,0.999525435389143,0.999525435389143,1.0,True,True,True,True,True,True,True,True,True,True,True,True,True,True,True,True,True,True,Registered Nurse,Registered Nurse,Registered Nurse,Registered Nurse,Registered Nurse,Registered Nurse,Registered Nurse
455,Infusion Registered Nurse,infusion registered nurse,infusion registered nurse,infusion registered nurse,infusion registered nurse,infusion registered nurse,infusion registered nurse,291141,291141,291141,291141,291141,291141,1.0,1.0,1.0,1.0,1.0,1.0,True,True,True,True,True,True,True,True,True,True,True,True,True,True,True,True,True,True,Registered Nurse,Registered Nurse,Registered Nurse,Registered Nurse,Registered Nurse,Registered Nurse,Registered Nurse
456,Registered Nurse Operating Room,registered nurse operating room,registered nurse operating room,registered nurse operating room,registered nurse operating room,registered nurse operating room,registered nurse operating room,291141,291141,291141,291141,291141,291141,1.0,1.0,0.999525435389143,0.999525435389143,0.999525435389143,0.999525435389143,True,True,True,True,True,True,True,True,True,True,True,True,True,True,True,True,True,True,Registered Nurse,Registered Nurse,Registered Nurse,Registered Nurse,Registered Nurse,Registered Nurse,Registered Nurse
457,SeniorBridge Per Diem RN Care Manager,seniorbridge per diem rn care manager,seniorbridge per diem rn care manager,seniorbridge per diem rn care manager,seniorbridge per diem rn care manager,seniorbridge per diem rn care manager,seniorbridge per diem rn care manager,291141,291141,291141,291141,291141,291141,1.0,1.0,1.0,1.0,1.0,1.0,True,True,True,True,True,True,True,True,True,True,True,True,True,True,True,True,True,True,Registered Nurse,Registered Nurse,Registered Nurse,Registered Nurse,Registered Nurse,Registered Nurse,Registered Nurse
458,HHA/CNA,hha cna,hha cna,hha cna,hha cna,hha cna,hha cna,311131,311131,311131,311131,311131,311131,0.9517167381974249,0.9517167381974249,1.0,1.0,1.0,1.0,False,False,False,False,False,False,True,True,True,True,True,True,True,True,True,True,True,True,Nursing Assistant,Nursing Assistant,Nursing Assistant,Nursing Assistant,Nursing Assistant,Nursing Assistant,Home Health Aide
459,Field Nurse Practitioner or Physician Assistant - Your Home Advantage,field nurse practitioner or physician assistant,field nurse practitioner or physician assistant,field nurse practitioner or physician assistant,field nurse practitioner or physician assistant,field nurse practitioner or physician assistant,field nurse practitioner or physician assistant,291141,291141,291071,291071,291071,291071,1.0,1.0,0.9591197703748804,0.9591197703748804,0.9591197703748804,0.9591197703748804,False,False,False,False,False,False,True,True,True,True,True,True,True,True,True,True,True,True,Registered Nurse,Registered Nurse,Physician Assistant,Physician Assistant,Physician Assistant,Physician Assistant,Nurse Practitioner
460,Nurse Practitioner for Clinic,nurse practitioner for clinic,nurse practitioner for clinic,clinic nurse practitioner,clinic nurse practitioner,clinic nurse practitioner,clinic nurse practitioner,291171,291171,291291,291291,291291,291291,0.891304347826087,0.891304347826087,0.5,0.5,0.5,0.5,True,True,False,False,False,False,True,True,True,True,True,True,True,True,True,True,True,True,Nurse Practitioner,Nurse Practitioner,Acupuncturist,Acupuncturist,Acupuncturist,Acupuncturist,Nurse Practitioner
461,Nurse Practitioner - CenterWell - Kansas,nurse practitioner,nurse practitioner,nurse practitioner,nurse practitioner,nurse practitioner,nurse practitioner,291171,291171,291171,291171,291171,291171,0.891304347826087,0.891304347826087,0.6706989755415265,0.6706989755415265,0.6706989755415265,0.6706989755415265,True,True,True,True,True,True,True,True,True,True,True,True,True,True,True,True,True,True,Nurse Practitioner,Nurse Practitioner,Nurse Practitioner,Nurse Practitioner,Nurse Practitioner,Nurse Practitioner,Nurse Practitioner
462,Nurse Practitioner - Palliative Care,nurse practitioner,nurse practitioner,nurse practitioner,nurse practitioner,nurse practitioner,nurse practitioner,291171,291171,291171,291171,291171,291171,0.891304347826087,0.891304347826087,0.6706989755415265,0.6706989755415265,0.6706989755415265,0.6706989755415265,True,True,True,True,True,True,True,True,True,True,True,True,True,True,True,True,True,True,Nurse Practitioner,Nurse Practitioner,Nurse Practitioner,Nurse Practitioner,Nurse Practitioner,Nurse Practitioner,Nurse Practitioner
463,Nurse Practitioner - Part time - 30 hours - Evernorth - Washington DC,nurse practitioner,nurse practitioner,nurse practitioner,nurse practitioner,nurse practitioner,nurse practitioner,291171,291171,291171,291171,291171,291171,0.891304347826087,0.891304347826087,0.6706989755415265,0.6706989755415265,0.6706989755415265,0.6706989755415265,True,True,True,True,True,True,True,True,True,True,True,True,True,True,True,True,True,True,Nurse Practitioner,Nurse Practitioner,Nurse Practitioner,Nurse Practitioner,Nurse Practitioner,Nurse Practitioner,Nurse Practitioner
464,"Home Infusion Nurse, per Diem - Accredo",home infusion nurse per diem,home infusion nurse per diem,home infusion nurse per diem,home infusion nurse per diem,home infusion nurse per diem,home infusion nurse per diem,312021,312021,292061,292061,292061,292061,1.0,1.0,1.0,1.0,1.0,1.0,False,False,False,False,False,False,False,False,False,False,False,False,False,False,True,True,True,True,Physical Therapist Assistant,Physical Therapist Assistant,Licensed Practical or Licensed Vocational Nurse,Licensed Practical or Licensed Vocational Nurse,Licensed Practical or Licensed Vocational Nurse,Licensed Practical or Licensed Vocational Nurse,Registered Nurse
465,Registered Nurse (Apache Junction),registered nurse,registered nurse,registered nurse,registered nurse,registered nurse,registered nurse,291141,291141,291141,291141,291141,291141,0.9788642097861604,0.9788642097861604,0.999525435389143,0.999525435389143,0.999525435389143,0.999525435389143,True,True,True,True,True,True,True,True,True,True,True,True,True,True,True,True,True,True,Registered Nurse,Registered Nurse,Registered Nurse,Registered Nurse,Registered Nurse,Registered Nurse,Registered Nurse
466,"Nurse Practitioner HouseCalls - Douglas, Sarpy, NE",nurse practitioner housecalls,nurse practitioner housecalls,nurse practitioner housecalls,nurse practitioner housecalls,practitioner housecalls nurse,practitioner housecalls nurse,291171,291171,291171,291171,291141,291141,0.891304347826087,0.891304347826087,0.6706989755415265,0.6706989755415265,0.7385092067457089,0.7385092067457089,True,True,True,True,False,False,True,True,True,True,True,True,True,True,True,True,True,True,Nurse Practitioner,Nurse Practitioner,Nurse Practitioner,Nurse Practitioner,Registered Nurse,Registered Nurse,Nurse Practitioner
467,"Nurse Practitioner, Long Term Care - New Haven, CT",nurse practitioner long term care,nurse practitioner long term care,nurse practitioner long term care,nurse practitioner long term care,practitioner long term care nurse,practitioner long term care nurse,211022,211022,291171,291171,291141,291141,0.33333333333333337,0.33333333333333337,0.6706989755415265,0.6706989755415265,0.887202832574608,0.887202832574608,False,False,True,True,False,False,False,False,True,True,True,True,False,False,True,True,True,True,Healthcare Social Worker,Healthcare Social Worker,Nurse Practitioner,Nurse Practitioner,Registered Nurse,Registered Nurse,Nurse Practitioner
468,"Nurse Practitioner or Physician Assistant - WellMed - Mission, TX",nurse practitioner or physician assistant,nurse practitioner or physician assistant,nurse practitioner or physician assistant,nurse practitioner or physician assistant,nurse practitioner or physician assistant,nurse practitioner or physician assistant,291171,291171,291071,291071,291071,291071,0.6471680594243269,0.891304347826087,0.9591197703748804,0.9591197703748804,0.9591197703748804,0.9591197703748804,True,True,False,False,False,False,True,True,True,True,True,True,True,True,True,True,True,True,Nurse Practitioner,Nurse Practitioner,Physician Assistant,Physician Assistant,Physician Assistant,Physician Assistant,Nurse Practitioner
469,Nurse Practitioner,nurse practitioner,nurse practitioner,nurse practitioner,nurse practitioner,nurse practitioner,nurse practitioner,291171,291171,291171,291171,291171,291171,0.891304347826087,0.891304347826087,0.6706989755415265,0.6706989755415265,0.6706989755415265,0.6706989755415265,True,True,True,True,True,True,True,True,True,True,True,True,True,True,True,True,True,True,Nurse Practitioner,Nurse Practitioner,Nurse Practitioner,Nurse Practitioner,Nurse Practitioner,Nurse Practitioner,Nurse Practitioner
470,Nurse Practitioner-Psychiatry,nurse practitioner psychiatry,nurse practitioner psychiatry,nurse practitioner,nurse practitioner,nurse practitioner,nurse practitioner,291171,291171,291171,291171,291171,291171,0.891304347826087,0.891304347826087,0.6706989755415265,0.6706989755415265,0.6706989755415265,0.6706989755415265,True,True,True,True,True,True,True,True,True,True,True,True,True,True,True,True,True,True,Nurse Practitioner,Nurse Practitioner,Nurse Practitioner,Nurse Practitioner,Nurse Practitioner,Nurse Practitioner,Nurse Practitioner
471,Nurse Practitioner - Virtual,nurse practitioner,nurse practitioner,nurse practitioner,nurse practitioner,nurse practitioner,nurse practitioner,291171,291171,291171,291171,291171,291171,0.891304347826087,0.891304347826087,0.6706989755415265,0.6706989755415265,0.6706989755415265,0.6706989755415265,True,True,True,True,True,True,True,True,True,True,True,True,True,True,True,True,True,True,Nurse Practitioner,Nurse Practitioner,Nurse Practitioner,Nurse Practitioner,Nurse Practitioner,Nurse Practitioner,Nurse Practitioner
472,Help Desk Specialist,help desk specialist,help desk specialist,help desk specialist,help desk specialist,help desk specialist,help desk specialist,151232,151232,151232,151232,151232,151232,1.0,1.0,1.0,1.0,1.0,1.0,True,True,True,True,True,True,True,True,True,True,True,True,True,True,True,True,True,True,Computer User Support Specialist,Computer User Support Specialist,Computer User Support Specialist,Computer User Support Specialist,Computer User Support Specialist,Computer User Support Specialist,Computer User Support Specialist
473,Application Security Analyst,application security analyst,application security analyst,application security analyst,application security analyst,application security analyst,application security analyst,151299,151299,151212,151212,151212,151212,0.7042253521126761,0.7042253521126761,0.9310178226325961,0.9310178226325961,0.9310178226325961,0.9310178226325961,False,False,False,False,False,False,True,True,True,True,True,True,True,True,True,True,True,True,Computer Occupation,Computer Occupation,Information Analyst,Information Analyst,Information Analyst,Information Analyst,Computer Analyst
474,Salesforce Support Specialist,salesforce support specialist,salesforce support specialist,salesforce support specialist,salesforce support specialist,salesforce support specialist,salesforce support specialist,151232,151232,151232,151232,151232,151232,0.8442367601246106,0.8442367601246106,0.6847963571970654,0.6847963571970654,0.6847963571970654,0.6847963571970654,True,True,True,True,True,True,True,True,True,True,True,True,True,True,True,True,True,True,Computer User Support Specialist,Computer User Support Specialist,Computer User Support Specialist,Computer User Support Specialist,Computer User Support Specialist,Computer User Support Specialist,Computer User Support Specialist
475,Front End Developer,front end developer,front end developer,front end developer,front end developer,front end developer,front end developer,271021,271021,516061,516061,516061,516061,0.26530612244897955,0.26530612244897955,1.0,1.0,1.0,1.0,False,False,False,False,False,False,False,False,False,False,False,False,False,False,False,False,False,False,Commercial/Industrial Designer,Commercial/Industrial Designer,Textile Bleaching/Dyeing Machine Operator,Textile Bleaching/Dyeing Machine Operator,Textile Bleaching/Dyeing Machine Operator,Textile Bleaching/Dyeing Machine Operator,Web Developer
476,Tech Support,tech support,tech support,tech support,tech support,support tech,support tech,151232,151232,292036,292036,151232,151232,0.28482142857142856,0.28482142857142856,0.11967663209273947,0.11967663209273947,0.7893491124260356,0.7893491124260356,True,True,False,False,True,True,True,True,False,False,True,True,True,True,False,False,True,True,Computer User Support Specialist,Computer User Support Specialist,Medical Dosimetrist,Medical Dosimetrist,Computer User Support Specialist,Computer User Support Specialist,Computer User Support Specialist
477,IT Systems Specialist,it systems specialist,it systems specialist,it systems specialist,it systems specialist,it systems specialist,it systems specialist,113021,113021,259031,259031,259031,259031,0.45345345345345345,0.45345345345345345,0.49894291754756875,0.49894291754756875,0.49894291754756875,0.49894291754756875,False,False,False,False,False,False,False,False,False,False,False,False,False,False,False,False,False,False,Computer and Information Systems Manager,Computer and Information Systems Manager,Instructional Coordinator,Instructional Coordinator,Instructional Coordinator,Instructional Coordinator,Computer User Support Specialist
478,Senior Web Developer,senior web developer,senior web developer,web developer,web developer,web developer,web developer,151254,151254,151255,151255,151255,151255,0.8664717348927875,0.8664717348927875,0.46434856484009956,0.46434856484009956,0.46434856484009956,0.46434856484009956,True,True,False,False,False,False,True,True,True,True,True,True,True,True,True,True,True,True,Web Developer,Web Developer,Web and Digital Interface Designer,Web and Digital Interface Designer,Web and Digital Interface Designer,Web and Digital Interface Designer,Web Developer
479,Web Application Software Architect,web application software architect,web application software architect,web application software architect,web application software architect,web application software architect,web application software architect,151252,151251,151252,151252,151252,151252,0.6475,1.0,0.5,0.5,0.5,0.5,False,False,False,False,False,False,True,True,True,True,True,True,True,True,True,True,True,True,Software Developer,Computer Programmer,Software Developer,Software Developer,Software Developer,Software Developer,Web Developer
480,Support Administrator,support administrator,support administrator,support administrator,support administrator,support administrator,support administrator,151232,151232,151244,151244,151244,151244,0.33211868818323786,0.33211868818323786,0.8812664907651715,0.8812664907651715,0.8812664907651715,0.8812664907651715,True,True,False,False,False,False,True,True,True,True,True,True,True,True,True,True,True,True,Computer User Support Specialist,Computer User Support Specialist,Network and Computer Systems Administrator,Network and Computer Systems Administrator,Network and Computer Systems Administrator,Network and Computer Systems Administrator,Computer User Support Specialist
481,Web Developer,web developer,web developer,web developer,web developer,web developer,web developer,151254,151254,151255,151255,151255,151255,0.8664717348927875,0.8664717348927875,0.46434856484009956,0.46434856484009956,0.46434856484009956,0.46434856484009956,True,True,False,False,False,False,True,True,True,True,True,True,True,True,True,True,True,True,Web Developer,Web Developer,Web and Digital Interface Designer,Web and Digital Interface Designer,Web and Digital Interface Designer,Web and Digital Interface Designer,Web Developer
482,Front End Engineer,front end engineer,front end engineer,front end engineer,front end engineer,front end engineer,front end engineer,493023,493023,517042,517042,517042,517042,1.0,1.0,1.0,1.0,1.0,1.0,False,False,False,False,False,False,False,False,False,False,False,False,False,False,False,False,False,False,Automotive Service Technician/Mechanic,Automotive Service Technician/Mechanic,Woodworking Machine Operator,Woodworking Machine Operator,Woodworking Machine Operator,Woodworking Machine Operator,Web Developer
483,Technical Support Engineer,technical support engineer,technical support engineer,technical support engineer,technical support engineer,technical support engineer,technical support engineer,151244,151244,151252,151252,151252,151252,0.37516339869281046,0.37516339869281046,0.281981981981982,0.281981981981982,0.281981981981982,0.281981981981982,False,False,False,False,False,False,True,True,True,True,True,True,True,True,True,True,True,True,Network and Computer Systems Administrator,Network and Computer Systems Administrator,Software Developer,Software Developer,Software Developer,Software Developer,Computer User Support Specialist
484,Application Support Technical Analyst,application support technical analyst,application support technical analyst,application support technical analyst,application support technical analyst,application support technical analyst,application support technical analyst,151232,172072,151232,151232,151232,151232,0.5690883190883191,0.584,1.0,1.0,1.0,1.0,False,False,False,False,False,False,True,False,True,True,True,True,True,False,True,True,True,True,Computer User Support Specialist,Electronics Engineer,Computer User Support Specialist,Computer User Support Specialist,Computer User Support Specialist,Computer User Support Specialist,Computer Analyst
485,Service Desk Support Analyst,service desk support analyst,service desk support analyst,service desk support analyst,service desk support analyst,service desk support analyst,service desk support analyst,151232,151232,151232,151232,151232,151232,0.4058898847631242,0.4497991967871485,1.0,1.0,1.0,1.0,True,True,True,True,True,True,True,True,True,True,True,True,True,True,True,True,True,True,Computer User Support Specialist,Computer User Support Specialist,Computer User Support Specialist,Computer User Support Specialist,Computer User Support Specialist,Computer User Support Specialist,Computer User Support Specialist
486,Applications Support Analyst III,applications support analyst iii,applications support analyst iii,applications support analyst,applications support analyst,applications support analyst,applications support analyst,151242,151242,151252,151252,151252,151252,0.5206766917293233,0.5206766917293233,0.34285714285714286,0.34285714285714286,0.34285714285714286,0.34285714285714286,False,False,False,False,False,False,True,True,True,True,True,True,True,True,True,True,True,True,Database Administrator,Database Administrator,Software Developer,Software Developer,Software Developer,Software Developer,Computer Analyst
487,Senior Web Developer,senior web developer,senior web developer,web developer,web developer,web developer,web developer,151254,151254,151255,151255,151255,151255,0.8664717348927875,0.8664717348927875,0.46434856484009956,0.46434856484009956,0.46434856484009956,0.46434856484009956,True,True,False,False,False,False,True,True,True,True,True,True,True,True,True,True,True,True,Web Developer,Web Developer,Web and Digital Interface Designer,Web and Digital Interface Designer,Web and Digital Interface Designer,Web and Digital Interface Designer,Web Developer
488,Application Support / Tier 3 Help Desk Analyst,application support   tier 3 help desk analyst,application support   tier 3 help desk analyst,application support tier help desk analyst,application support tier help desk analyst,application support tier help desk analyst,application support tier help desk analyst,151232,151232,151232,151232,151232,151232,1.0,1.0,1.0,1.0,1.0,1.0,True,True,True,True,True,True,True,True,True,True,True,True,True,True,True,True,True,True,Computer User Support Specialist,Computer User Support Specialist,Computer User Support Specialist,Computer User Support Specialist,Computer User Support Specialist,Computer User Support Specialist,Computer User Support Specialist
489,Data Visualization / Front-End Developer,data visualization   front end developer,data visualization   front end developer,data visualization front,data visualization front,data visualization front,data visualization front,271021,271021,,,,,0.26530612244897955,0.26530612244897955,,,,,False,False,False,False,False,False,False,False,False,False,False,False,False,False,False,False,False,False,Commercial/Industrial Designer,Commercial/Industrial Designer,unknown,unknown,unknown,unknown,Web Developer
490,Web Applications Developer,web applications developer,web applications developer,web applications developer,web applications developer,web applications developer,web applications developer,151254,151254,151251,151251,151251,151251,0.6666666666666667,0.6666666666666667,1.0,1.0,1.0,1.0,True,True,False,False,False,False,True,True,True,True,True,True,True,True,True,True,True,True,Web Developer,Web Developer,Computer Programmer,Computer Programmer,Computer Programmer,Computer Programmer,Web Developer
491,IT Specialist I,it specialist i,it specialist i,it specialist,it specialist,it specialist,it specialist,151299,151299,131071,131071,131071,131071,0.885692068429238,0.885692068429238,0.08768394413721999,0.08768394413721999,0.08768394413721999,0.08768394413721999,False,False,False,False,False,False,True,True,False,False,False,False,True,True,False,False,False,False,Computer Occupation,Computer Occupation,Human Resources Specialist,Human Resources Specialist,Human Resources Specialist,Human Resources Specialist,Computer User Support Specialist
492,Network Security Analyst II,network security analyst ii,network security analyst ii,network security analyst,network security analyst,network security analyst,network security analyst,151212,151212,151212,151212,151212,151212,0.6666666666666667,0.6666666666666667,1.0,1.0,1.0,1.0,False,False,False,False,False,False,True,True,True,True,True,True,True,True,True,True,True,True,Information Analyst,Information Analyst,Information Analyst,Information Analyst,Information Analyst,Information Analyst,Computer Analyst
493,Technical Support Engineer,technical support engineer,technical support engineer,technical support engineer,technical support engineer,technical support engineer,technical support engineer,151244,151244,151252,151252,151252,151252,0.37516339869281046,0.37516339869281046,0.281981981981982,0.281981981981982,0.281981981981982,0.281981981981982,False,False,False,False,False,False,True,True,True,True,True,True,True,True,True,True,True,True,Network and Computer Systems Administrator,Network and Computer Systems Administrator,Software Developer,Software Developer,Software Developer,Software Developer,Computer User Support Specialist
494,Senior Frontend Engineer,senior frontend engineer,senior frontend engineer,frontend engineer,frontend engineer,frontend engineer,frontend engineer,172199,172199,151253,151253,151253,151253,0.10493311036789298,0.10493311036789298,0.2533966825039593,0.2533966825039593,0.2533966825039593,0.2533966825039593,False,False,False,False,False,False,False,False,True,True,True,True,False,False,True,True,True,True,Engineer,Engineer,Software Quality Assurance Analyst,Software Quality Assurance Analyst,Software Quality Assurance Analyst,Software Quality Assurance Analyst,Web Developer
495,IT Infrastructure & Support Specialist,it infrastructure  support specialist,it infrastructure  support specialist,it infrastructure support specialist,it infrastructure support specialist,it infrastructure support specialist,it infrastructure support specialist,151232,151232,151232,151232,151232,151232,0.8442367601246106,0.8442367601246106,0.6847963571970654,0.6847963571970654,0.6847963571970654,0.6847963571970654,True,True,True,True,True,True,True,True,True,True,True,True,True,True,True,True,True,True,Computer User Support Specialist,Computer User Support Specialist,Computer User Support Specialist,Computer User Support Specialist,Computer User Support Specialist,Computer User Support Specialist,Computer User Support Specialist
496,Information Security Analyst,information security analyst,information security analyst,information security analyst,information security analyst,information security analyst,information security analyst,151212,151212,151212,151212,151212,151212,1.0,1.0,1.0,1.0,1.0,1.0,False,False,False,False,False,False,True,True,True,True,True,True,True,True,True,True,True,True,Information Analyst,Information Analyst,Information Analyst,Information Analyst,Information Analyst,Information Analyst,Computer Analyst
497,Senior Front End Engineer,senior front end engineer,senior front end engineer,front end engineer,front end engineer,front end engineer,front end engineer,493023,493023,517042,517042,517042,517042,1.0,1.0,1.0,1.0,1.0,1.0,False,False,False,False,False,False,False,False,False,False,False,False,False,False,False,False,False,False,Automotive Service Technician/Mechanic,Automotive Service Technician/Mechanic,Woodworking Machine Operator,Woodworking Machine Operator,Woodworking Machine Operator,Woodworking Machine Operator,Web Developer
498,HelpDesk Engineer,helpdesk engineer,helpdesk engineer,helpdesk engineer,helpdesk engineer,helpdesk engineer,helpdesk engineer,172199,172199,151232,151232,151232,151232,0.1007223113964687,0.1007223113964687,1.0,1.0,1.0,1.0,False,False,True,True,True,True,False,False,True,True,True,True,False,False,True,True,True,True,Engineer,Engineer,Computer User Support Specialist,Computer User Support Specialist,Computer User Support Specialist,Computer User Support Specialist,Computer User Support Specialist
499,Application Support Analyst,application support analyst,application support analyst,application support analyst,application support analyst,application support analyst,application support analyst,151244,151244,151252,151252,151252,151252,1.0,1.0,0.5,0.5,0.5,0.5,False,False,False,False,False,False,True,True,True,True,True,True,True,True,True,True,True,True,Network and Computer Systems Administrator,Network and Computer Systems Administrator,Software Developer,Software Developer,Software Developer,Software Developer,Computer Analyst
500,IT Support Specialist,it support specialist,it support specialist,it support specialist,it support specialist,it support specialist,it support specialist,151231,151231,151232,151232,151232,151232,0.8201438848920863,0.8201438848920863,0.6847963571970654,0.6847963571970654,0.6847963571970654,0.6847963571970654,False,False,True,True,True,True,True,True,True,True,True,True,True,True,True,True,True,True,Computer Network Support Specialist,Computer Network Support Specialist,Computer User Support Specialist,Computer User Support Specialist,Computer User Support Specialist,Computer User Support Specialist,Computer User Support Specialist
501,Support Specialist (Server Hardware),support specialist,support specialist,support specialist,support specialist,support specialist,support specialist,151232,151232,151232,151232,151232,151232,0.8442367601246106,0.8442367601246106,0.6847963571970654,0.6847963571970654,0.6847963571970654,0.6847963571970654,True,True,True,True,True,True,True,True,True,True,True,True,True,True,True,True,True,True,Computer User Support Specialist,Computer User Support Specialist,Computer User Support Specialist,Computer User Support Specialist,Computer User Support Specialist,Computer User Support Specialist,Computer User Support Specialist
502,IT Support Specialist,it support specialist,it support specialist,it support specialist,it support specialist,it support specialist,it support specialist,151231,151231,151232,151232,151232,151232,0.8201438848920863,0.8201438848920863,0.6847963571970654,0.6847963571970654,0.6847963571970654,0.6847963571970654,False,False,True,True,True,True,True,True,True,True,True,True,True,True,True,True,True,True,Computer Network Support Specialist,Computer Network Support Specialist,Computer User Support Specialist,Computer User Support Specialist,Computer User Support Specialist,Computer User Support Specialist,Computer User Support Specialist
503,Front End Engineer,front end engineer,front end engineer,front end engineer,front end engineer,front end engineer,front end engineer,493023,493023,517042,517042,517042,517042,1.0,1.0,1.0,1.0,1.0,1.0,False,False,False,False,False,False,False,False,False,False,False,False,False,False,False,False,False,False,Automotive Service Technician/Mechanic,Automotive Service Technician/Mechanic,Woodworking Machine Operator,Woodworking Machine Operator,Woodworking Machine Operator,Woodworking Machine Operator,Web Developer
504,Technical Support Analyst I,technical support analyst i,technical support analyst i,technical support analyst,technical support analyst,technical support analyst,technical support analyst,151232,151232,151232,151232,151232,151232,0.9999999999999999,0.9999999999999999,1.0,1.0,1.0,1.0,True,True,True,True,True,True,True,True,True,True,True,True,True,True,True,True,True,True,Computer User Support Specialist,Computer User Support Specialist,Computer User Support Specialist,Computer User Support Specialist,Computer User Support Specialist,Computer User Support Specialist,Computer User Support Specialist
505,"Senior Manager, IT Helpdesk",senior manager it helpdesk,senior manager it helpdesk,manager it helpdesk,manager it helpdesk,it helpdesk manager,it helpdesk manager,113021,113021,411011,411011,151232,151232,1.0,1.0,0.22557078928923693,0.22557078928923693,1.0,1.0,False,False,False,False,True,True,False,False,False,False,True,True,False,False,False,False,True,True,Computer and Information Systems Manager,Computer and Information Systems Manager,Supervisor of Retail Sales Worker,Supervisor of Retail Sales Worker,Computer User Support Specialist,Computer User Support Specialist,Computer User Support Specialist
506,Senior Information Security Analyst,senior information security analyst,senior information security analyst,information security analyst,information security analyst,information security analyst,information security analyst,151212,151212,151212,151212,151212,151212,1.0,1.0,1.0,1.0,1.0,1.0,False,False,False,False,False,False,True,True,True,True,True,True,True,True,True,True,True,True,Information Analyst,Information Analyst,Information Analyst,Information Analyst,Information Analyst,Information Analyst,Computer Analyst
507,IT Support Specialist,it support specialist,it support specialist,it support specialist,it support specialist,it support specialist,it support specialist,151231,151231,151232,151232,151232,151232,0.8201438848920863,0.8201438848920863,0.6847963571970654,0.6847963571970654,0.6847963571970654,0.6847963571970654,False,False,True,True,True,True,True,True,True,True,True,True,True,True,True,True,True,True,Computer Network Support Specialist,Computer Network Support Specialist,Computer User Support Specialist,Computer User Support Specialist,Computer User Support Specialist,Computer User Support Specialist,Computer User Support Specialist
508,Tech Support Expert /Tier 4 Support,tech support expert  tier 4 support,tech support expert  tier 4 support,tech support expert tier support,tech support expert tier support,support expert tier support tech,support expert tier support tech,151232,151232,439061,439061,151232,151232,0.23993982700263256,0.25387982491046557,1.0,1.0,0.7893491124260356,0.7893491124260356,True,True,False,False,True,True,True,True,False,False,True,True,True,True,False,False,True,True,Computer User Support Specialist,Computer User Support Specialist,Office Clerk,Office Clerk,Computer User Support Specialist,Computer User Support Specialist,Computer User Support Specialist
509,Senior Front End Engineer,senior front end engineer,senior front end engineer,front end engineer,front end engineer,front end engineer,front end engineer,493023,493023,517042,517042,517042,517042,1.0,1.0,1.0,1.0,1.0,1.0,False,False,False,False,False,False,False,False,False,False,False,False,False,False,False,False,False,False,Automotive Service Technician/Mechanic,Automotive Service Technician/Mechanic,Woodworking Machine Operator,Woodworking Machine Operator,Woodworking Machine Operator,Woodworking Machine Operator,Web Developer
510,Software Support,software support,software support,software support,software support,software support,software support,151252,151252,,,,,0.812128174619456,0.8737584249733947,,,,,False,False,False,False,False,False,True,True,False,False,False,False,True,True,False,False,False,False,Software Developer,Software Developer,unknown,unknown,unknown,unknown,Computer User Support Specialist
511,Desktop Support Tech,desktop support tech,desktop support tech,desktop support tech,desktop support tech,desktop support tech,desktop support tech,151232,151232,151232,151232,151232,151232,0.964614295824487,0.964614295824487,1.0,1.0,1.0,1.0,True,True,True,True,True,True,True,True,True,True,True,True,True,True,True,True,True,True,Computer User Support Specialist,Computer User Support Specialist,Computer User Support Specialist,Computer User Support Specialist,Computer User Support Specialist,Computer User Support Specialist,Computer User Support Specialist
512,Senior Frontend Engineer,senior frontend engineer,senior frontend engineer,frontend engineer,frontend engineer,frontend engineer,frontend engineer,172199,172199,151253,151253,151253,151253,0.10493311036789298,0.10493311036789298,0.2533966825039593,0.2533966825039593,0.2533966825039593,0.2533966825039593,False,False,False,False,False,False,False,False,True,True,True,True,False,False,True,True,True,True,Engineer,Engineer,Software Quality Assurance Analyst,Software Quality Assurance Analyst,Software Quality Assurance Analyst,Software Quality Assurance Analyst,Web Developer
513,Senior IT Support Analyst,senior it support analyst,senior it support analyst,it support analyst,it support analyst,it support analyst,it support analyst,151231,151231,151232,151232,151232,151232,1.0,1.0,0.7550929035146631,0.7550929035146631,0.7550929035146631,0.7550929035146631,False,False,True,True,True,True,True,True,True,True,True,True,True,True,True,True,True,True,Computer Network Support Specialist,Computer Network Support Specialist,Computer User Support Specialist,Computer User Support Specialist,Computer User Support Specialist,Computer User Support Specialist,Computer User Support Specialist
514,Salesforce Analyst/Developer,salesforce analyst developer,salesforce analyst developer,salesforce analyst developer,salesforce analyst developer,salesforce analyst developer,salesforce analyst developer,131161,131161,151253,151253,151253,151253,0.298372513562387,0.2723066754791804,0.3684210526315789,0.3684210526315789,0.3684210526315789,0.3684210526315789,False,False,False,False,False,False,False,False,True,True,True,True,False,False,True,True,True,True,Market Research Analyst or Marketing Specialist,Market Research Analyst or Marketing Specialist,Software Quality Assurance Analyst,Software Quality Assurance Analyst,Software Quality Assurance Analyst,Software Quality Assurance Analyst,Computer Analyst
515,Web Services Engineer,web services engineer,web services engineer,web services engineer,web services engineer,web services engineer,web services engineer,151254,151254,474011,474011,474011,474011,0.23196832859086974,0.17899761336515513,0.925,0.925,0.925,0.925,True,True,False,False,False,False,True,True,False,False,False,False,True,True,False,False,False,False,Web Developer,Web Developer,Construction/Building Inspector,Construction/Building Inspector,Construction/Building Inspector,Construction/Building Inspector,Web Developer
516,Software Developer,software developer,software developer,software developer,software developer,software developer,software developer,151252,151252,151251,151251,151251,151251,0.9351362342415616,0.9351362342415616,0.5412984814011323,0.5412984814011323,0.5412984814011323,0.5412984814011323,True,True,False,False,False,False,True,True,True,True,True,True,True,True,True,True,True,True,Software Developer,Software Developer,Computer Programmer,Computer Programmer,Computer Programmer,Computer Programmer,Software Developer
517,Field Technical Support Representative,field technical support representative,field technical support representative,field technical support representative,field technical support representative,field technical support representative,field technical support representative,173023,173023,151232,151232,151232,151232,1.0,1.0,1.0,1.0,1.0,1.0,False,False,True,True,True,True,False,False,True,True,True,True,False,False,True,True,True,True,Electrical/Electronic Engineering Technologist/Technician,Electrical/Electronic Engineering Technologist/Technician,Computer User Support Specialist,Computer User Support Specialist,Computer User Support Specialist,Computer User Support Specialist,Computer User Support Specialist
518,Systems Analyst,systems analyst,systems analyst,systems analyst,systems analyst,systems analyst,systems analyst,151211,151211,151211,151211,151211,151211,0.5188150520416333,0.5188150520416333,0.9028458922498658,0.9028458922498658,0.9028458922498658,0.9028458922498658,True,True,True,True,True,True,True,True,True,True,True,True,True,True,True,True,True,True,Computer Analyst,Computer Analyst,Computer Analyst,Computer Analyst,Computer Analyst,Computer Analyst,Computer Analyst
519,Software Developer,software developer,software developer,software developer,software developer,software developer,software developer,151252,151252,151251,151251,151251,151251,0.9351362342415616,0.9351362342415616,0.5412984814011323,0.5412984814011323,0.5412984814011323,0.5412984814011323,True,True,False,False,False,False,True,True,True,True,True,True,True,True,True,True,True,True,Software Developer,Software Developer,Computer Programmer,Computer Programmer,Computer Programmer,Computer Programmer,Software Developer
520,Web Developer,web developer,web developer,web developer,web developer,web developer,web developer,151254,151254,151255,151255,151255,151255,0.8664717348927875,0.8664717348927875,0.46434856484009956,0.46434856484009956,0.46434856484009956,0.46434856484009956,True,True,False,False,False,False,True,True,True,True,True,True,True,True,True,True,True,True,Web Developer,Web Developer,Web and Digital Interface Designer,Web and Digital Interface Designer,Web and Digital Interface Designer,Web and Digital Interface Designer,Web Developer
521,Associate Help Desk Support Specialist,associate help desk support specialist,associate help desk support specialist,help desk support specialist,help desk support specialist,help desk support specialist,help desk support specialist,151232,151232,151232,151232,151232,151232,1.0,1.0,1.0,1.0,1.0,1.0,True,True,True,True,True,True,True,True,True,True,True,True,True,True,True,True,True,True,Computer User Support Specialist,Computer User Support Specialist,Computer User Support Specialist,Computer User Support Specialist,Computer User Support Specialist,Computer User Support Specialist,Computer User Support Specialist
522,Systems Analyst,systems analyst,systems analyst,systems analyst,systems analyst,systems analyst,systems analyst,151211,151211,151211,151211,151211,151211,0.5188150520416333,0.5188150520416333,0.9028458922498658,0.9028458922498658,0.9028458922498658,0.9028458922498658,True,True,True,True,True,True,True,True,True,True,True,True,True,True,True,True,True,True,Computer Analyst,Computer Analyst,Computer Analyst,Computer Analyst,Computer Analyst,Computer Analyst,Computer Analyst
523,IT Systems Analyst Lead,it systems analyst lead,it systems analyst lead,it systems analyst lead,it systems analyst lead,it systems analyst lead,it systems analyst lead,151211,151211,431011,431011,431011,431011,1.0,1.0,0.2092506664033962,0.2092506664033962,0.2092506664033962,0.2092506664033962,True,True,False,False,False,False,True,True,False,False,False,False,True,True,False,False,False,False,Computer Analyst,Computer Analyst,Supervisor of Office and Administrative Support Workers,Supervisor of Office and Administrative Support Workers,Supervisor of Office and Administrative Support Workers,Supervisor of Office and Administrative Support Workers,Computer Analyst
524,Software Engineer Lead,software engineer lead,software engineer lead,software engineer lead,software engineer lead,software engineer lead,software engineer lead,151252,151252,151252,151252,151252,151252,0.9702525497814473,0.9702525497814473,0.5,0.5,0.5,0.5,True,True,True,True,True,True,True,True,True,True,True,True,True,True,True,True,True,True,Software Developer,Software Developer,Software Developer,Software Developer,Software Developer,Software Developer,Software Developer
525,Business System Analyst II,business system analyst ii,business system analyst ii,business system analyst,business system analyst,business system analyst,business system analyst,151211,151211,151211,151211,151211,151211,1.0,1.0,0.7467700258397933,0.7467700258397933,0.7467700258397933,0.7467700258397933,True,True,True,True,True,True,True,True,True,True,True,True,True,True,True,True,True,True,Computer Analyst,Computer Analyst,Computer Analyst,Computer Analyst,Computer Analyst,Computer Analyst,Computer Analyst
526,Application Developer II,application developer ii,application developer ii,application developer,application developer,application developer,application developer,151252,151252,151253,151253,151253,151253,0.9999999999999999,0.9999999999999999,0.4043363609727513,0.4043363609727513,0.4043363609727513,0.4043363609727513,True,True,False,False,False,False,True,True,True,True,True,True,True,True,True,True,True,True,Software Developer,Software Developer,Software Quality Assurance Analyst,Software Quality Assurance Analyst,Software Quality Assurance Analyst,Software Quality Assurance Analyst,Software Developer
527,Web Developer,web developer,web developer,web developer,web developer,web developer,web developer,151254,151254,151255,151255,151255,151255,0.8664717348927875,0.8664717348927875,0.46434856484009956,0.46434856484009956,0.46434856484009956,0.46434856484009956,True,True,False,False,False,False,True,True,True,True,True,True,True,True,True,True,True,True,Web Developer,Web Developer,Web and Digital Interface Designer,Web and Digital Interface Designer,Web and Digital Interface Designer,Web and Digital Interface Designer,Web Developer
528,IT Support Technician,it support technician,it support technician,it support technician,it support technician,it support technician,it support technician,151231,151231,151232,151232,151232,151232,1.0,1.0,0.9410360220076819,0.9410360220076819,0.9410360220076819,0.9410360220076819,False,False,True,True,True,True,True,True,True,True,True,True,True,True,True,True,True,True,Computer Network Support Specialist,Computer Network Support Specialist,Computer User Support Specialist,Computer User Support Specialist,Computer User Support Specialist,Computer User Support Specialist,Computer User Support Specialist
529,Software Developer - Investments Business,software developer,software developer,software developer,software developer,software developer,software developer,151252,151252,151251,151251,151251,151251,0.9351362342415616,0.9351362342415616,0.5412984814011323,0.5412984814011323,0.5412984814011323,0.5412984814011323,True,True,False,False,False,False,True,True,True,True,True,True,True,True,True,True,True,True,Software Developer,Software Developer,Computer Programmer,Computer Programmer,Computer Programmer,Computer Programmer,Software Developer
530,Web Producer,web producer,web producer,web producer,web producer,web producer,web producer,151254,151254,151254,151254,151254,151254,0.5,0.5,0.4751491053677932,0.4751491053677932,0.4751491053677932,0.4751491053677932,True,True,True,True,True,True,True,True,True,True,True,True,True,True,True,True,True,True,Web Developer,Web Developer,Web Developer,Web Developer,Web Developer,Web Developer,Web Developer
531,Information Technology Associate Analyst,information technology associate analyst,information technology associate analyst,information technology analyst,information technology analyst,information technology analyst,information technology analyst,151232,151232,151211,151211,151211,151211,1.0,1.0,0.7105263157894737,0.7105263157894737,0.7105263157894737,0.7105263157894737,False,False,True,True,True,True,True,True,True,True,True,True,True,True,True,True,True,True,Computer User Support Specialist,Computer User Support Specialist,Computer Analyst,Computer Analyst,Computer Analyst,Computer Analyst,Computer Analyst
532,eCom Senior Front End Engineer,ecom senior front end engineer,ecom senior front end engineer,ecom front end engineer,ecom front end engineer,ecom front end engineer,ecom front end engineer,493023,493023,517042,517042,517042,517042,1.0,1.0,1.0,1.0,1.0,1.0,False,False,False,False,False,False,False,False,False,False,False,False,False,False,False,False,False,False,Automotive Service Technician/Mechanic,Automotive Service Technician/Mechanic,Woodworking Machine Operator,Woodworking Machine Operator,Woodworking Machine Operator,Woodworking Machine Operator,Web Developer
533,Systems Analyst Sr,systems analyst sr,systems analyst sr,systems analyst,systems analyst,systems analyst,systems analyst,151211,151211,151211,151211,151211,151211,0.5188150520416333,0.5188150520416333,0.9028458922498658,0.9028458922498658,0.9028458922498658,0.9028458922498658,True,True,True,True,True,True,True,True,True,True,True,True,True,True,True,True,True,True,Computer Analyst,Computer Analyst,Computer Analyst,Computer Analyst,Computer Analyst,Computer Analyst,Computer Analyst
534,Senior Software Engineer - Backend,senior software engineer,senior software engineer,software engineer,software engineer,software engineer,software engineer,151252,151252,151253,151253,151253,151253,0.9702525497814473,0.9702525497814473,0.4829541202005838,0.4829541202005838,0.4829541202005838,0.4829541202005838,True,True,False,False,False,False,True,True,True,True,True,True,True,True,True,True,True,True,Software Developer,Software Developer,Software Quality Assurance Analyst,Software Quality Assurance Analyst,Software Quality Assurance Analyst,Software Quality Assurance Analyst,Software Developer
535,Systems Analyst,systems analyst,systems analyst,systems analyst,systems analyst,systems analyst,systems analyst,151211,151211,151211,151211,151211,151211,0.5188150520416333,0.5188150520416333,0.9028458922498658,0.9028458922498658,0.9028458922498658,0.9028458922498658,True,True,True,True,True,True,True,True,True,True,True,True,True,True,True,True,True,True,Computer Analyst,Computer Analyst,Computer Analyst,Computer Analyst,Computer Analyst,Computer Analyst,Computer Analyst
536,Software Development Engineer II,software development engineer ii,software development engineer ii,software development engineer,software development engineer,software development engineer,software development engineer,151252,151252,151252,151252,151252,151252,1.0,1.0,0.5,0.5,0.5,0.5,True,True,True,True,True,True,True,True,True,True,True,True,True,True,True,True,True,True,Software Developer,Software Developer,Software Developer,Software Developer,Software Developer,Software Developer,Software Developer
537,Web Developer,web developer,web developer,web developer,web developer,web developer,web developer,151254,151254,151255,151255,151255,151255,0.8664717348927875,0.8664717348927875,0.46434856484009956,0.46434856484009956,0.46434856484009956,0.46434856484009956,True,True,False,False,False,False,True,True,True,True,True,True,True,True,True,True,True,True,Web Developer,Web Developer,Web and Digital Interface Designer,Web and Digital Interface Designer,Web and Digital Interface Designer,Web and Digital Interface Designer,Web Developer
538,IT Support Manager,it support manager,it support manager,it support manager,it support manager,it support manager,it support manager,151231,151231,113071,113071,113071,113071,0.9015748031496063,0.9015748031496063,0.5,0.5,0.5,0.5,False,False,False,False,False,False,True,True,False,False,False,False,True,True,False,False,False,False,Computer Network Support Specialist,Computer Network Support Specialist,"Transportation, Storage, and Distribution Manager","Transportation, Storage, and Distribution Manager","Transportation, Storage, and Distribution Manager","Transportation, Storage, and Distribution Manager",Computer User Support Specialist
539,Systems Analyst,systems analyst,systems analyst,systems analyst,systems analyst,systems analyst,systems analyst,151211,151211,151211,151211,151211,151211,0.5188150520416333,0.5188150520416333,0.9028458922498658,0.9028458922498658,0.9028458922498658,0.9028458922498658,True,True,True,True,True,True,True,True,True,True,True,True,True,True,True,True,True,True,Computer Analyst,Computer Analyst,Computer Analyst,Computer Analyst,Computer Analyst,Computer Analyst,Computer Analyst
540,Sr Software Engineer,sr software engineer,sr software engineer,software engineer,software engineer,software engineer,software engineer,151252,151252,151253,151253,151253,151253,0.9702525497814473,0.9702525497814473,0.4829541202005838,0.4829541202005838,0.4829541202005838,0.4829541202005838,True,True,False,False,False,False,True,True,True,True,True,True,True,True,True,True,True,True,Software Developer,Software Developer,Software Quality Assurance Analyst,Software Quality Assurance Analyst,Software Quality Assurance Analyst,Software Quality Assurance Analyst,Software Developer
541,Sr Front End Developer,sr front end developer,sr front end developer,front end developer,front end developer,front end developer,front end developer,271021,271021,516061,516061,516061,516061,0.26530612244897955,0.26530612244897955,1.0,1.0,1.0,1.0,False,False,False,False,False,False,False,False,False,False,False,False,False,False,False,False,False,False,Commercial/Industrial Designer,Commercial/Industrial Designer,Textile Bleaching/Dyeing Machine Operator,Textile Bleaching/Dyeing Machine Operator,Textile Bleaching/Dyeing Machine Operator,Textile Bleaching/Dyeing Machine Operator,Web Developer
542,Associate Software Engineer,associate software engineer,associate software engineer,software engineer,software engineer,software engineer,software engineer,151251,151251,151253,151253,151253,151253,1.0,1.0,0.4829541202005838,0.4829541202005838,0.4829541202005838,0.4829541202005838,False,False,False,False,False,False,True,True,True,True,True,True,True,True,True,True,True,True,Computer Programmer,Computer Programmer,Software Quality Assurance Analyst,Software Quality Assurance Analyst,Software Quality Assurance Analyst,Software Quality Assurance Analyst,Software Developer
543,Senior Web Developer,senior web developer,senior web developer,web developer,web developer,web developer,web developer,151254,151254,151255,151255,151255,151255,0.8664717348927875,0.8664717348927875,0.46434856484009956,0.46434856484009956,0.46434856484009956,0.46434856484009956,True,True,False,False,False,False,True,True,True,True,True,True,True,True,True,True,True,True,Web Developer,Web Developer,Web and Digital Interface Designer,Web and Digital Interface Designer,Web and Digital Interface Designer,Web and Digital Interface Designer,Web Developer
544,Application Support Analyst,application support analyst,application support analyst,application support analyst,application support analyst,application support analyst,application support analyst,151244,151244,151252,151252,151252,151252,1.0,1.0,0.5,0.5,0.5,0.5,False,False,False,False,False,False,True,True,True,True,True,True,True,True,True,True,True,True,Network and Computer Systems Administrator,Network and Computer Systems Administrator,Software Developer,Software Developer,Software Developer,Software Developer,Computer Analyst
545,Full Stack Software Developer,full stack software developer,full stack software developer,full stack software developer,full stack software developer,full stack software developer,full stack software developer,151252,151252,151252,151252,151252,151252,1.0,1.0,0.4095744680851064,0.4095744680851064,0.4095744680851064,0.4095744680851064,True,True,True,True,True,True,True,True,True,True,True,True,True,True,True,True,True,True,Software Developer,Software Developer,Software Developer,Software Developer,Software Developer,Software Developer,Software Developer
546,.NET Web Analyst Developer,net web analyst developer,net web analyst developer,,,,,151251,151251,,,,,1.0,1.0,,,,,False,False,False,False,False,False,True,True,False,False,False,False,True,True,False,False,False,False,Computer Programmer,Computer Programmer,unknown,unknown,unknown,unknown,Web Developer
547,Technical Support Specialist,technical support specialist,technical support specialist,technical support specialist,technical support specialist,technical support specialist,technical support specialist,151232,151232,151232,151232,151232,151232,0.7596153846153847,0.7596153846153847,0.9273907910271546,0.9273907910271546,0.9273907910271546,0.9273907910271546,True,True,True,True,True,True,True,True,True,True,True,True,True,True,True,True,True,True,Computer User Support Specialist,Computer User Support Specialist,Computer User Support Specialist,Computer User Support Specialist,Computer User Support Specialist,Computer User Support Specialist,Computer User Support Specialist
548,Software Development Engineer,software development engineer,software development engineer,software development engineer,software development engineer,software development engineer,software development engineer,151252,151252,151252,151252,151252,151252,1.0,1.0,0.5,0.5,0.5,0.5,True,True,True,True,True,True,True,True,True,True,True,True,True,True,True,True,True,True,Software Developer,Software Developer,Software Developer,Software Developer,Software Developer,Software Developer,Software Developer
549,Front-End Engineer,front end engineer,front end engineer,front end engineer,front end engineer,front end engineer,front end engineer,493023,493023,517042,517042,517042,517042,1.0,1.0,1.0,1.0,1.0,1.0,False,False,False,False,False,False,False,False,False,False,False,False,False,False,False,False,False,False,Automotive Service Technician/Mechanic,Automotive Service Technician/Mechanic,Woodworking Machine Operator,Woodworking Machine Operator,Woodworking Machine Operator,Woodworking Machine Operator,Web Developer
550,"Lead IT Support Specialist, Distribution Centers",lead it support specialist distribution centers,lead it support specialist distribution centers,it support specialist distribution centers,it support specialist distribution centers,it support specialist distribution centers,it support specialist distribution centers,151231,151231,151232,151232,151232,151232,0.8201438848920863,0.8201438848920863,0.6847963571970654,0.6847963571970654,0.6847963571970654,0.6847963571970654,False,False,True,True,True,True,True,True,True,True,True,True,True,True,True,True,True,True,Computer Network Support Specialist,Computer Network Support Specialist,Computer User Support Specialist,Computer User Support Specialist,Computer User Support Specialist,Computer User Support Specialist,Computer User Support Specialist
551,IT Security Operations Analyst I,it security operations analyst i,it security operations analyst i,it security operations analyst,it security operations analyst,it security operations analyst,it security operations analyst,152031,131199,152031,152031,152031,152031,0.5500495540138751,0.6710526315789473,0.7229268292682927,0.7229268292682927,0.7229268292682927,0.7229268292682927,False,False,False,False,False,False,False,False,False,False,False,False,True,False,True,True,True,True,Operations Research Analyst,Business Operations Specialist,Operations Research Analyst,Operations Research Analyst,Operations Research Analyst,Operations Research Analyst,Computer Analyst
552,Senior Software Developer,senior software developer,senior software developer,software developer,software developer,software developer,software developer,151252,151252,151251,151251,151251,151251,0.9351362342415616,0.9351362342415616,0.5412984814011323,0.5412984814011323,0.5412984814011323,0.5412984814011323,True,True,False,False,False,False,True,True,True,True,True,True,True,True,True,True,True,True,Software Developer,Software Developer,Computer Programmer,Computer Programmer,Computer Programmer,Computer Programmer,Software Developer
553,Developer - Front End,developer,developer,developer front end,developer front end,front end developer,front end developer,131161,131161,151251,151251,516061,516061,0.20147420147420148,0.20147420147420148,0.2983923971933565,0.2983923971933565,1.0,1.0,False,False,False,False,False,False,False,False,True,True,False,False,False,False,True,True,False,False,Market Research Analyst or Marketing Specialist,Market Research Analyst or Marketing Specialist,Computer Programmer,Computer Programmer,Textile Bleaching/Dyeing Machine Operator,Textile Bleaching/Dyeing Machine Operator,Web Developer
554,Desktop Support Analyst,desktop support analyst,desktop support analyst,desktop support analyst,desktop support analyst,desktop support analyst,desktop support analyst,151232,151232,151232,151232,151232,151232,1.0,1.0,1.0,1.0,1.0,1.0,True,True,True,True,True,True,True,True,True,True,True,True,True,True,True,True,True,True,Computer User Support Specialist,Computer User Support Specialist,Computer User Support Specialist,Computer User Support Specialist,Computer User Support Specialist,Computer User Support Specialist,Computer User Support Specialist
555,Software Engineer - AMD Engineering,software engineer,software engineer,software engineer,software engineer,software engineer,software engineer,151252,151252,151253,151253,151253,151253,0.9702525497814473,0.9702525497814473,0.4829541202005838,0.4829541202005838,0.4829541202005838,0.4829541202005838,True,True,False,False,False,False,True,True,True,True,True,True,True,True,True,True,True,True,Software Developer,Software Developer,Software Quality Assurance Analyst,Software Quality Assurance Analyst,Software Quality Assurance Analyst,Software Quality Assurance Analyst,Software Developer
556,"Sr Engineer, Software Engineer - ETL",sr engineer software engineer,sr engineer software engineer,engineer software engineer,engineer software engineer,engineer software engineer,engineer software engineer,151252,151252,151252,151252,151252,151252,0.6840148698884758,0.6840148698884758,0.5,0.5,0.5,0.5,True,True,True,True,True,True,True,True,True,True,True,True,True,True,True,True,True,True,Software Developer,Software Developer,Software Developer,Software Developer,Software Developer,Software Developer,Software Developer
557,Deskside Support Technician,deskside support technician,deskside support technician,deskside support technician,deskside support technician,deskside support technician,deskside support technician,151232,151232,151232,151232,151232,151232,0.5192307692307692,0.5192307692307692,0.9410360220076819,0.9410360220076819,0.9410360220076819,0.9410360220076819,True,True,True,True,True,True,True,True,True,True,True,True,True,True,True,True,True,True,Computer User Support Specialist,Computer User Support Specialist,Computer User Support Specialist,Computer User Support Specialist,Computer User Support Specialist,Computer User Support Specialist,Computer User Support Specialist
558,Senior Software Engineer,senior software engineer,senior software engineer,software engineer,software engineer,software engineer,software engineer,151252,151252,151253,151253,151253,151253,0.9702525497814473,0.9702525497814473,0.4829541202005838,0.4829541202005838,0.4829541202005838,0.4829541202005838,True,True,False,False,False,False,True,True,True,True,True,True,True,True,True,True,True,True,Software Developer,Software Developer,Software Quality Assurance Analyst,Software Quality Assurance Analyst,Software Quality Assurance Analyst,Software Quality Assurance Analyst,Software Developer
559,Full Stack Web Developer,full stack web developer,full stack web developer,full stack web developer,full stack web developer,full stack web developer,full stack web developer,151254,151254,151254,151254,151254,151254,1.0,1.0,0.49999999999999994,0.49999999999999994,0.49999999999999994,0.49999999999999994,True,True,True,True,True,True,True,True,True,True,True,True,True,True,True,True,True,True,Web Developer,Web Developer,Web Developer,Web Developer,Web Developer,Web Developer,Web Developer
560,Computer Systems Analysts,computer systems analysts,computer systems analysts,computer systems analysts,computer systems analysts,computer systems analysts,computer systems analysts,151211,151211,,,,,0.2870722433460076,0.2870722433460076,,,,,True,True,False,False,False,False,True,True,False,False,False,False,True,True,False,False,False,False,Computer Analyst,Computer Analyst,unknown,unknown,unknown,unknown,Computer Analyst
561,Software Engineer,software engineer,software engineer,software engineer,software engineer,software engineer,software engineer,151252,151252,151253,151253,151253,151253,0.9702525497814473,0.9702525497814473,0.4829541202005838,0.4829541202005838,0.4829541202005838,0.4829541202005838,True,True,False,False,False,False,True,True,True,True,True,True,True,True,True,True,True,True,Software Developer,Software Developer,Software Quality Assurance Analyst,Software Quality Assurance Analyst,Software Quality Assurance Analyst,Software Quality Assurance Analyst,Software Developer
562,Senior Web Developer,senior web developer,senior web developer,web developer,web developer,web developer,web developer,151254,151254,151255,151255,151255,151255,0.8664717348927875,0.8664717348927875,0.46434856484009956,0.46434856484009956,0.46434856484009956,0.46434856484009956,True,True,False,False,False,False,True,True,True,True,True,True,True,True,True,True,True,True,Web Developer,Web Developer,Web and Digital Interface Designer,Web and Digital Interface Designer,Web and Digital Interface Designer,Web and Digital Interface Designer,Web Developer
563,IT Support Specialist,it support specialist,it support specialist,it support specialist,it support specialist,it support specialist,it support specialist,151231,151231,151232,151232,151232,151232,0.8201438848920863,0.8201438848920863,0.6847963571970654,0.6847963571970654,0.6847963571970654,0.6847963571970654,False,False,True,True,True,True,True,True,True,True,True,True,True,True,True,True,True,True,Computer Network Support Specialist,Computer Network Support Specialist,Computer User Support Specialist,Computer User Support Specialist,Computer User Support Specialist,Computer User Support Specialist,Computer User Support Specialist
564,Staff Software Engineer,staff software engineer,staff software engineer,staff software engineer,staff software engineer,staff software engineer,staff software engineer,151252,151252,151253,151253,151253,151253,1.0,1.0,0.4829541202005838,0.4829541202005838,0.4829541202005838,0.4829541202005838,True,True,False,False,False,False,True,True,True,True,True,True,True,True,True,True,True,True,Software Developer,Software Developer,Software Quality Assurance Analyst,Software Quality Assurance Analyst,Software Quality Assurance Analyst,Software Quality Assurance Analyst,Software Developer
565,Web Solutions Engineer,web solutions engineer,web solutions engineer,web solutions engineer,web solutions engineer,web solutions engineer,web solutions engineer,151254,151254,151244,151244,151244,151244,0.24561173696620384,0.18701376421304608,1.0,1.0,1.0,1.0,True,True,False,False,False,False,True,True,True,True,True,True,True,True,True,True,True,True,Web Developer,Web Developer,Network and Computer Systems Administrator,Network and Computer Systems Administrator,Network and Computer Systems Administrator,Network and Computer Systems Administrator,Web Developer
566,Software Engineer,software engineer,software engineer,software engineer,software engineer,software engineer,software engineer,151252,151252,151253,151253,151253,151253,0.9702525497814473,0.9702525497814473,0.4829541202005838,0.4829541202005838,0.4829541202005838,0.4829541202005838,True,True,False,False,False,False,True,True,True,True,True,True,True,True,True,True,True,True,Software Developer,Software Developer,Software Quality Assurance Analyst,Software Quality Assurance Analyst,Software Quality Assurance Analyst,Software Quality Assurance Analyst,Software Developer
567,Web Developer,web developer,web developer,web developer,web developer,web developer,web developer,151254,151254,151255,151255,151255,151255,0.8664717348927875,0.8664717348927875,0.46434856484009956,0.46434856484009956,0.46434856484009956,0.46434856484009956,True,True,False,False,False,False,True,True,True,True,True,True,True,True,True,True,True,True,Web Developer,Web Developer,Web and Digital Interface Designer,Web and Digital Interface Designer,Web and Digital Interface Designer,Web and Digital Interface Designer,Web Developer
568,IT Field Support Specialist HT1,it field support specialist ht1,it field support specialist ht1,it field support specialist ht,it field support specialist ht,it field support specialist ht,it field support specialist ht,211093,211093,151232,151232,151232,151232,1.0,1.0,0.6847963571970654,0.6847963571970654,0.6847963571970654,0.6847963571970654,False,False,True,True,True,True,False,False,True,True,True,True,False,False,True,True,True,True,Social and Human Service Assistant,Social and Human Service Assistant,Computer User Support Specialist,Computer User Support Specialist,Computer User Support Specialist,Computer User Support Specialist,Computer User Support Specialist
569,Senior Software Engineer,senior software engineer,senior software engineer,software engineer,software engineer,software engineer,software engineer,151252,151252,151253,151253,151253,151253,0.9702525497814473,0.9702525497814473,0.4829541202005838,0.4829541202005838,0.4829541202005838,0.4829541202005838,True,True,False,False,False,False,True,True,True,True,True,True,True,True,True,True,True,True,Software Developer,Software Developer,Software Quality Assurance Analyst,Software Quality Assurance Analyst,Software Quality Assurance Analyst,Software Quality Assurance Analyst,Software Developer
570,Sr Engineer - Target.com Web Team,sr engineer,sr engineer,engineer,engineer,engineer,engineer,172199,172199,151253,151253,151253,151253,0.10493311036789298,0.10493311036789298,0.2533966825039593,0.2533966825039593,0.2533966825039593,0.2533966825039593,False,False,False,False,False,False,False,False,True,True,True,True,False,False,True,True,True,True,Engineer,Engineer,Software Quality Assurance Analyst,Software Quality Assurance Analyst,Software Quality Assurance Analyst,Software Quality Assurance Analyst,Web Developer
571,Front-end Web Development - Cyber Security Engineer,front end web development,front end web development,front end web development,front end web development,front end web development,front end web development,151254,151254,113021,113021,113021,113021,0.5911949685534591,0.5911949685534591,0.7706422018348624,0.7706422018348624,0.7706422018348624,0.7706422018348624,True,True,False,False,False,False,True,True,False,False,False,False,True,True,False,False,False,False,Web Developer,Web Developer,Computer and Information Systems Manager,Computer and Information Systems Manager,Computer and Information Systems Manager,Computer and Information Systems Manager,Web Developer
572,Information Security Analyst,information security analyst,information security analyst,information security analyst,information security analyst,information security analyst,information security analyst,151212,151212,151212,151212,151212,151212,1.0,1.0,1.0,1.0,1.0,1.0,False,False,False,False,False,False,True,True,True,True,True,True,True,True,True,True,True,True,Information Analyst,Information Analyst,Information Analyst,Information Analyst,Information Analyst,Information Analyst,Computer Analyst
573,Software Engineer,software engineer,software engineer,software engineer,software engineer,software engineer,software engineer,151252,151252,151253,151253,151253,151253,0.9702525497814473,0.9702525497814473,0.4829541202005838,0.4829541202005838,0.4829541202005838,0.4829541202005838,True,True,False,False,False,False,True,True,True,True,True,True,True,True,True,True,True,True,Software Developer,Software Developer,Software Quality Assurance Analyst,Software Quality Assurance Analyst,Software Quality Assurance Analyst,Software Quality Assurance Analyst,Software Developer
574,Web Producer,web producer,web producer,web producer,web producer,web producer,web producer,151254,151254,151254,151254,151254,151254,0.5,0.5,0.4751491053677932,0.4751491053677932,0.4751491053677932,0.4751491053677932,True,True,True,True,True,True,True,True,True,True,True,True,True,True,True,True,True,True,Web Developer,Web Developer,Web Developer,Web Developer,Web Developer,Web Developer,Web Developer
575,Technical Support Specialist,technical support specialist,technical support specialist,technical support specialist,technical support specialist,technical support specialist,technical support specialist,151232,151232,151232,151232,151232,151232,0.7596153846153847,0.7596153846153847,0.9273907910271546,0.9273907910271546,0.9273907910271546,0.9273907910271546,True,True,True,True,True,True,True,True,True,True,True,True,True,True,True,True,True,True,Computer User Support Specialist,Computer User Support Specialist,Computer User Support Specialist,Computer User Support Specialist,Computer User Support Specialist,Computer User Support Specialist,Computer User Support Specialist
576,"Systems Analyst, Professional",systems analyst professional,systems analyst professional,systems analyst professional,systems analyst professional,systems analyst professional,systems analyst professional,151211,151211,151252,151252,151252,151252,0.5188150520416333,0.5188150520416333,0.46153846153846156,0.46153846153846156,0.46153846153846156,0.46153846153846156,True,True,False,False,False,False,True,True,True,True,True,True,True,True,True,True,True,True,Computer Analyst,Computer Analyst,Software Developer,Software Developer,Software Developer,Software Developer,Computer Analyst
577,SCA Computer Sys Analyst 3,sca computer sys analyst 3,sca computer sys analyst 3,sca computer sys analyst,sca computer sys analyst,sca computer sys analyst,sca computer sys analyst,151232,151232,131111,131111,131111,131111,0.07188160676532769,0.07188160676532769,0.25,0.25,0.25,0.25,False,False,False,False,False,False,True,True,False,False,False,False,True,True,False,False,False,False,Computer User Support Specialist,Computer User Support Specialist,Management Analyst,Management Analyst,Management Analyst,Management Analyst,Computer Analyst
578,Principal Angular Web Developer,principal angular web developer,principal angular web developer,angular web developer,angular web developer,angular web developer,angular web developer,151254,151254,151254,151254,151254,151254,0.8664717348927875,0.8664717348927875,0.5,0.5,0.5,0.5,True,True,True,True,True,True,True,True,True,True,True,True,True,True,True,True,True,True,Web Developer,Web Developer,Web Developer,Web Developer,Web Developer,Web Developer,Web Developer
579,GBSD Service Desk Support Technician,gbsd service desk support technician,gbsd service desk support technician,gbsd service desk support technician,gbsd service desk support technician,gbsd service desk support technician,gbsd service desk support technician,151232,151232,151232,151232,151232,151232,0.48841354723707664,0.4497991967871485,1.0,1.0,1.0,1.0,True,True,True,True,True,True,True,True,True,True,True,True,True,True,True,True,True,True,Computer User Support Specialist,Computer User Support Specialist,Computer User Support Specialist,Computer User Support Specialist,Computer User Support Specialist,Computer User Support Specialist,Computer User Support Specialist
580,Systems Consultant,systems consultant,systems consultant,systems consultant,systems consultant,systems consultant,systems consultant,151299,151299,151211,151211,151211,151211,0.5,0.5,0.9626556016597511,0.9626556016597511,0.9626556016597511,0.9626556016597511,False,False,True,True,True,True,True,True,True,True,True,True,True,True,True,True,True,True,Computer Occupation,Computer Occupation,Computer Analyst,Computer Analyst,Computer Analyst,Computer Analyst,Computer Analyst
581,Front End Developer,front end developer,front end developer,front end developer,front end developer,front end developer,front end developer,271021,271021,516061,516061,516061,516061,0.26530612244897955,0.26530612244897955,1.0,1.0,1.0,1.0,False,False,False,False,False,False,False,False,False,False,False,False,False,False,False,False,False,False,Commercial/Industrial Designer,Commercial/Industrial Designer,Textile Bleaching/Dyeing Machine Operator,Textile Bleaching/Dyeing Machine Operator,Textile Bleaching/Dyeing Machine Operator,Textile Bleaching/Dyeing Machine Operator,Web Developer
582,"Technician, IT Support",technician it support,technician it support,technician it support,technician it support,it support technician,it support technician,151231,151231,292052,292052,151232,151232,0.9015748031496063,0.9015748031496063,0.3894687597922174,0.3894687597922174,0.9410360220076819,0.9410360220076819,False,False,False,False,True,True,True,True,False,False,True,True,True,True,False,False,True,True,Computer Network Support Specialist,Computer Network Support Specialist,Pharmacy Technician,Pharmacy Technician,Computer User Support Specialist,Computer User Support Specialist,Computer User Support Specialist
583,Systems Analyst,systems analyst,systems analyst,systems analyst,systems analyst,systems analyst,systems analyst,151211,151211,151211,151211,151211,151211,0.5188150520416333,0.5188150520416333,0.9028458922498658,0.9028458922498658,0.9028458922498658,0.9028458922498658,True,True,True,True,True,True,True,True,True,True,True,True,True,True,True,True,True,True,Computer Analyst,Computer Analyst,Computer Analyst,Computer Analyst,Computer Analyst,Computer Analyst,Computer Analyst
584,Web Application Developer,web application developer,web application developer,web application developer,web application developer,web application developer,web application developer,151251,151251,151251,151251,151251,151251,1.0,1.0,0.9266837169650469,0.9266837169650469,0.9266837169650469,0.9266837169650469,False,False,False,False,False,False,True,True,True,True,True,True,True,True,True,True,True,True,Computer Programmer,Computer Programmer,Computer Programmer,Computer Programmer,Computer Programmer,Computer Programmer,Web Developer
585,Infrastructure Technology Support Specialist,infrastructure technology support specialist,infrastructure technology support specialist,infrastructure technology support specialist,infrastructure technology support specialist,infrastructure technology support specialist,infrastructure technology support specialist,151232,151232,151232,151232,151232,151232,0.8442367601246106,0.8442367601246106,0.6847963571970654,0.6847963571970654,0.6847963571970654,0.6847963571970654,True,True,True,True,True,True,True,True,True,True,True,True,True,True,True,True,True,True,Computer User Support Specialist,Computer User Support Specialist,Computer User Support Specialist,Computer User Support Specialist,Computer User Support Specialist,Computer User Support Specialist,Computer User Support Specialist
586,IT Systems Analyst,it systems analyst,it systems analyst,it systems analyst,it systems analyst,it systems analyst,it systems analyst,151211,151211,151211,151211,151211,151211,1.0,1.0,0.9028458922498658,0.9028458922498658,0.9028458922498658,0.9028458922498658,True,True,True,True,True,True,True,True,True,True,True,True,True,True,True,True,True,True,Computer Analyst,Computer Analyst,Computer Analyst,Computer Analyst,Computer Analyst,Computer Analyst,Computer Analyst
587,Desktop/End User Support Technician 3,desktop end user support technician 3,desktop end user support technician 3,desktop end user support technician,desktop end user support technician,desktop end user support technician,desktop end user support technician,151232,151232,151232,151232,151232,151232,1.0,1.0,1.0,1.0,1.0,1.0,True,True,True,True,True,True,True,True,True,True,True,True,True,True,True,True,True,True,Computer User Support Specialist,Computer User Support Specialist,Computer User Support Specialist,Computer User Support Specialist,Computer User Support Specialist,Computer User Support Specialist,Computer User Support Specialist
588,Systems Analyst,systems analyst,systems analyst,systems analyst,systems analyst,systems analyst,systems analyst,151211,151211,151211,151211,151211,151211,0.5188150520416333,0.5188150520416333,0.9028458922498658,0.9028458922498658,0.9028458922498658,0.9028458922498658,True,True,True,True,True,True,True,True,True,True,True,True,True,True,True,True,True,True,Computer Analyst,Computer Analyst,Computer Analyst,Computer Analyst,Computer Analyst,Computer Analyst,Computer Analyst
589,PROGRAMMER ANALYST-2,programmer analyst 2,programmer analyst 2,programmer analyst,programmer analyst,programmer analyst,programmer analyst,151251,151251,151251,151251,151251,151251,0.864314789687924,0.864314789687924,0.4908587257617729,0.4908587257617729,0.4908587257617729,0.4908587257617729,False,False,False,False,False,False,True,True,True,True,True,True,True,True,True,True,True,True,Computer Programmer,Computer Programmer,Computer Programmer,Computer Programmer,Computer Programmer,Computer Programmer,Computer Analyst
590,SOFTWARE/WEB DEVELOPER,software web developer,software web developer,software web developer,software web developer,software web developer,software web developer,151254,151254,151254,151254,151254,151254,0.8664717348927875,0.8664717348927875,0.4413793103448276,0.4413793103448276,0.4413793103448276,0.4413793103448276,True,True,True,True,True,True,True,True,True,True,True,True,True,True,True,True,True,True,Web Developer,Web Developer,Web Developer,Web Developer,Web Developer,Web Developer,Web Developer
591,ASSOCIATE IT END USER SUPPORT SPECIALIST,associate it end user support specialist,associate it end user support specialist,it end user support specialist,it end user support specialist,it end user support specialist,it end user support specialist,151232,151232,151232,151232,151232,151232,1.0,1.0,1.0,1.0,1.0,1.0,True,True,True,True,True,True,True,True,True,True,True,True,True,True,True,True,True,True,Computer User Support Specialist,Computer User Support Specialist,Computer User Support Specialist,Computer User Support Specialist,Computer User Support Specialist,Computer User Support Specialist,Computer User Support Specialist
592,FullStack Capital Markets Web Developer,fullstack capital markets web developer,fullstack capital markets web developer,fullstack capital markets web developer,fullstack capital markets web developer,fullstack capital markets web developer,fullstack capital markets web developer,151254,151254,151254,151254,151254,151254,0.8664717348927875,0.8664717348927875,0.5,0.5,0.5,0.5,True,True,True,True,True,True,True,True,True,True,True,True,True,True,True,True,True,True,Web Developer,Web Developer,Web Developer,Web Developer,Web Developer,Web Developer,Web Developer
593,Information Technology Analyst,information technology analyst,information technology analyst,information technology analyst,information technology analyst,information technology analyst,information technology analyst,151212,151212,151211,151211,151211,151211,0.33333333333333337,0.33333333333333337,0.7105263157894737,0.7105263157894737,0.7105263157894737,0.7105263157894737,False,False,True,True,True,True,True,True,True,True,True,True,True,True,True,True,True,True,Information Analyst,Information Analyst,Computer Analyst,Computer Analyst,Computer Analyst,Computer Analyst,Computer Analyst
594,Systems Analyst,systems analyst,systems analyst,systems analyst,systems analyst,systems analyst,systems analyst,151211,151211,151211,151211,151211,151211,0.5188150520416333,0.5188150520416333,0.9028458922498658,0.9028458922498658,0.9028458922498658,0.9028458922498658,True,True,True,True,True,True,True,True,True,True,True,True,True,True,True,True,True,True,Computer Analyst,Computer Analyst,Computer Analyst,Computer Analyst,Computer Analyst,Computer Analyst,Computer Analyst
595,.Net Web/UI Developer,net web ui developer,net web ui developer,,,,,151251,151251,,,,,0.5327868852459017,1.0,,,,,False,False,False,False,False,False,True,True,False,False,False,False,True,True,False,False,False,False,Computer Programmer,Computer Programmer,unknown,unknown,unknown,unknown,Web Developer
596,ISTS Support Technician,ists support technician,ists support technician,ists support technician,ists support technician,ists support technician,ists support technician,151232,151232,151232,151232,151232,151232,0.5192307692307692,0.5192307692307692,0.9410360220076819,0.9410360220076819,0.9410360220076819,0.9410360220076819,True,True,True,True,True,True,True,True,True,True,True,True,True,True,True,True,True,True,Computer User Support Specialist,Computer User Support Specialist,Computer User Support Specialist,Computer User Support Specialist,Computer User Support Specialist,Computer User Support Specialist,Computer User Support Specialist
597,Web Developer,web developer,web developer,web developer,web developer,web developer,web developer,151254,151254,151255,151255,151255,151255,0.8664717348927875,0.8664717348927875,0.46434856484009956,0.46434856484009956,0.46434856484009956,0.46434856484009956,True,True,False,False,False,False,True,True,True,True,True,True,True,True,True,True,True,True,Web Developer,Web Developer,Web and Digital Interface Designer,Web and Digital Interface Designer,Web and Digital Interface Designer,Web and Digital Interface Designer,Web Developer
598,IT Customer Support Analyst,it customer support analyst,it customer support analyst,it customer support analyst,it customer support analyst,it customer support analyst,it customer support analyst,151232,151232,151232,151232,151232,151232,1.0,1.0,1.0,1.0,1.0,1.0,True,True,True,True,True,True,True,True,True,True,True,True,True,True,True,True,True,True,Computer User Support Specialist,Computer User Support Specialist,Computer User Support Specialist,Computer User Support Specialist,Computer User Support Specialist,Computer User Support Specialist,Computer User Support Specialist
599,Frontend Web Engineer,frontend web engineer,frontend web engineer,frontend web engineer,frontend web engineer,frontend web engineer,frontend web engineer,151254,151254,151255,151255,151255,151255,0.5,0.5,0.47761194029850745,0.47761194029850745,0.47761194029850745,0.47761194029850745,True,True,False,False,False,False,True,True,True,True,True,True,True,True,True,True,True,True,Web Developer,Web Developer,Web and Digital Interface Designer,Web and Digital Interface Designer,Web and Digital Interface Designer,Web and Digital Interface Designer,Web Developer
600,Computer Systems Analyst,computer systems analyst,computer systems analyst,computer systems analyst,computer systems analyst,computer systems analyst,computer systems analyst,151211,151211,151211,151211,151211,151211,1.0,1.0,1.0,1.0,1.0,1.0,True,True,True,True,True,True,True,True,True,True,True,True,True,True,True,True,True,True,Computer Analyst,Computer Analyst,Computer Analyst,Computer Analyst,Computer Analyst,Computer Analyst,Computer Analyst
601,Web Developer,web developer,web developer,web developer,web developer,web developer,web developer,151254,151254,151255,151255,151255,151255,0.8664717348927875,0.8664717348927875,0.46434856484009956,0.46434856484009956,0.46434856484009956,0.46434856484009956,True,True,False,False,False,False,True,True,True,True,True,True,True,True,True,True,True,True,Web Developer,Web Developer,Web and Digital Interface Designer,Web and Digital Interface Designer,Web and Digital Interface Designer,Web and Digital Interface Designer,Web Developer
602,Service Desk Technician,service desk technician,service desk technician,service desk technician,service desk technician,service desk technician,service desk technician,492022,492022,492022,492022,492022,492022,1.0,1.0,1.0,1.0,1.0,1.0,False,False,False,False,False,False,False,False,False,False,False,False,False,False,False,False,False,False,Telecommunications Equipment Installer/Repairer,Telecommunications Equipment Installer/Repairer,Telecommunications Equipment Installer/Repairer,Telecommunications Equipment Installer/Repairer,Telecommunications Equipment Installer/Repairer,Telecommunications Equipment Installer/Repairer,Computer User Support Specialist
603,Sr. IT Analyst,sr it analyst,sr it analyst,it analyst,it analyst,it analyst,it analyst,151211,151211,151211,151211,151211,151211,0.4296577946768061,0.4296577946768061,0.11418820762330804,0.11418820762330804,0.11418820762330804,0.11418820762330804,True,True,True,True,True,True,True,True,True,True,True,True,True,True,True,True,True,True,Computer Analyst,Computer Analyst,Computer Analyst,Computer Analyst,Computer Analyst,Computer Analyst,Computer Analyst
604,FRONT-END DEVELOPER,front end developer,front end developer,front end developer,front end developer,front end developer,front end developer,271021,271021,516061,516061,516061,516061,0.26530612244897955,0.26530612244897955,1.0,1.0,1.0,1.0,False,False,False,False,False,False,False,False,False,False,False,False,False,False,False,False,False,False,Commercial/Industrial Designer,Commercial/Industrial Designer,Textile Bleaching/Dyeing Machine Operator,Textile Bleaching/Dyeing Machine Operator,Textile Bleaching/Dyeing Machine Operator,Textile Bleaching/Dyeing Machine Operator,Web Developer
605,Senior Web Specialist,senior web specialist,senior web specialist,web specialist,web specialist,web specialist,web specialist,151254,151254,151255,151255,151255,151255,0.5,0.5,0.17218543046357615,0.17218543046357615,0.17218543046357615,0.17218543046357615,True,True,False,False,False,False,True,True,True,True,True,True,True,True,True,True,True,True,Web Developer,Web Developer,Web and Digital Interface Designer,Web and Digital Interface Designer,Web and Digital Interface Designer,Web and Digital Interface Designer,Web Developer
606,Technical Support Associate,technical support associate,technical support associate,technical support associate,technical support associate,technical support associate,technical support associate,151232,151232,412031,412031,412031,412031,0.7905422770496017,0.7905422770496017,0.43861082737487234,0.43861082737487234,0.43861082737487234,0.43861082737487234,True,True,False,False,False,False,True,True,False,False,False,False,True,True,False,False,False,False,Computer User Support Specialist,Computer User Support Specialist,Retail Salesperson,Retail Salesperson,Retail Salesperson,Retail Salesperson,Computer User Support Specialist
607,Sr. Front-End Engineer,sr front end engineer,sr front end engineer,front,front,front,front,493023,493023,,,,,1.0,1.0,,,,,False,False,False,False,False,False,False,False,False,False,False,False,False,False,False,False,False,False,Automotive Service Technician/Mechanic,Automotive Service Technician/Mechanic,unknown,unknown,unknown,unknown,Web Developer
608,"Capital Technical Support Specialist, III",capital technical support specialist iii,capital technical support specialist iii,capital technical support specialist,capital technical support specialist,capital technical support specialist,capital technical support specialist,151232,151232,151232,151232,151232,151232,0.7596153846153847,0.7596153846153847,0.9273907910271546,0.9273907910271546,0.9273907910271546,0.9273907910271546,True,True,True,True,True,True,True,True,True,True,True,True,True,True,True,True,True,True,Computer User Support Specialist,Computer User Support Specialist,Computer User Support Specialist,Computer User Support Specialist,Computer User Support Specialist,Computer User Support Specialist,Computer User Support Specialist
609,Senior Web Designer,senior web designer,senior web designer,web designer,web designer,web designer,web designer,151254,151254,151255,151255,151255,151255,0.6503496503496503,0.6503496503496503,0.3061023622047244,0.3061023622047244,0.3061023622047244,0.3061023622047244,True,True,False,False,False,False,True,True,True,True,True,True,True,True,True,True,True,True,Web Developer,Web Developer,Web and Digital Interface Designer,Web and Digital Interface Designer,Web and Digital Interface Designer,Web and Digital Interface Designer,Web Developer
610,Senior Systems Programming Analyst,senior systems programming analyst,senior systems programming analyst,systems programming analyst,systems programming analyst,systems programming analyst,systems programming analyst,151211,151211,151211,151211,151211,151211,1.0,1.0,1.0,1.0,1.0,1.0,True,True,True,True,True,True,True,True,True,True,True,True,True,True,True,True,True,True,Computer Analyst,Computer Analyst,Computer Analyst,Computer Analyst,Computer Analyst,Computer Analyst,Computer Analyst
611,Web Developer Specialist,web developer specialist,web developer specialist,web developer specialist,web developer specialist,web developer specialist,web developer specialist,151254,151254,151254,151254,151254,151254,0.8664717348927875,0.8664717348927875,0.5,0.5,0.5,0.5,True,True,True,True,True,True,True,True,True,True,True,True,True,True,True,True,True,True,Web Developer,Web Developer,Web Developer,Web Developer,Web Developer,Web Developer,Web Developer
612,Systems Analyst,systems analyst,systems analyst,systems analyst,systems analyst,systems analyst,systems analyst,151211,151211,151211,151211,151211,151211,0.5188150520416333,0.5188150520416333,0.9028458922498658,0.9028458922498658,0.9028458922498658,0.9028458922498658,True,True,True,True,True,True,True,True,True,True,True,True,True,True,True,True,True,True,Computer Analyst,Computer Analyst,Computer Analyst,Computer Analyst,Computer Analyst,Computer Analyst,Computer Analyst
613,Application Security Analyst,application security analyst,application security analyst,application security analyst,application security analyst,application security analyst,application security analyst,151299,151299,151212,151212,151212,151212,0.7042253521126761,0.7042253521126761,0.9310178226325961,0.9310178226325961,0.9310178226325961,0.9310178226325961,False,False,False,False,False,False,True,True,True,True,True,True,True,True,True,True,True,True,Computer Occupation,Computer Occupation,Information Analyst,Information Analyst,Information Analyst,Information Analyst,Computer Analyst
614,System Analyst,system analyst,system analyst,system analyst,system analyst,system analyst,system analyst,151211,151211,151211,151211,151211,151211,1.0,1.0,0.64519535374868,0.64519535374868,0.64519535374868,0.64519535374868,True,True,True,True,True,True,True,True,True,True,True,True,True,True,True,True,True,True,Computer Analyst,Computer Analyst,Computer Analyst,Computer Analyst,Computer Analyst,Computer Analyst,Computer Analyst
615,IT Security and Compliance Analyst,it security and compliance analyst,it security and compliance analyst,it security and compliance analyst,it security and compliance analyst,it security and compliance analyst,it security and compliance analyst,131199,131199,132061,132061,132061,132061,0.255,0.6710526315789473,1.0,1.0,1.0,1.0,False,False,False,False,False,False,False,False,False,False,False,False,False,False,False,False,False,False,Business Operations Specialist,Business Operations Specialist,Financial Examiner,Financial Examiner,Financial Examiner,Financial Examiner,Computer Analyst
616,IT Security Business & Communications Analyst III,it security business  communications analyst iii,it security business  communications analyst iii,it security business communications analyst,it security business communications analyst,it security business communications analyst,it security business communications analyst,131199,131199,131161,131161,131161,131161,0.6710526315789473,0.6710526315789473,0.6181818181818182,0.6181818181818182,0.6181818181818182,0.6181818181818182,False,False,False,False,False,False,False,False,False,False,False,False,False,False,False,False,False,False,Business Operations Specialist,Business Operations Specialist,Market Research Analyst or Marketing Specialist,Market Research Analyst or Marketing Specialist,Market Research Analyst or Marketing Specialist,Market Research Analyst or Marketing Specialist,Computer Analyst
617,Sr. Services Analyst - IT,sr services analyst,sr services analyst,services analyst,services analyst,services analyst,services analyst,413091,413091,474011,474011,474011,474011,0.17196132596685082,0.17196132596685082,0.4107142857142857,0.4107142857142857,0.4107142857142857,0.4107142857142857,False,False,False,False,False,False,False,False,False,False,False,False,False,False,False,False,False,False,Sales Representative (Services),Sales Representative (Services),Construction/Building Inspector,Construction/Building Inspector,Construction/Building Inspector,Construction/Building Inspector,Computer Analyst
618,Applications Development Analyst ,applications development analyst,applications development analyst,applications development analyst,applications development analyst,applications development analyst,applications development analyst,151252,151252,151252,151252,151252,151252,0.11668611435239205,0.2001000500250125,0.5,0.5,0.5,0.5,False,False,False,False,False,False,True,True,True,True,True,True,True,True,True,True,True,True,Software Developer,Software Developer,Software Developer,Software Developer,Software Developer,Software Developer,Computer Analyst
619,Infrastructure Tech Analyst,infrastructure tech analyst,infrastructure tech analyst,infrastructure tech analyst,infrastructure tech analyst,infrastructure tech analyst,infrastructure tech analyst,292099,131161,173028,173028,173028,173028,0.18764044943820227,0.20008067769261798,0.46,0.46,0.46,0.46,False,False,False,False,False,False,False,False,False,False,False,False,False,False,False,False,False,False,Health Technologist/Technician,Market Research Analyst or Marketing Specialist,Calibration Technologists/Technician,Calibration Technologists/Technician,Calibration Technologists/Technician,Calibration Technologists/Technician,Computer Analyst
620,Assistant Professor of Graphic Design,assistant professor of graphic design,assistant professor of graphic design,graphic design professor,graphic design professor,graphic design professor,graphic design professor,251121,251053,251112,251112,251112,251112,0.0684931506849315,0.05772151898734178,0.2191780821917808,0.2191780821917808,0.2191780821917808,0.2191780821917808,False,False,False,False,False,False,True,True,True,True,True,True,True,True,True,True,True,True,"Art, Drama, and Music Instructor (Postsecondary)",Environmental Science Instructor (Postsecondary),Law Instructor (Postsecondary),Law Instructor (Postsecondary),Law Instructor (Postsecondary),Law Instructor (Postsecondary),Education Instructor (Postsecondary)
621,Assistant Professor of Art,assistant professor of art,assistant professor of art,art professor,art professor,art professor,art professor,251053,251053,251112,251112,251112,251112,0.05772151898734178,0.05772151898734178,0.2191780821917808,0.2191780821917808,0.2191780821917808,0.2191780821917808,False,False,False,False,False,False,True,True,True,True,True,True,True,True,True,True,True,True,Environmental Science Instructor (Postsecondary),Environmental Science Instructor (Postsecondary),Law Instructor (Postsecondary),Law Instructor (Postsecondary),Law Instructor (Postsecondary),Law Instructor (Postsecondary),Education Instructor (Postsecondary)
622,Non-Tenure Track Faculty Position in the Butler School of Music,non tenure track faculty position in the butler school of music,non tenure track faculty position in the butler school of music,music non tenure track faculty position in the butler school,music non tenure track faculty position in the butler school,music non tenure track faculty position in the butler school,music non tenure track faculty position in the butler school,119033,119033,394012,394012,394012,394012,1.0,1.0,0.25,0.25,0.25,0.25,False,False,False,False,False,False,False,False,False,False,False,False,False,False,False,False,False,False,Postsecondary Education Administrator,Postsecondary Education Administrator,Crematory Operator,Crematory Operator,Crematory Operator,Crematory Operator,Education Instructor (Postsecondary)
623,Non-Tenure Track Position in the School of Design and Creative Technologies,non tenure track position in the school of design and creative technologies,non tenure track position in the school of design and creative technologies,design and creative technologies non tenure track position in the school,design and creative technologies non tenure track position in the school,design and creative technologies non tenure track position in the school,design and creative technologies non tenure track position in the school,119033,119033,,,,,1.0,1.0,,,,,False,False,False,False,False,False,False,False,False,False,False,False,False,False,False,False,False,False,Postsecondary Education Administrator,Postsecondary Education Administrator,unknown,unknown,unknown,unknown,Education Instructor (Postsecondary)
624,Adjunct-College of Fine Arts & Design-Theatre Arts,adjunct college of fine arts  design theatre arts,adjunct college of fine arts  design theatre arts,fine arts design adjunct college,fine arts design adjunct college,fine arts design adjunct college,fine arts design adjunct college,251121,119033,,,,,0.4,1.0,,,,,False,False,False,False,False,False,True,False,False,False,False,False,True,False,False,False,False,False,"Art, Drama, and Music Instructor (Postsecondary)",Postsecondary Education Administrator,unknown,unknown,unknown,unknown,Education Instructor (Postsecondary)
625,Adjunct Professor of Theatre (Costume Design),adjunct professor of theatre,adjunct professor of theatre,theatre adjunct professor,theatre adjunct professor,theatre adjunct professor,theatre adjunct professor,251022,251022,251022,251022,251022,251022,0.05263157894736842,0.05263157894736842,0.3333333333333333,0.3333333333333333,0.3333333333333333,0.3333333333333333,False,False,False,False,False,False,True,True,True,True,True,True,True,True,True,True,True,True,Mathematical Science Instructor (Postsecondary),Mathematical Science Instructor (Postsecondary),Mathematical Science Instructor (Postsecondary),Mathematical Science Instructor (Postsecondary),Mathematical Science Instructor (Postsecondary),Mathematical Science Instructor (Postsecondary),Education Instructor (Postsecondary)
626,Professor of Accounting,professor of accounting,professor of accounting,accounting professor,accounting professor,accounting professor,accounting professor,251122,251122,251011,251011,251011,251011,1.0,1.0,1.0,1.0,1.0,1.0,False,False,False,False,False,False,True,True,True,True,True,True,True,True,True,True,True,True,Communications Instructor (Postsecondary),Communications Instructor (Postsecondary),Business Instructor (Postsecondary),Business Instructor (Postsecondary),Business Instructor (Postsecondary),Business Instructor (Postsecondary),Education Instructor (Postsecondary)
627,Assistant Professor in Applied Economics and Policy,assistant professor in applied economics and policy,assistant professor in applied economics and policy,professor in applied economics and policy,professor in applied economics and policy,in applied economics and policy professor,in applied economics and policy professor,251053,251053,251112,251112,251112,251112,0.05772151898734178,0.05772151898734178,0.2191780821917808,0.2191780821917808,0.2191780821917808,0.2191780821917808,False,False,False,False,False,False,True,True,True,True,True,True,True,True,True,True,True,True,Environmental Science Instructor (Postsecondary),Environmental Science Instructor (Postsecondary),Law Instructor (Postsecondary),Law Instructor (Postsecondary),Law Instructor (Postsecondary),Law Instructor (Postsecondary),Education Instructor (Postsecondary)
628,"Instructor, Marketing",instructor marketing,instructor marketing,instructor marketing,instructor marketing,marketing instructor,marketing instructor,112021,112021,399031,399031,251011,251011,0.3600472052354898,0.4122850122850123,0.3451546993578517,0.3451546993578517,1.0,1.0,False,False,False,False,False,False,False,False,False,False,True,True,False,False,False,False,True,True,Marketing Manager,Marketing Manager,Exercise Trainer or Group Fitness Instructor,Exercise Trainer or Group Fitness Instructor,Business Instructor (Postsecondary),Business Instructor (Postsecondary),Education Instructor (Postsecondary)
629,Lecturer,lecturer,lecturer,lecturer,lecturer,lecturer,lecturer,251011,251011,253031,253031,253031,253031,0.03225806451612903,0.03225806451612903,0.2619647355163728,0.2619647355163728,0.2619647355163728,0.2619647355163728,False,False,False,False,False,False,True,True,False,False,False,False,True,True,True,True,True,True,Business Instructor (Postsecondary),Business Instructor (Postsecondary),Substitute Teacher,Substitute Teacher,Substitute Teacher,Substitute Teacher,Education Instructor (Postsecondary)
630,Adjunct Faculty - Department of Business,adjunct faculty,adjunct faculty,adjunct faculty,adjunct faculty,adjunct faculty,adjunct faculty,251126,251126,,,,,1.0,1.0,,,,,False,False,False,False,False,False,True,True,False,False,False,False,True,True,False,False,False,False,Philosophy and Religion Instructor (Postsecondary),Philosophy and Religion Instructor (Postsecondary),unknown,unknown,unknown,unknown,Education Instructor (Postsecondary)
631,Adjunct Faculty Teaching Positions,adjunct faculty teaching positions,adjunct faculty teaching positions,adjunct faculty teaching positions,adjunct faculty teaching positions,adjunct faculty teaching positions,adjunct faculty teaching positions,251126,251126,,,,,1.0,1.0,,,,,False,False,False,False,False,False,True,True,False,False,False,False,True,True,False,False,False,False,Philosophy and Religion Instructor (Postsecondary),Philosophy and Religion Instructor (Postsecondary),unknown,unknown,unknown,unknown,Education Instructor (Postsecondary)
632,Assistant Professor - Advertising,assistant professor,assistant professor,professor,professor,professor,professor,251053,251053,251112,251112,251112,251112,0.05772151898734178,0.05772151898734178,0.2191780821917808,0.2191780821917808,0.2191780821917808,0.2191780821917808,False,False,False,False,False,False,True,True,True,True,True,True,True,True,True,True,True,True,Environmental Science Instructor (Postsecondary),Environmental Science Instructor (Postsecondary),Law Instructor (Postsecondary),Law Instructor (Postsecondary),Law Instructor (Postsecondary),Law Instructor (Postsecondary),Education Instructor (Postsecondary)
633,Assistant or Associate Professor of Communication,assistant or associate professor of communication,assistant or associate professor of communication,communication or professor,communication or professor,communication or professor,communication or professor,251011,251011,251112,251112,251112,251112,0.027777777777777776,0.027777777777777776,0.2191780821917808,0.2191780821917808,0.2191780821917808,0.2191780821917808,False,False,False,False,False,False,True,True,True,True,True,True,True,True,True,True,True,True,Business Instructor (Postsecondary),Business Instructor (Postsecondary),Law Instructor (Postsecondary),Law Instructor (Postsecondary),Law Instructor (Postsecondary),Law Instructor (Postsecondary),Education Instructor (Postsecondary)
634,Assistant Professor of the Practice in Esports Management,assistant professor of the practice in esports management,assistant professor of the practice in esports management,the practice in esports management professor,the practice in esports management professor,the practice in esports management professor,the practice in esports management professor,251053,251053,251112,251112,251112,251112,0.05772151898734178,0.05772151898734178,0.2191780821917808,0.2191780821917808,0.2191780821917808,0.2191780821917808,False,False,False,False,False,False,True,True,True,True,True,True,True,True,True,True,True,True,Environmental Science Instructor (Postsecondary),Environmental Science Instructor (Postsecondary),Law Instructor (Postsecondary),Law Instructor (Postsecondary),Law Instructor (Postsecondary),Law Instructor (Postsecondary),Education Instructor (Postsecondary)
635,Visiting Professor of Communication,visiting professor of communication,visiting professor of communication,communication visiting professor,communication visiting professor,communication visiting professor,communication visiting professor,251122,251122,251112,251112,251112,251112,1.0,1.0,0.2191780821917808,0.2191780821917808,0.2191780821917808,0.2191780821917808,False,False,False,False,False,False,True,True,True,True,True,True,True,True,True,True,True,True,Communications Instructor (Postsecondary),Communications Instructor (Postsecondary),Law Instructor (Postsecondary),Law Instructor (Postsecondary),Law Instructor (Postsecondary),Law Instructor (Postsecondary),Education Instructor (Postsecondary)
636,"Adjunct Faculty, Communication Disorders",adjunct faculty communication disorders,adjunct faculty communication disorders,adjunct faculty communication disorders,adjunct faculty communication disorders,adjunct faculty communication disorders,adjunct faculty communication disorders,251126,251126,,,,,1.0,1.0,,,,,False,False,False,False,False,False,True,True,False,False,False,False,True,True,False,False,False,False,Philosophy and Religion Instructor (Postsecondary),Philosophy and Religion Instructor (Postsecondary),unknown,unknown,unknown,unknown,Education Instructor (Postsecondary)
637,"Public Speaking, Adjunct Faculty",public speaking adjunct faculty,public speaking adjunct faculty,public speaking adjunct faculty,public speaking adjunct faculty,public speaking adjunct faculty,public speaking adjunct faculty,251122,251122,,,,,0.5,0.6,,,,,False,False,False,False,False,False,True,True,False,False,False,False,True,True,False,False,False,False,Communications Instructor (Postsecondary),Communications Instructor (Postsecondary),unknown,unknown,unknown,unknown,Education Instructor (Postsecondary)
638,Assistant Professor,assistant professor,assistant professor,professor,professor,professor,professor,251053,251053,251112,251112,251112,251112,0.05772151898734178,0.05772151898734178,0.2191780821917808,0.2191780821917808,0.2191780821917808,0.2191780821917808,False,False,False,False,False,False,True,True,True,True,True,True,True,True,True,True,True,True,Environmental Science Instructor (Postsecondary),Environmental Science Instructor (Postsecondary),Law Instructor (Postsecondary),Law Instructor (Postsecondary),Law Instructor (Postsecondary),Law Instructor (Postsecondary),Education Instructor (Postsecondary)
639,"Educational Leadership, Assistant Professor",educational leadership assistant professor,educational leadership assistant professor,educational leadership professor,educational leadership professor,educational leadership professor,educational leadership professor,251053,251053,251112,251112,251112,251112,0.05772151898734178,0.05772151898734178,0.2191780821917808,0.2191780821917808,0.2191780821917808,0.2191780821917808,False,False,False,False,False,False,True,True,True,True,True,True,True,True,True,True,True,True,Environmental Science Instructor (Postsecondary),Environmental Science Instructor (Postsecondary),Law Instructor (Postsecondary),Law Instructor (Postsecondary),Law Instructor (Postsecondary),Law Instructor (Postsecondary),Education Instructor (Postsecondary)
640,Visiting Assistant Professor of Counselor Education,visiting assistant professor of counselor education,visiting assistant professor of counselor education,counselor education visiting professor,counselor education visiting professor,counselor education visiting professor,counselor education visiting professor,251053,251053,251112,251112,251112,251112,0.056296296296296296,0.05772151898734178,0.2191780821917808,0.2191780821917808,0.2191780821917808,0.2191780821917808,False,False,False,False,False,False,True,True,True,True,True,True,True,True,True,True,True,True,Environmental Science Instructor (Postsecondary),Environmental Science Instructor (Postsecondary),Law Instructor (Postsecondary),Law Instructor (Postsecondary),Law Instructor (Postsecondary),Law Instructor (Postsecondary),Education Instructor (Postsecondary)
641,Assistant Professor of Practice,assistant professor of practice,assistant professor of practice,practice professor,practice professor,practice professor,practice professor,251053,251053,251112,251112,251112,251112,0.05772151898734178,0.05772151898734178,0.2191780821917808,0.2191780821917808,0.2191780821917808,0.2191780821917808,False,False,False,False,False,False,True,True,True,True,True,True,True,True,True,True,True,True,Environmental Science Instructor (Postsecondary),Environmental Science Instructor (Postsecondary),Law Instructor (Postsecondary),Law Instructor (Postsecondary),Law Instructor (Postsecondary),Law Instructor (Postsecondary),Education Instructor (Postsecondary)
642,Associate/Full Professor in Health Administration,associate full professor in health administration,associate full professor in health administration,full professor in health administration,full professor in health administration,full professor in health administration,full professor in health administration,435071,119111,251112,251112,251112,251112,0.08014571948998178,0.09891941602483044,0.2191780821917808,0.2191780821917808,0.2191780821917808,0.2191780821917808,False,False,False,False,False,False,False,False,True,True,True,True,False,False,True,True,True,True,Shipping/Receiving/Inventory Clerk,Medical and Health Services Manager,Law Instructor (Postsecondary),Law Instructor (Postsecondary),Law Instructor (Postsecondary),Law Instructor (Postsecondary),Education Instructor (Postsecondary)
643,Clinical Assistant Professor in Occupational Therapy,clinical assistant professor in occupational therapy,clinical assistant professor in occupational therapy,clinical professor in occupational therapy,clinical professor in occupational therapy,clinical professor in occupational therapy,clinical professor in occupational therapy,251071,251071,291122,291122,291122,291122,1.0,1.0,0.36220472440944884,0.36220472440944884,0.36220472440944884,0.36220472440944884,False,False,False,False,False,False,True,True,False,False,False,False,True,True,False,False,False,False,Health Specialties Instructor (Postsecondary),Health Specialties Instructor (Postsecondary),Occupational Therapist,Occupational Therapist,Occupational Therapist,Occupational Therapist,Education Instructor (Postsecondary)
644,"Assistant Professor (wot), Musculoskeletal Imaging",assistant professor  musculoskeletal imaging,assistant professor  musculoskeletal imaging,professor,professor,professor,professor,251053,251053,251112,251112,251112,251112,0.05772151898734178,0.05772151898734178,0.2191780821917808,0.2191780821917808,0.2191780821917808,0.2191780821917808,False,False,False,False,False,False,True,True,True,True,True,True,True,True,True,True,True,True,Environmental Science Instructor (Postsecondary),Environmental Science Instructor (Postsecondary),Law Instructor (Postsecondary),Law Instructor (Postsecondary),Law Instructor (Postsecondary),Law Instructor (Postsecondary),Education Instructor (Postsecondary)
645,Dental Assisting Instructor,dental assisting instructor,dental assisting instructor,dental assisting instructor,dental assisting instructor,dental assisting instructor,dental assisting instructor,319091,319091,251071,251071,251071,251071,0.13982119302359666,0.13982119302359666,0.8333333333333333,0.8333333333333333,0.8333333333333333,0.8333333333333333,False,False,False,False,False,False,False,False,True,True,True,True,False,False,True,True,True,True,Dental Assistant,Dental Assistant,Health Specialties Instructor (Postsecondary),Health Specialties Instructor (Postsecondary),Health Specialties Instructor (Postsecondary),Health Specialties Instructor (Postsecondary),Education Instructor (Postsecondary)
646,Physical Therapy Adjunct,physical therapy adjunct,physical therapy adjunct,physical therapy adjunct,physical therapy adjunct,physical therapy adjunct,physical therapy adjunct,312021,312021,312022,312022,312022,312022,0.5756843800322061,0.5756843800322061,0.32127659574468087,0.32127659574468087,0.32127659574468087,0.32127659574468087,False,False,False,False,False,False,False,False,False,False,False,False,False,False,False,False,False,False,Physical Therapist Assistant,Physical Therapist Assistant,Physical Therapist Aide,Physical Therapist Aide,Physical Therapist Aide,Physical Therapist Aide,Education Instructor (Postsecondary)
647,Residential Adjunct Professor in Exercise Science,residential adjunct professor in exercise science,residential adjunct professor in exercise science,residential adjunct professor in exercise science,residential adjunct professor in exercise science,residential adjunct professor in exercise science,residential adjunct professor in exercise science,251193,251193,251022,251022,251022,251022,0.14285714285714285,0.05263157894736842,0.3333333333333333,0.3333333333333333,0.3333333333333333,0.3333333333333333,False,False,False,False,False,False,True,True,True,True,True,True,True,True,True,True,True,True,Recreation and Fitness Studies Instructor (Postsecondary),Recreation and Fitness Studies Instructor (Postsecondary),Mathematical Science Instructor (Postsecondary),Mathematical Science Instructor (Postsecondary),Mathematical Science Instructor (Postsecondary),Mathematical Science Instructor (Postsecondary),Education Instructor (Postsecondary)
648,Assistant/Associate Professor of Christian Theology,assistant associate professor of christian theology,assistant associate professor of christian theology,christian theology professor,christian theology professor,christian theology professor,christian theology professor,251011,251011,251112,251112,251112,251112,0.027777777777777776,0.027777777777777776,0.2191780821917808,0.2191780821917808,0.2191780821917808,0.2191780821917808,False,False,False,False,False,False,True,True,True,True,True,True,True,True,True,True,True,True,Business Instructor (Postsecondary),Business Instructor (Postsecondary),Law Instructor (Postsecondary),Law Instructor (Postsecondary),Law Instructor (Postsecondary),Law Instructor (Postsecondary),Education Instructor (Postsecondary)
649,Assistant Professor - African American History,assistant professor,assistant professor,professor,professor,professor,professor,251053,251053,251112,251112,251112,251112,0.05772151898734178,0.05772151898734178,0.2191780821917808,0.2191780821917808,0.2191780821917808,0.2191780821917808,False,False,False,False,False,False,True,True,True,True,True,True,True,True,True,True,True,True,Environmental Science Instructor (Postsecondary),Environmental Science Instructor (Postsecondary),Law Instructor (Postsecondary),Law Instructor (Postsecondary),Law Instructor (Postsecondary),Law Instructor (Postsecondary),Education Instructor (Postsecondary)
650,"Assistant Professor (Temporary), Africana Studies",assistant professor  africana studies,assistant professor  africana studies,professor,professor,professor,professor,251053,251053,251112,251112,251112,251112,0.05772151898734178,0.05772151898734178,0.2191780821917808,0.2191780821917808,0.2191780821917808,0.2191780821917808,False,False,False,False,False,False,True,True,True,True,True,True,True,True,True,True,True,True,Environmental Science Instructor (Postsecondary),Environmental Science Instructor (Postsecondary),Law Instructor (Postsecondary),Law Instructor (Postsecondary),Law Instructor (Postsecondary),Law Instructor (Postsecondary),Education Instructor (Postsecondary)
651,Assistant or Associate Teaching Professor,assistant or associate teaching professor,assistant or associate teaching professor,or teaching professor,or teaching professor,or teaching professor,or teaching professor,411011,411011,259044,259044,259044,259044,0.2957686373633588,0.20542167301247122,0.9666666666666667,0.9666666666666667,0.9666666666666667,0.9666666666666667,False,False,False,False,False,False,False,False,False,False,False,False,False,False,True,True,True,True,Supervisor of Retail Sales Worker,Supervisor of Retail Sales Worker,Teaching Assistant (Postsecondary),Teaching Assistant (Postsecondary),Teaching Assistant (Postsecondary),Teaching Assistant (Postsecondary),Education Instructor (Postsecondary)
652,Adjunct Professors - Spanish and/or French Language,adjunct professors,adjunct professors,adjunct professors,adjunct professors,adjunct professors,adjunct professors,251123,251123,,,,,0.0625,0.0625,,,,,False,False,False,False,False,False,True,True,False,False,False,False,True,True,False,False,False,False,English Language and Literature Instructor (Postsecondary),English Language and Literature Instructor (Postsecondary),unknown,unknown,unknown,unknown,Education Instructor (Postsecondary)
653,Adjunct Faculty Position - African-American Studies,adjunct faculty position,adjunct faculty position,adjunct faculty position,adjunct faculty position,adjunct faculty position,adjunct faculty position,251126,251126,,,,,1.0,1.0,,,,,False,False,False,False,False,False,True,True,False,False,False,False,True,True,False,False,False,False,Philosophy and Religion Instructor (Postsecondary),Philosophy and Religion Instructor (Postsecondary),unknown,unknown,unknown,unknown,Education Instructor (Postsecondary)
654,Associate Professor and Director of the Master of Public Administration Program,associate professor and director of the master of public administration program,associate professor and director of the master of public administration program,the master of public administration program professor and director,the master of public administration program professor and director,the master of public administration program professor and director,the master of public administration program professor and director,119199,251065,119033,119033,119033,119033,0.10526315789473684,0.027777777777777776,0.39999999999999997,0.39999999999999997,0.39999999999999997,0.39999999999999997,False,False,False,False,False,False,False,True,False,False,False,False,False,True,False,False,False,False,Manager,Political Science Instructor (Postsecondary),Postsecondary Education Administrator,Postsecondary Education Administrator,Postsecondary Education Administrator,Postsecondary Education Administrator,Education Instructor (Postsecondary)
655,Faculty Positions in Urban Planning,faculty positions in urban planning,faculty positions in urban planning,faculty positions in urban planning,faculty positions in urban planning,faculty positions in urban planning,faculty positions in urban planning,251069,251069,,,,,0.75,0.75,,,,,False,False,False,False,False,False,True,True,False,False,False,False,True,True,False,False,False,False,Social Sciences Instructor (Postsecondary),Social Sciences Instructor (Postsecondary),unknown,unknown,unknown,unknown,Education Instructor (Postsecondary)
656,"Social Work, Associate/Assistant Professor",social work associate assistant professor,social work associate assistant professor,social work professor,social work professor,social work professor,social work professor,251113,251113,251113,251113,251113,251113,0.5,0.5,1.0,1.0,1.0,1.0,False,False,False,False,False,False,True,True,True,True,True,True,True,True,True,True,True,True,Social Work Instructor (Postsecondary),Social Work Instructor (Postsecondary),Social Work Instructor (Postsecondary),Social Work Instructor (Postsecondary),Social Work Instructor (Postsecondary),Social Work Instructor (Postsecondary),Education Instructor (Postsecondary)
657,"Instructor, Construction Management",instructor construction management,instructor construction management,instructor construction management,instructor construction management,construction management instructor,construction management instructor,131111,131111,399031,399031,251011,251011,0.15620130167751398,0.15620130167751398,0.3451546993578517,0.3451546993578517,0.926829268292683,0.926829268292683,False,False,False,False,False,False,False,False,False,False,True,True,False,False,False,False,True,True,Management Analyst,Management Analyst,Exercise Trainer or Group Fitness Instructor,Exercise Trainer or Group Fitness Instructor,Business Instructor (Postsecondary),Business Instructor (Postsecondary),Education Instructor (Postsecondary)
658,Adjunct Professor Architecture Engineering Technology CAD,adjunct professor architecture engineering technology cad,adjunct professor architecture engineering technology cad,adjunct professor architecture engineering technology cad,adjunct professor architecture engineering technology cad,adjunct professor architecture engineering technology cad,adjunct professor architecture engineering technology cad,251022,251022,251022,251022,251022,251022,0.05263157894736842,0.05263157894736842,0.3333333333333333,0.3333333333333333,0.3333333333333333,0.3333333333333333,False,False,False,False,False,False,True,True,True,True,True,True,True,True,True,True,True,True,Mathematical Science Instructor (Postsecondary),Mathematical Science Instructor (Postsecondary),Mathematical Science Instructor (Postsecondary),Mathematical Science Instructor (Postsecondary),Mathematical Science Instructor (Postsecondary),Mathematical Science Instructor (Postsecondary),Education Instructor (Postsecondary)
659,"Adjunct Associate Professor, Paralegal/Legal Assistant Studies",adjunct associate professor paralegal legal assistant studies,adjunct associate professor paralegal legal assistant studies,adjunct professor paralegal legal studies,adjunct professor paralegal legal studies,adjunct professor paralegal legal studies,adjunct professor paralegal legal studies,232011,251011,232011,232011,232011,232011,0.2785992217898833,0.027777777777777776,0.9949937421777222,0.9949937421777222,0.9949937421777222,0.9949937421777222,False,False,False,False,False,False,False,True,False,False,False,False,False,True,False,False,False,False,Paralegal or Legal Assistant,Business Instructor (Postsecondary),Paralegal or Legal Assistant,Paralegal or Legal Assistant,Paralegal or Legal Assistant,Paralegal or Legal Assistant,Education Instructor (Postsecondary)
660,Assistant/Associate Professor of Biology,assistant associate professor of biology,assistant associate professor of biology,biology professor,biology professor,biology professor,biology professor,251011,251011,251042,251042,251042,251042,0.027777777777777776,0.027777777777777776,1.0,1.0,1.0,1.0,False,False,False,False,False,False,True,True,True,True,True,True,True,True,True,True,True,True,Business Instructor (Postsecondary),Business Instructor (Postsecondary),Biological Science Instructor (Postsecondary),Biological Science Instructor (Postsecondary),Biological Science Instructor (Postsecondary),Biological Science Instructor (Postsecondary),Education Instructor (Postsecondary)
661,Tenure-Track Civil Engineering Faculty,tenure track civil engineering faculty,tenure track civil engineering faculty,tenure track civil engineering faculty,tenure track civil engineering faculty,tenure track civil engineering faculty,tenure track civil engineering faculty,173022,173022,,,,,0.44811858608893956,0.44811858608893956,,,,,False,False,False,False,False,False,False,False,False,False,False,False,False,False,False,False,False,False,Civil Engineering Technologist/Technician,Civil Engineering Technologist/Technician,unknown,unknown,unknown,unknown,Education Instructor (Postsecondary)
662,NTT Assistant Professor of Instruction,ntt assistant professor of instruction,ntt assistant professor of instruction,instruction ntt professor,instruction ntt professor,instruction ntt professor,instruction ntt professor,251053,251053,251112,251112,251112,251112,0.05772151898734178,0.05772151898734178,0.2191780821917808,0.2191780821917808,0.2191780821917808,0.2191780821917808,False,False,False,False,False,False,True,True,True,True,True,True,True,True,True,True,True,True,Environmental Science Instructor (Postsecondary),Environmental Science Instructor (Postsecondary),Law Instructor (Postsecondary),Law Instructor (Postsecondary),Law Instructor (Postsecondary),Law Instructor (Postsecondary),Education Instructor (Postsecondary)
663,Visiting Assistant Professor/Instructor,visiting assistant professor instructor,visiting assistant professor instructor,visiting professor instructor,visiting professor instructor,visiting professor instructor,visiting professor instructor,251053,251053,399031,399031,399031,399031,0.05772151898734178,0.05772151898734178,0.3451546993578517,0.3451546993578517,0.3451546993578517,0.3451546993578517,False,False,False,False,False,False,True,True,False,False,False,False,True,True,False,False,False,False,Environmental Science Instructor (Postsecondary),Environmental Science Instructor (Postsecondary),Exercise Trainer or Group Fitness Instructor,Exercise Trainer or Group Fitness Instructor,Exercise Trainer or Group Fitness Instructor,Exercise Trainer or Group Fitness Instructor,Education Instructor (Postsecondary)
664,"Adjunct Instructor, Physics Instructor",adjunct instructor physics instructor,adjunct instructor physics instructor,adjunct instructor physics instructor,adjunct instructor physics instructor,adjunct instructor physics instructor,adjunct instructor physics instructor,251054,251054,251054,251054,251054,251054,0.0967741935483871,0.034482758620689655,0.9411764705882353,0.9411764705882353,0.9411764705882353,0.9411764705882353,False,False,False,False,False,False,True,True,True,True,True,True,True,True,True,True,True,True,Physics Instructor (Postsecondary),Physics Instructor (Postsecondary),Physics Instructor (Postsecondary),Physics Instructor (Postsecondary),Physics Instructor (Postsecondary),Physics Instructor (Postsecondary),Education Instructor (Postsecondary)
665,Adjunct Faculty for Computer Science,adjunct faculty for computer science,adjunct faculty for computer science,computer science adjunct faculty,computer science adjunct faculty,computer science adjunct faculty,computer science adjunct faculty,251021,251126,,,,,0.5,1.0,,,,,False,False,False,False,False,False,True,True,False,False,False,False,True,True,False,False,False,False,Computer Science Instructor (Postsecondary),Philosophy and Religion Instructor (Postsecondary),unknown,unknown,unknown,unknown,Education Instructor (Postsecondary)
666,Assistant Professor of Psychology,assistant professor of psychology,assistant professor of psychology,psychology professor,psychology professor,psychology professor,psychology professor,251053,251053,251066,251066,251066,251066,0.05772151898734178,0.05772151898734178,1.0,1.0,1.0,1.0,False,False,False,False,False,False,True,True,True,True,True,True,True,True,True,True,True,True,Environmental Science Instructor (Postsecondary),Environmental Science Instructor (Postsecondary),Psychology Instructor (Postsecondary),Psychology Instructor (Postsecondary),Psychology Instructor (Postsecondary),Psychology Instructor (Postsecondary),Education Instructor (Postsecondary)
667,Assistant Professor in Biological Anthropology,assistant professor in biological anthropology,assistant professor in biological anthropology,professor in biological anthropology,professor in biological anthropology,in biological anthropology professor,in biological anthropology professor,251053,251053,251112,251112,251112,251112,0.05772151898734178,0.05772151898734178,0.2191780821917808,0.2191780821917808,0.2191780821917808,0.2191780821917808,False,False,False,False,False,False,True,True,True,True,True,True,True,True,True,True,True,True,Environmental Science Instructor (Postsecondary),Environmental Science Instructor (Postsecondary),Law Instructor (Postsecondary),Law Instructor (Postsecondary),Law Instructor (Postsecondary),Law Instructor (Postsecondary),Education Instructor (Postsecondary)
668,Instructional Faculty in Psychological Data Science,instructional faculty in psychological data science,instructional faculty in psychological data science,instructional faculty in psychological data science,instructional faculty in psychological data science,instructional faculty in psychological data science,instructional faculty in psychological data science,152051,152051,,,,,1.0,1.0,,,,,False,False,False,False,False,False,False,False,False,False,False,False,False,False,False,False,False,False,Data Scientist,Data Scientist,unknown,unknown,unknown,unknown,Education Instructor (Postsecondary)
669,Visiting Assistant Professor in Sociology,visiting assistant professor in sociology,visiting assistant professor in sociology,visiting professor in sociology,visiting professor in sociology,visiting professor in sociology,visiting professor in sociology,251053,251053,251112,251112,251112,251112,0.05772151898734178,0.05772151898734178,0.2191780821917808,0.2191780821917808,0.2191780821917808,0.2191780821917808,False,False,False,False,False,False,True,True,True,True,True,True,True,True,True,True,True,True,Environmental Science Instructor (Postsecondary),Environmental Science Instructor (Postsecondary),Law Instructor (Postsecondary),Law Instructor (Postsecondary),Law Instructor (Postsecondary),Law Instructor (Postsecondary),Education Instructor (Postsecondary)
670,"Adjunct, Psychology",adjunct psychology,adjunct psychology,adjunct psychology,adjunct psychology,adjunct psychology,adjunct psychology,251066,251066,,,,,1.0,1.0,,,,,False,False,False,False,False,False,True,True,False,False,False,False,True,True,False,False,False,False,Psychology Instructor (Postsecondary),Psychology Instructor (Postsecondary),unknown,unknown,unknown,unknown,Education Instructor (Postsecondary)
671,"Adjunct Faculty, Fall 2021 - School of Psychology",adjunct faculty fall 2021,adjunct faculty fall 2021,adjunct faculty fall,adjunct faculty fall,adjunct faculty fall,adjunct faculty fall,251126,251126,,,,,1.0,1.0,,,,,False,False,False,False,False,False,True,True,False,False,False,False,True,True,False,False,False,False,Philosophy and Religion Instructor (Postsecondary),Philosophy and Religion Instructor (Postsecondary),unknown,unknown,unknown,unknown,Education Instructor (Postsecondary)
672,Dean of Admissions ,dean of admissions,dean of admissions,admissions dean,admissions dean,admissions dean,admissions dean,434111,434111,119033,119033,119033,119033,0.35000000000000003,0.35000000000000003,0.8709677419354839,0.8709677419354839,0.8709677419354839,0.8709677419354839,False,False,True,True,True,True,False,False,True,True,True,True,False,False,True,True,True,True,Interviewer,Interviewer,Postsecondary Education Administrator,Postsecondary Education Administrator,Postsecondary Education Administrator,Postsecondary Education Administrator,Postsecondary Education Administrator
673,Dean of Freshman College,dean of freshman college,dean of freshman college,freshman college dean,freshman college dean,freshman college dean,freshman college dean,119033,119033,119033,119033,119033,119033,0.07987220447284345,0.07987220447284345,1.0,1.0,1.0,1.0,True,True,True,True,True,True,True,True,True,True,True,True,True,True,True,True,True,True,Postsecondary Education Administrator,Postsecondary Education Administrator,Postsecondary Education Administrator,Postsecondary Education Administrator,Postsecondary Education Administrator,Postsecondary Education Administrator,Postsecondary Education Administrator
674,"Dean, University Libraries",dean university libraries,dean university libraries,dean university libraries,dean university libraries,university libraries dean,university libraries dean,119033,119033,119033,119033,119033,119033,0.1328777524677297,0.1328777524677297,0.8709677419354839,0.8709677419354839,0.8709677419354839,0.8709677419354839,True,True,True,True,True,True,True,True,True,True,True,True,True,True,True,True,True,True,Postsecondary Education Administrator,Postsecondary Education Administrator,Postsecondary Education Administrator,Postsecondary Education Administrator,Postsecondary Education Administrator,Postsecondary Education Administrator,Postsecondary Education Administrator
675,Dean of the School of Architecture and Design,dean of the school of architecture and design,dean of the school of architecture and design,the school of architecture and design dean,the school of architecture and design dean,the school of architecture and design dean,the school of architecture and design dean,119033,119033,119033,119033,119033,119033,1.0,1.0,0.8709677419354839,0.8709677419354839,0.8709677419354839,0.8709677419354839,True,True,True,True,True,True,True,True,True,True,True,True,True,True,True,True,True,True,Postsecondary Education Administrator,Postsecondary Education Administrator,Postsecondary Education Administrator,Postsecondary Education Administrator,Postsecondary Education Administrator,Postsecondary Education Administrator,Postsecondary Education Administrator
676,"Dean, School of Business",dean school of business,dean school of business,business dean school,business dean school,business dean school,business dean school,119033,119033,119033,119033,119033,119033,1.0,1.0,0.8709677419354839,0.8709677419354839,0.8709677419354839,0.8709677419354839,True,True,True,True,True,True,True,True,True,True,True,True,True,True,True,True,True,True,Postsecondary Education Administrator,Postsecondary Education Administrator,Postsecondary Education Administrator,Postsecondary Education Administrator,Postsecondary Education Administrator,Postsecondary Education Administrator,Postsecondary Education Administrator
677,Vice President of Finance,vice president of finance,vice president of finance,finance vice president,finance vice president,finance vice president,finance vice president,111011,111011,113031,113031,113031,113031,0.373931623931624,0.373931623931624,0.967741935483871,0.967741935483871,0.967741935483871,0.967741935483871,False,False,False,False,False,False,False,False,False,False,False,False,True,True,True,True,True,True,Chief Executive,Chief Executive,Financial Manager,Financial Manager,Financial Manager,Financial Manager,Postsecondary Education Administrator
678,Vice President for Academic Affairs,vice president for academic affairs,vice president for academic affairs,academic affairs vice president,academic affairs vice president,academic affairs vice president,academic affairs vice president,111011,111011,119033,119033,119033,119033,0.28317152103559873,0.373931623931624,1.0,1.0,1.0,1.0,False,False,True,True,True,True,False,False,True,True,True,True,True,True,True,True,True,True,Chief Executive,Chief Executive,Postsecondary Education Administrator,Postsecondary Education Administrator,Postsecondary Education Administrator,Postsecondary Education Administrator,Postsecondary Education Administrator
679,Vice President for Enrollment Management,vice president for enrollment management,vice president for enrollment management,enrollment management vice president,enrollment management vice president,enrollment management vice president,enrollment management vice president,111011,111011,111011,111011,111011,111011,0.33783783783783783,0.373931623931624,1.0,1.0,1.0,1.0,False,False,False,False,False,False,False,False,False,False,False,False,True,True,True,True,True,True,Chief Executive,Chief Executive,Chief Executive,Chief Executive,Chief Executive,Chief Executive,Postsecondary Education Administrator
680,Vice President for Finance and Administration,vice president for finance and administration,vice president for finance and administration,finance and administration vice president,finance and administration vice president,finance and administration vice president,finance and administration vice president,111011,111011,119033,119033,119033,119033,0.373931623931624,0.373931623931624,1.0,1.0,1.0,1.0,False,False,True,True,True,True,False,False,True,True,True,True,True,True,True,True,True,True,Chief Executive,Chief Executive,Postsecondary Education Administrator,Postsecondary Education Administrator,Postsecondary Education Administrator,Postsecondary Education Administrator,Postsecondary Education Administrator
681,Associate Vice President for University Communications,associate vice president for university communications,associate vice president for university communications,university communications vice president,university communications vice president,university communications vice president,university communications vice president,111011,111011,111011,111011,111011,111011,0.373931623931624,0.373931623931624,0.49366121887887576,0.49366121887887576,0.49366121887887576,0.49366121887887576,False,False,False,False,False,False,False,False,False,False,False,False,True,True,True,True,True,True,Chief Executive,Chief Executive,Chief Executive,Chief Executive,Chief Executive,Chief Executive,Postsecondary Education Administrator
682,President,president,president,president,president,president,president,,,111011,111011,111011,111011,,,0.5073084305329987,0.5073084305329987,0.5073084305329987,0.5073084305329987,False,False,False,False,False,False,False,False,False,False,False,False,False,False,True,True,True,True,unknown,unknown,Chief Executive,Chief Executive,Chief Executive,Chief Executive,Postsecondary Education Administrator
683,President,president,president,president,president,president,president,,,111011,111011,111011,111011,,,0.5073084305329987,0.5073084305329987,0.5073084305329987,0.5073084305329987,False,False,False,False,False,False,False,False,False,False,False,False,False,False,True,True,True,True,unknown,unknown,Chief Executive,Chief Executive,Chief Executive,Chief Executive,Postsecondary Education Administrator
684,President,president,president,president,president,president,president,,,111011,111011,111011,111011,,,0.5073084305329987,0.5073084305329987,0.5073084305329987,0.5073084305329987,False,False,False,False,False,False,False,False,False,False,False,False,False,False,True,True,True,True,unknown,unknown,Chief Executive,Chief Executive,Chief Executive,Chief Executive,Postsecondary Education Administrator
685,President,president,president,president,president,president,president,,,111011,111011,111011,111011,,,0.5073084305329987,0.5073084305329987,0.5073084305329987,0.5073084305329987,False,False,False,False,False,False,False,False,False,False,False,False,False,False,True,True,True,True,unknown,unknown,Chief Executive,Chief Executive,Chief Executive,Chief Executive,Postsecondary Education Administrator
686,President,president,president,president,president,president,president,,,111011,111011,111011,111011,,,0.5073084305329987,0.5073084305329987,0.5073084305329987,0.5073084305329987,False,False,False,False,False,False,False,False,False,False,False,False,False,False,True,True,True,True,unknown,unknown,Chief Executive,Chief Executive,Chief Executive,Chief Executive,Postsecondary Education Administrator
687,Provost and Vice President for Academic Affairs,provost and vice president for academic affairs,provost and vice president for academic affairs,academic affairs provost and vice president,academic affairs provost and vice president,academic affairs provost and vice president,academic affairs provost and vice president,111011,111011,111021,111021,111021,111021,0.28317152103559873,0.373931623931624,1.0,1.0,1.0,1.0,False,False,False,False,False,False,False,False,False,False,False,False,True,True,True,True,True,True,Chief Executive,Chief Executive,Operations Manager,Operations Manager,Operations Manager,Operations Manager,Postsecondary Education Administrator
688,Provost and Vice President for Academic Affairs,provost and vice president for academic affairs,provost and vice president for academic affairs,academic affairs provost and vice president,academic affairs provost and vice president,academic affairs provost and vice president,academic affairs provost and vice president,111011,111011,111021,111021,111021,111021,0.28317152103559873,0.373931623931624,1.0,1.0,1.0,1.0,False,False,False,False,False,False,False,False,False,False,False,False,True,True,True,True,True,True,Chief Executive,Chief Executive,Operations Manager,Operations Manager,Operations Manager,Operations Manager,Postsecondary Education Administrator
689,Provost and Executive Vice Chancellor for Academic Affairs,provost and executive vice chancellor for academic affairs,provost and executive vice chancellor for academic affairs,academic affairs provost and executive vice chancellor,academic affairs provost and executive vice chancellor,academic affairs provost and executive vice chancellor,academic affairs provost and executive vice chancellor,119033,111011,111011,111011,111011,111011,0.75,1.0,1.0,1.0,1.0,1.0,True,False,False,False,False,False,True,False,False,False,False,False,True,True,True,True,True,True,Postsecondary Education Administrator,Chief Executive,Chief Executive,Chief Executive,Chief Executive,Chief Executive,Postsecondary Education Administrator
690,Provost,provost,provost,provost,provost,provost,provost,119033,119033,119033,119033,119033,119033,1.0,1.0,1.0,1.0,1.0,1.0,True,True,True,True,True,True,True,True,True,True,True,True,True,True,True,True,True,True,Postsecondary Education Administrator,Postsecondary Education Administrator,Postsecondary Education Administrator,Postsecondary Education Administrator,Postsecondary Education Administrator,Postsecondary Education Administrator,Postsecondary Education Administrator
691,Associate Provost for Analytics and Institutional Research,associate provost for analytics and institutional research,associate provost for analytics and institutional research,analytics and institutional research provost,analytics and institutional research provost,analytics and institutional research provost,analytics and institutional research provost,119033,119033,119033,119033,119033,119033,1.0,1.0,1.0,1.0,1.0,1.0,True,True,True,True,True,True,True,True,True,True,True,True,True,True,True,True,True,True,Postsecondary Education Administrator,Postsecondary Education Administrator,Postsecondary Education Administrator,Postsecondary Education Administrator,Postsecondary Education Administrator,Postsecondary Education Administrator,Postsecondary Education Administrator
692,Registrar,registrar,registrar,registrar,registrar,registrar,registrar,434111,434111,434111,434111,434111,434111,0.6543778801843319,0.6543778801843319,0.48253764818968276,0.48253764818968276,0.48253764818968276,0.48253764818968276,False,False,False,False,False,False,False,False,False,False,False,False,False,False,False,False,False,False,Interviewer,Interviewer,Interviewer,Interviewer,Interviewer,Interviewer,Postsecondary Education Administrator
693,Registrar,registrar,registrar,registrar,registrar,registrar,registrar,434111,434111,434111,434111,434111,434111,0.6543778801843319,0.6543778801843319,0.48253764818968276,0.48253764818968276,0.48253764818968276,0.48253764818968276,False,False,False,False,False,False,False,False,False,False,False,False,False,False,False,False,False,False,Interviewer,Interviewer,Interviewer,Interviewer,Interviewer,Interviewer,Postsecondary Education Administrator
694,Registrar,registrar,registrar,registrar,registrar,registrar,registrar,434111,434111,434111,434111,434111,434111,0.6543778801843319,0.6543778801843319,0.48253764818968276,0.48253764818968276,0.48253764818968276,0.48253764818968276,False,False,False,False,False,False,False,False,False,False,False,False,False,False,False,False,False,False,Interviewer,Interviewer,Interviewer,Interviewer,Interviewer,Interviewer,Postsecondary Education Administrator
695,University Registrar,university registrar,university registrar,university registrar,university registrar,university registrar,university registrar,113012,113012,119033,119033,119033,119033,1.0,1.0,1.0,1.0,1.0,1.0,False,False,True,True,True,True,False,False,True,True,True,True,True,True,True,True,True,True,Administrative Services Manager,Administrative Services Manager,Postsecondary Education Administrator,Postsecondary Education Administrator,Postsecondary Education Administrator,Postsecondary Education Administrator,Postsecondary Education Administrator
696,Associate Registrar,associate registrar,associate registrar,registrar,registrar,registrar,registrar,435071,435071,434111,434111,434111,434111,0.20529465463028704,0.20529465463028704,0.48253764818968276,0.48253764818968276,0.48253764818968276,0.48253764818968276,False,False,False,False,False,False,False,False,False,False,False,False,False,False,False,False,False,False,Shipping/Receiving/Inventory Clerk,Shipping/Receiving/Inventory Clerk,Interviewer,Interviewer,Interviewer,Interviewer,Postsecondary Education Administrator
697,Executive Director of Communications,executive director of communications,executive director of communications,communications executive director,communications executive director,communications executive director,communications executive director,111011,111011,111021,111021,111021,111021,1.0,1.0,1.0,1.0,1.0,1.0,False,False,False,False,False,False,False,False,False,False,False,False,True,True,True,True,True,True,Chief Executive,Chief Executive,Operations Manager,Operations Manager,Operations Manager,Operations Manager,Postsecondary Education Administrator
698,Director,director,director,director,director,director,director,119199,119199,119111,119111,119111,119111,0.13978063135366506,0.13978063135366506,0.21552535777052473,0.21552535777052473,0.21552535777052473,0.21552535777052473,False,False,False,False,False,False,True,True,True,True,True,True,True,True,True,True,True,True,Manager,Manager,Medical and Health Services Manager,Medical and Health Services Manager,Medical and Health Services Manager,Medical and Health Services Manager,Postsecondary Education Administrator
699,Associate Director/Clinical Director,associate director clinical director,associate director clinical director,director clinical director,director clinical director,director clinical director,director clinical director,119111,113051,119111,119111,119111,119111,0.5,1.0,1.0,1.0,1.0,1.0,False,False,False,False,False,False,True,False,True,True,True,True,True,True,True,True,True,True,Medical and Health Services Manager,Industrial Production Manager,Medical and Health Services Manager,Medical and Health Services Manager,Medical and Health Services Manager,Medical and Health Services Manager,Postsecondary Education Administrator
700,Director of Student Health or Medical Director,director of student health or medical director,director of student health or medical director,student health or medical director director,student health or medical director director,student health or medical director director,student health or medical director director,119033,119033,119111,119111,119111,119111,1.0,1.0,1.0,1.0,1.0,1.0,True,True,False,False,False,False,True,True,True,True,True,True,True,True,True,True,True,True,Postsecondary Education Administrator,Postsecondary Education Administrator,Medical and Health Services Manager,Medical and Health Services Manager,Medical and Health Services Manager,Medical and Health Services Manager,Postsecondary Education Administrator
701,Director of Admissions,director of admissions,director of admissions,admissions director,admissions director,admissions director,admissions director,119199,119199,119199,119199,119199,119199,0.2222222222222222,0.2222222222222222,1.0,1.0,1.0,1.0,False,False,False,False,False,False,True,True,True,True,True,True,True,True,True,True,True,True,Manager,Manager,Manager,Manager,Manager,Manager,Postsecondary Education Administrator
702,Academic Advisor,academic advisor,academic advisor,academic advisor,academic advisor,academic advisor,academic advisor,211012,211012,211012,211012,211012,211012,1.0,1.0,0.9883002924926877,0.9883002924926877,0.9883002924926877,0.9883002924926877,True,True,True,True,True,True,True,True,True,True,True,True,True,True,True,True,True,True,"Educational, Guidance, and Career Counselor/Advisor","Educational, Guidance, and Career Counselor/Advisor","Educational, Guidance, and Career Counselor/Advisor","Educational, Guidance, and Career Counselor/Advisor","Educational, Guidance, and Career Counselor/Advisor","Educational, Guidance, and Career Counselor/Advisor","Educational, Guidance, and Career Counselor/Advisor"
703,Academic Advisor,academic advisor,academic advisor,academic advisor,academic advisor,academic advisor,academic advisor,211012,211012,211012,211012,211012,211012,1.0,1.0,0.9883002924926877,0.9883002924926877,0.9883002924926877,0.9883002924926877,True,True,True,True,True,True,True,True,True,True,True,True,True,True,True,True,True,True,"Educational, Guidance, and Career Counselor/Advisor","Educational, Guidance, and Career Counselor/Advisor","Educational, Guidance, and Career Counselor/Advisor","Educational, Guidance, and Career Counselor/Advisor","Educational, Guidance, and Career Counselor/Advisor","Educational, Guidance, and Career Counselor/Advisor","Educational, Guidance, and Career Counselor/Advisor"
704,Academic Advisor,academic advisor,academic advisor,academic advisor,academic advisor,academic advisor,academic advisor,211012,211012,211012,211012,211012,211012,1.0,1.0,0.9883002924926877,0.9883002924926877,0.9883002924926877,0.9883002924926877,True,True,True,True,True,True,True,True,True,True,True,True,True,True,True,True,True,True,"Educational, Guidance, and Career Counselor/Advisor","Educational, Guidance, and Career Counselor/Advisor","Educational, Guidance, and Career Counselor/Advisor","Educational, Guidance, and Career Counselor/Advisor","Educational, Guidance, and Career Counselor/Advisor","Educational, Guidance, and Career Counselor/Advisor","Educational, Guidance, and Career Counselor/Advisor"
705,Academic Advisor,academic advisor,academic advisor,academic advisor,academic advisor,academic advisor,academic advisor,211012,211012,211012,211012,211012,211012,1.0,1.0,0.9883002924926877,0.9883002924926877,0.9883002924926877,0.9883002924926877,True,True,True,True,True,True,True,True,True,True,True,True,True,True,True,True,True,True,"Educational, Guidance, and Career Counselor/Advisor","Educational, Guidance, and Career Counselor/Advisor","Educational, Guidance, and Career Counselor/Advisor","Educational, Guidance, and Career Counselor/Advisor","Educational, Guidance, and Career Counselor/Advisor","Educational, Guidance, and Career Counselor/Advisor","Educational, Guidance, and Career Counselor/Advisor"
706,Academic Advisor,academic advisor,academic advisor,academic advisor,academic advisor,academic advisor,academic advisor,211012,211012,211012,211012,211012,211012,1.0,1.0,0.9883002924926877,0.9883002924926877,0.9883002924926877,0.9883002924926877,True,True,True,True,True,True,True,True,True,True,True,True,True,True,True,True,True,True,"Educational, Guidance, and Career Counselor/Advisor","Educational, Guidance, and Career Counselor/Advisor","Educational, Guidance, and Career Counselor/Advisor","Educational, Guidance, and Career Counselor/Advisor","Educational, Guidance, and Career Counselor/Advisor","Educational, Guidance, and Career Counselor/Advisor","Educational, Guidance, and Career Counselor/Advisor"
707,Academic Advisor,academic advisor,academic advisor,academic advisor,academic advisor,academic advisor,academic advisor,211012,211012,211012,211012,211012,211012,1.0,1.0,0.9883002924926877,0.9883002924926877,0.9883002924926877,0.9883002924926877,True,True,True,True,True,True,True,True,True,True,True,True,True,True,True,True,True,True,"Educational, Guidance, and Career Counselor/Advisor","Educational, Guidance, and Career Counselor/Advisor","Educational, Guidance, and Career Counselor/Advisor","Educational, Guidance, and Career Counselor/Advisor","Educational, Guidance, and Career Counselor/Advisor","Educational, Guidance, and Career Counselor/Advisor","Educational, Guidance, and Career Counselor/Advisor"
708,Academic Advisor,academic advisor,academic advisor,academic advisor,academic advisor,academic advisor,academic advisor,211012,211012,211012,211012,211012,211012,1.0,1.0,0.9883002924926877,0.9883002924926877,0.9883002924926877,0.9883002924926877,True,True,True,True,True,True,True,True,True,True,True,True,True,True,True,True,True,True,"Educational, Guidance, and Career Counselor/Advisor","Educational, Guidance, and Career Counselor/Advisor","Educational, Guidance, and Career Counselor/Advisor","Educational, Guidance, and Career Counselor/Advisor","Educational, Guidance, and Career Counselor/Advisor","Educational, Guidance, and Career Counselor/Advisor","Educational, Guidance, and Career Counselor/Advisor"
709,Academic Advisor,academic advisor,academic advisor,academic advisor,academic advisor,academic advisor,academic advisor,211012,211012,211012,211012,211012,211012,1.0,1.0,0.9883002924926877,0.9883002924926877,0.9883002924926877,0.9883002924926877,True,True,True,True,True,True,True,True,True,True,True,True,True,True,True,True,True,True,"Educational, Guidance, and Career Counselor/Advisor","Educational, Guidance, and Career Counselor/Advisor","Educational, Guidance, and Career Counselor/Advisor","Educational, Guidance, and Career Counselor/Advisor","Educational, Guidance, and Career Counselor/Advisor","Educational, Guidance, and Career Counselor/Advisor","Educational, Guidance, and Career Counselor/Advisor"
710,Academic Advisor,academic advisor,academic advisor,academic advisor,academic advisor,academic advisor,academic advisor,211012,211012,211012,211012,211012,211012,1.0,1.0,0.9883002924926877,0.9883002924926877,0.9883002924926877,0.9883002924926877,True,True,True,True,True,True,True,True,True,True,True,True,True,True,True,True,True,True,"Educational, Guidance, and Career Counselor/Advisor","Educational, Guidance, and Career Counselor/Advisor","Educational, Guidance, and Career Counselor/Advisor","Educational, Guidance, and Career Counselor/Advisor","Educational, Guidance, and Career Counselor/Advisor","Educational, Guidance, and Career Counselor/Advisor","Educational, Guidance, and Career Counselor/Advisor"
711,Academic Advisor,academic advisor,academic advisor,academic advisor,academic advisor,academic advisor,academic advisor,211012,211012,211012,211012,211012,211012,1.0,1.0,0.9883002924926877,0.9883002924926877,0.9883002924926877,0.9883002924926877,True,True,True,True,True,True,True,True,True,True,True,True,True,True,True,True,True,True,"Educational, Guidance, and Career Counselor/Advisor","Educational, Guidance, and Career Counselor/Advisor","Educational, Guidance, and Career Counselor/Advisor","Educational, Guidance, and Career Counselor/Advisor","Educational, Guidance, and Career Counselor/Advisor","Educational, Guidance, and Career Counselor/Advisor","Educational, Guidance, and Career Counselor/Advisor"
712,Admissions Counselor,admissions counselor,admissions counselor,admissions counselor,admissions counselor,admissions counselor,admissions counselor,211012,211012,211012,211012,211012,211012,0.6666666666666667,0.6666666666666667,0.744047619047619,0.744047619047619,0.744047619047619,0.744047619047619,True,True,True,True,True,True,True,True,True,True,True,True,True,True,True,True,True,True,"Educational, Guidance, and Career Counselor/Advisor","Educational, Guidance, and Career Counselor/Advisor","Educational, Guidance, and Career Counselor/Advisor","Educational, Guidance, and Career Counselor/Advisor","Educational, Guidance, and Career Counselor/Advisor","Educational, Guidance, and Career Counselor/Advisor","Educational, Guidance, and Career Counselor/Advisor"
713,Admissions Counselor,admissions counselor,admissions counselor,admissions counselor,admissions counselor,admissions counselor,admissions counselor,211012,211012,211012,211012,211012,211012,0.6666666666666667,0.6666666666666667,0.744047619047619,0.744047619047619,0.744047619047619,0.744047619047619,True,True,True,True,True,True,True,True,True,True,True,True,True,True,True,True,True,True,"Educational, Guidance, and Career Counselor/Advisor","Educational, Guidance, and Career Counselor/Advisor","Educational, Guidance, and Career Counselor/Advisor","Educational, Guidance, and Career Counselor/Advisor","Educational, Guidance, and Career Counselor/Advisor","Educational, Guidance, and Career Counselor/Advisor","Educational, Guidance, and Career Counselor/Advisor"
714,Admissions Counselor,admissions counselor,admissions counselor,admissions counselor,admissions counselor,admissions counselor,admissions counselor,211012,211012,211012,211012,211012,211012,0.6666666666666667,0.6666666666666667,0.744047619047619,0.744047619047619,0.744047619047619,0.744047619047619,True,True,True,True,True,True,True,True,True,True,True,True,True,True,True,True,True,True,"Educational, Guidance, and Career Counselor/Advisor","Educational, Guidance, and Career Counselor/Advisor","Educational, Guidance, and Career Counselor/Advisor","Educational, Guidance, and Career Counselor/Advisor","Educational, Guidance, and Career Counselor/Advisor","Educational, Guidance, and Career Counselor/Advisor","Educational, Guidance, and Career Counselor/Advisor"
715,Admissions Counselor,admissions counselor,admissions counselor,admissions counselor,admissions counselor,admissions counselor,admissions counselor,211012,211012,211012,211012,211012,211012,0.6666666666666667,0.6666666666666667,0.744047619047619,0.744047619047619,0.744047619047619,0.744047619047619,True,True,True,True,True,True,True,True,True,True,True,True,True,True,True,True,True,True,"Educational, Guidance, and Career Counselor/Advisor","Educational, Guidance, and Career Counselor/Advisor","Educational, Guidance, and Career Counselor/Advisor","Educational, Guidance, and Career Counselor/Advisor","Educational, Guidance, and Career Counselor/Advisor","Educational, Guidance, and Career Counselor/Advisor","Educational, Guidance, and Career Counselor/Advisor"
716,Admissions Counselor,admissions counselor,admissions counselor,admissions counselor,admissions counselor,admissions counselor,admissions counselor,211012,211012,211012,211012,211012,211012,0.6666666666666667,0.6666666666666667,0.744047619047619,0.744047619047619,0.744047619047619,0.744047619047619,True,True,True,True,True,True,True,True,True,True,True,True,True,True,True,True,True,True,"Educational, Guidance, and Career Counselor/Advisor","Educational, Guidance, and Career Counselor/Advisor","Educational, Guidance, and Career Counselor/Advisor","Educational, Guidance, and Career Counselor/Advisor","Educational, Guidance, and Career Counselor/Advisor","Educational, Guidance, and Career Counselor/Advisor","Educational, Guidance, and Career Counselor/Advisor"
717,Admissions Counselor,admissions counselor,admissions counselor,admissions counselor,admissions counselor,admissions counselor,admissions counselor,211012,211012,211012,211012,211012,211012,0.6666666666666667,0.6666666666666667,0.744047619047619,0.744047619047619,0.744047619047619,0.744047619047619,True,True,True,True,True,True,True,True,True,True,True,True,True,True,True,True,True,True,"Educational, Guidance, and Career Counselor/Advisor","Educational, Guidance, and Career Counselor/Advisor","Educational, Guidance, and Career Counselor/Advisor","Educational, Guidance, and Career Counselor/Advisor","Educational, Guidance, and Career Counselor/Advisor","Educational, Guidance, and Career Counselor/Advisor","Educational, Guidance, and Career Counselor/Advisor"
718,Admissions Counselor,admissions counselor,admissions counselor,admissions counselor,admissions counselor,admissions counselor,admissions counselor,211012,211012,211012,211012,211012,211012,0.6666666666666667,0.6666666666666667,0.744047619047619,0.744047619047619,0.744047619047619,0.744047619047619,True,True,True,True,True,True,True,True,True,True,True,True,True,True,True,True,True,True,"Educational, Guidance, and Career Counselor/Advisor","Educational, Guidance, and Career Counselor/Advisor","Educational, Guidance, and Career Counselor/Advisor","Educational, Guidance, and Career Counselor/Advisor","Educational, Guidance, and Career Counselor/Advisor","Educational, Guidance, and Career Counselor/Advisor","Educational, Guidance, and Career Counselor/Advisor"
719,Admissions Counselor,admissions counselor,admissions counselor,admissions counselor,admissions counselor,admissions counselor,admissions counselor,211012,211012,211012,211012,211012,211012,0.6666666666666667,0.6666666666666667,0.744047619047619,0.744047619047619,0.744047619047619,0.744047619047619,True,True,True,True,True,True,True,True,True,True,True,True,True,True,True,True,True,True,"Educational, Guidance, and Career Counselor/Advisor","Educational, Guidance, and Career Counselor/Advisor","Educational, Guidance, and Career Counselor/Advisor","Educational, Guidance, and Career Counselor/Advisor","Educational, Guidance, and Career Counselor/Advisor","Educational, Guidance, and Career Counselor/Advisor","Educational, Guidance, and Career Counselor/Advisor"
720,Admissions Counselor,admissions counselor,admissions counselor,admissions counselor,admissions counselor,admissions counselor,admissions counselor,211012,211012,211012,211012,211012,211012,0.6666666666666667,0.6666666666666667,0.744047619047619,0.744047619047619,0.744047619047619,0.744047619047619,True,True,True,True,True,True,True,True,True,True,True,True,True,True,True,True,True,True,"Educational, Guidance, and Career Counselor/Advisor","Educational, Guidance, and Career Counselor/Advisor","Educational, Guidance, and Career Counselor/Advisor","Educational, Guidance, and Career Counselor/Advisor","Educational, Guidance, and Career Counselor/Advisor","Educational, Guidance, and Career Counselor/Advisor","Educational, Guidance, and Career Counselor/Advisor"
721,Admissions Counselor,admissions counselor,admissions counselor,admissions counselor,admissions counselor,admissions counselor,admissions counselor,211012,211012,211012,211012,211012,211012,0.6666666666666667,0.6666666666666667,0.744047619047619,0.744047619047619,0.744047619047619,0.744047619047619,True,True,True,True,True,True,True,True,True,True,True,True,True,True,True,True,True,True,"Educational, Guidance, and Career Counselor/Advisor","Educational, Guidance, and Career Counselor/Advisor","Educational, Guidance, and Career Counselor/Advisor","Educational, Guidance, and Career Counselor/Advisor","Educational, Guidance, and Career Counselor/Advisor","Educational, Guidance, and Career Counselor/Advisor","Educational, Guidance, and Career Counselor/Advisor"
722,Career Counselor,career counselor,career counselor,career counselor,career counselor,career counselor,career counselor,211012,211012,211012,211012,211012,211012,1.0,1.0,0.9934102141680395,0.9934102141680395,0.9934102141680395,0.9934102141680395,True,True,True,True,True,True,True,True,True,True,True,True,True,True,True,True,True,True,"Educational, Guidance, and Career Counselor/Advisor","Educational, Guidance, and Career Counselor/Advisor","Educational, Guidance, and Career Counselor/Advisor","Educational, Guidance, and Career Counselor/Advisor","Educational, Guidance, and Career Counselor/Advisor","Educational, Guidance, and Career Counselor/Advisor","Educational, Guidance, and Career Counselor/Advisor"
723,Career Counselor I,career counselor i,career counselor i,career counselor,career counselor,career counselor,career counselor,211012,211012,211012,211012,211012,211012,1.0,1.0,0.9934102141680395,0.9934102141680395,0.9934102141680395,0.9934102141680395,True,True,True,True,True,True,True,True,True,True,True,True,True,True,True,True,True,True,"Educational, Guidance, and Career Counselor/Advisor","Educational, Guidance, and Career Counselor/Advisor","Educational, Guidance, and Career Counselor/Advisor","Educational, Guidance, and Career Counselor/Advisor","Educational, Guidance, and Career Counselor/Advisor","Educational, Guidance, and Career Counselor/Advisor","Educational, Guidance, and Career Counselor/Advisor"
724,Career Development Counselor,career development counselor,career development counselor,career development counselor,career development counselor,career development counselor,career development counselor,211012,211012,211012,211012,211012,211012,1.0,1.0,1.0,1.0,1.0,1.0,True,True,True,True,True,True,True,True,True,True,True,True,True,True,True,True,True,True,"Educational, Guidance, and Career Counselor/Advisor","Educational, Guidance, and Career Counselor/Advisor","Educational, Guidance, and Career Counselor/Advisor","Educational, Guidance, and Career Counselor/Advisor","Educational, Guidance, and Career Counselor/Advisor","Educational, Guidance, and Career Counselor/Advisor","Educational, Guidance, and Career Counselor/Advisor"
725,College and Career Counselor,college and career counselor,college and career counselor,college and career counselor,college and career counselor,college and career counselor,college and career counselor,211012,211012,211012,211012,211012,211012,1.0,1.0,1.0,1.0,1.0,1.0,True,True,True,True,True,True,True,True,True,True,True,True,True,True,True,True,True,True,"Educational, Guidance, and Career Counselor/Advisor","Educational, Guidance, and Career Counselor/Advisor","Educational, Guidance, and Career Counselor/Advisor","Educational, Guidance, and Career Counselor/Advisor","Educational, Guidance, and Career Counselor/Advisor","Educational, Guidance, and Career Counselor/Advisor","Educational, Guidance, and Career Counselor/Advisor"
726,Career and Academic Counselor,career and academic counselor,career and academic counselor,career and academic counselor,career and academic counselor,career and academic counselor,career and academic counselor,211012,252058,211012,211012,211012,211012,0.33333333333333337,0.5,1.0,1.0,1.0,1.0,True,False,True,True,True,True,True,False,True,True,True,True,True,False,True,True,True,True,"Educational, Guidance, and Career Counselor/Advisor",Special Education Teacher (Secondary School),"Educational, Guidance, and Career Counselor/Advisor","Educational, Guidance, and Career Counselor/Advisor","Educational, Guidance, and Career Counselor/Advisor","Educational, Guidance, and Career Counselor/Advisor","Educational, Guidance, and Career Counselor/Advisor"
727,Career Counselor,career counselor,career counselor,career counselor,career counselor,career counselor,career counselor,211012,211012,211012,211012,211012,211012,1.0,1.0,0.9934102141680395,0.9934102141680395,0.9934102141680395,0.9934102141680395,True,True,True,True,True,True,True,True,True,True,True,True,True,True,True,True,True,True,"Educational, Guidance, and Career Counselor/Advisor","Educational, Guidance, and Career Counselor/Advisor","Educational, Guidance, and Career Counselor/Advisor","Educational, Guidance, and Career Counselor/Advisor","Educational, Guidance, and Career Counselor/Advisor","Educational, Guidance, and Career Counselor/Advisor","Educational, Guidance, and Career Counselor/Advisor"
728,Career Counselor 2,career counselor 2,career counselor 2,career counselor,career counselor,career counselor,career counselor,211012,211012,211012,211012,211012,211012,1.0,1.0,0.9934102141680395,0.9934102141680395,0.9934102141680395,0.9934102141680395,True,True,True,True,True,True,True,True,True,True,True,True,True,True,True,True,True,True,"Educational, Guidance, and Career Counselor/Advisor","Educational, Guidance, and Career Counselor/Advisor","Educational, Guidance, and Career Counselor/Advisor","Educational, Guidance, and Career Counselor/Advisor","Educational, Guidance, and Career Counselor/Advisor","Educational, Guidance, and Career Counselor/Advisor","Educational, Guidance, and Career Counselor/Advisor"
729,Counselor (Career/General),counselor,counselor,counselor career general,counselor career general,career general counselor,career general counselor,211012,211012,211012,211012,399032,399032,0.224622030237581,0.224622030237581,0.21000970769064825,0.21000970769064825,1.0,1.0,True,True,True,True,False,False,True,True,True,True,False,False,True,True,True,True,False,False,"Educational, Guidance, and Career Counselor/Advisor","Educational, Guidance, and Career Counselor/Advisor","Educational, Guidance, and Career Counselor/Advisor","Educational, Guidance, and Career Counselor/Advisor",Recreation Worker,Recreation Worker,"Educational, Guidance, and Career Counselor/Advisor"
730,Counselor,counselor,counselor,counselor,counselor,counselor,counselor,211012,211012,211012,211012,211012,211012,0.224622030237581,0.224622030237581,0.21000970769064825,0.21000970769064825,0.21000970769064825,0.21000970769064825,True,True,True,True,True,True,True,True,True,True,True,True,True,True,True,True,True,True,"Educational, Guidance, and Career Counselor/Advisor","Educational, Guidance, and Career Counselor/Advisor","Educational, Guidance, and Career Counselor/Advisor","Educational, Guidance, and Career Counselor/Advisor","Educational, Guidance, and Career Counselor/Advisor","Educational, Guidance, and Career Counselor/Advisor","Educational, Guidance, and Career Counselor/Advisor"
731,Counselor,counselor,counselor,counselor,counselor,counselor,counselor,211012,211012,211012,211012,211012,211012,0.224622030237581,0.224622030237581,0.21000970769064825,0.21000970769064825,0.21000970769064825,0.21000970769064825,True,True,True,True,True,True,True,True,True,True,True,True,True,True,True,True,True,True,"Educational, Guidance, and Career Counselor/Advisor","Educational, Guidance, and Career Counselor/Advisor","Educational, Guidance, and Career Counselor/Advisor","Educational, Guidance, and Career Counselor/Advisor","Educational, Guidance, and Career Counselor/Advisor","Educational, Guidance, and Career Counselor/Advisor","Educational, Guidance, and Career Counselor/Advisor"
732,Counselor,counselor,counselor,counselor,counselor,counselor,counselor,211012,211012,211012,211012,211012,211012,0.224622030237581,0.224622030237581,0.21000970769064825,0.21000970769064825,0.21000970769064825,0.21000970769064825,True,True,True,True,True,True,True,True,True,True,True,True,True,True,True,True,True,True,"Educational, Guidance, and Career Counselor/Advisor","Educational, Guidance, and Career Counselor/Advisor","Educational, Guidance, and Career Counselor/Advisor","Educational, Guidance, and Career Counselor/Advisor","Educational, Guidance, and Career Counselor/Advisor","Educational, Guidance, and Career Counselor/Advisor","Educational, Guidance, and Career Counselor/Advisor"
733,Counselor,counselor,counselor,counselor,counselor,counselor,counselor,211012,211012,211012,211012,211012,211012,0.224622030237581,0.224622030237581,0.21000970769064825,0.21000970769064825,0.21000970769064825,0.21000970769064825,True,True,True,True,True,True,True,True,True,True,True,True,True,True,True,True,True,True,"Educational, Guidance, and Career Counselor/Advisor","Educational, Guidance, and Career Counselor/Advisor","Educational, Guidance, and Career Counselor/Advisor","Educational, Guidance, and Career Counselor/Advisor","Educational, Guidance, and Career Counselor/Advisor","Educational, Guidance, and Career Counselor/Advisor","Educational, Guidance, and Career Counselor/Advisor"
734,Counselor,counselor,counselor,counselor,counselor,counselor,counselor,211012,211012,211012,211012,211012,211012,0.224622030237581,0.224622030237581,0.21000970769064825,0.21000970769064825,0.21000970769064825,0.21000970769064825,True,True,True,True,True,True,True,True,True,True,True,True,True,True,True,True,True,True,"Educational, Guidance, and Career Counselor/Advisor","Educational, Guidance, and Career Counselor/Advisor","Educational, Guidance, and Career Counselor/Advisor","Educational, Guidance, and Career Counselor/Advisor","Educational, Guidance, and Career Counselor/Advisor","Educational, Guidance, and Career Counselor/Advisor","Educational, Guidance, and Career Counselor/Advisor"
735,Counselor Part Time,counselor part time,counselor part time,counselor part time,counselor part time,part time counselor,part time counselor,173026,173026,211012,211012,211012,211012,0.1442704039571311,0.1953125,0.21000970769064825,0.21000970769064825,0.21000970769064825,0.21000970769064825,False,False,True,True,True,True,False,False,True,True,True,True,False,False,True,True,True,True,Industrial Engineering Technologist/Technician,Industrial Engineering Technologist/Technician,"Educational, Guidance, and Career Counselor/Advisor","Educational, Guidance, and Career Counselor/Advisor","Educational, Guidance, and Career Counselor/Advisor","Educational, Guidance, and Career Counselor/Advisor","Educational, Guidance, and Career Counselor/Advisor"
736,Counselor,counselor,counselor,counselor,counselor,counselor,counselor,211012,211012,211012,211012,211012,211012,0.224622030237581,0.224622030237581,0.21000970769064825,0.21000970769064825,0.21000970769064825,0.21000970769064825,True,True,True,True,True,True,True,True,True,True,True,True,True,True,True,True,True,True,"Educational, Guidance, and Career Counselor/Advisor","Educational, Guidance, and Career Counselor/Advisor","Educational, Guidance, and Career Counselor/Advisor","Educational, Guidance, and Career Counselor/Advisor","Educational, Guidance, and Career Counselor/Advisor","Educational, Guidance, and Career Counselor/Advisor","Educational, Guidance, and Career Counselor/Advisor"
737,PT Counselor,pt counselor,pt counselor,counselor,counselor,counselor,counselor,414012,414012,211012,211012,211012,211012,0.25422647527910686,0.19625707953705984,0.21000970769064825,0.21000970769064825,0.21000970769064825,0.21000970769064825,False,False,True,True,True,True,False,False,True,True,True,True,False,False,True,True,True,True,Wholesales and Manufacturing Sales Representative (Non-Technical Products),Wholesales and Manufacturing Sales Representative (Non-Technical Products),"Educational, Guidance, and Career Counselor/Advisor","Educational, Guidance, and Career Counselor/Advisor","Educational, Guidance, and Career Counselor/Advisor","Educational, Guidance, and Career Counselor/Advisor","Educational, Guidance, and Career Counselor/Advisor"
738,Licensed Counselor,licensed counselor,licensed counselor,licensed counselor,licensed counselor,licensed counselor,licensed counselor,211014,211014,211014,211014,211014,211014,1.0,1.0,1.0,1.0,1.0,1.0,False,False,False,False,False,False,True,True,True,True,True,True,True,True,True,True,True,True,Mental Health Counselor,Mental Health Counselor,Mental Health Counselor,Mental Health Counselor,Mental Health Counselor,Mental Health Counselor,"Educational, Guidance, and Career Counselor/Advisor"
739,Staff Counselor,staff counselor,staff counselor,staff counselor,staff counselor,staff counselor,staff counselor,132011,132011,211012,211012,211012,211012,0.3621591629676601,0.3373947718210013,0.21000970769064825,0.21000970769064825,0.21000970769064825,0.21000970769064825,False,False,True,True,True,True,False,False,True,True,True,True,False,False,True,True,True,True,Accountants Auditor,Accountants Auditor,"Educational, Guidance, and Career Counselor/Advisor","Educational, Guidance, and Career Counselor/Advisor","Educational, Guidance, and Career Counselor/Advisor","Educational, Guidance, and Career Counselor/Advisor","Educational, Guidance, and Career Counselor/Advisor"
740,Student Services Coordinator,student services coordinator,student services coordinator,student services coordinator,student services coordinator,student services coordinator,student services coordinator,211012,211012,119111,119111,119111,119111,1.0,1.0,0.5,0.5,0.5,0.5,True,True,False,False,False,False,True,True,False,False,False,False,True,True,False,False,False,False,"Educational, Guidance, and Career Counselor/Advisor","Educational, Guidance, and Career Counselor/Advisor",Medical and Health Services Manager,Medical and Health Services Manager,Medical and Health Services Manager,Medical and Health Services Manager,"Educational, Guidance, and Career Counselor/Advisor"
741,Coordinator of Student Disability Services,coordinator of student disability services,coordinator of student disability services,student disability services coordinator,student disability services coordinator,student disability services coordinator,student disability services coordinator,211015,211015,119111,119111,119111,119111,1.0,1.0,0.5,0.5,0.5,0.5,False,False,False,False,False,False,True,True,False,False,False,False,True,True,False,False,False,False,Rehabilitation Counselor,Rehabilitation Counselor,Medical and Health Services Manager,Medical and Health Services Manager,Medical and Health Services Manager,Medical and Health Services Manager,"Educational, Guidance, and Career Counselor/Advisor"
742,Student Financial Services Coordinator,student financial services coordinator,student financial services coordinator,student financial services coordinator,student financial services coordinator,student financial services coordinator,student financial services coordinator,132071,132071,113031,113031,113031,113031,0.5,0.5,1.0,1.0,1.0,1.0,False,False,False,False,False,False,False,False,False,False,False,False,False,False,False,False,False,False,Credit Counselor,Credit Counselor,Financial Manager,Financial Manager,Financial Manager,Financial Manager,"Educational, Guidance, and Career Counselor/Advisor"
743,Student Conduct Coordinator,student conduct coordinator,student conduct coordinator,student conduct coordinator,student conduct coordinator,student conduct coordinator,student conduct coordinator,119033,119033,399041,399041,399041,399041,0.23484201537147736,0.23484201537147736,1.0,1.0,1.0,1.0,False,False,False,False,False,False,False,False,False,False,False,False,False,False,False,False,False,False,Postsecondary Education Administrator,Postsecondary Education Administrator,Residential Advisor,Residential Advisor,Residential Advisor,Residential Advisor,"Educational, Guidance, and Career Counselor/Advisor"
744,International Student Services Advisor and Exchange Coordinator,international student services advisor and exchange coordinator,international student services advisor and exchange coordinator,international student services advisor and exchange coordinator,international student services advisor and exchange coordinator,international student services advisor and exchange coordinator,international student services advisor and exchange coordinator,211012,211012,119121,119121,119121,119121,1.0,1.0,0.16835259115754514,0.16835259115754514,0.16835259115754514,0.16835259115754514,True,True,False,False,False,False,True,True,False,False,False,False,True,True,False,False,False,False,"Educational, Guidance, and Career Counselor/Advisor","Educational, Guidance, and Career Counselor/Advisor",Natural Sciences Manager,Natural Sciences Manager,Natural Sciences Manager,Natural Sciences Manager,"Educational, Guidance, and Career Counselor/Advisor"
745,Student Services Coordinator,student services coordinator,student services coordinator,student services coordinator,student services coordinator,student services coordinator,student services coordinator,211012,211012,119111,119111,119111,119111,1.0,1.0,0.5,0.5,0.5,0.5,True,True,False,False,False,False,True,True,False,False,False,False,True,True,False,False,False,False,"Educational, Guidance, and Career Counselor/Advisor","Educational, Guidance, and Career Counselor/Advisor",Medical and Health Services Manager,Medical and Health Services Manager,Medical and Health Services Manager,Medical and Health Services Manager,"Educational, Guidance, and Career Counselor/Advisor"
746,Student Services Coordinator,student services coordinator,student services coordinator,student services coordinator,student services coordinator,student services coordinator,student services coordinator,211012,211012,119111,119111,119111,119111,1.0,1.0,0.5,0.5,0.5,0.5,True,True,False,False,False,False,True,True,False,False,False,False,True,True,False,False,False,False,"Educational, Guidance, and Career Counselor/Advisor","Educational, Guidance, and Career Counselor/Advisor",Medical and Health Services Manager,Medical and Health Services Manager,Medical and Health Services Manager,Medical and Health Services Manager,"Educational, Guidance, and Career Counselor/Advisor"
747,"Coordinator II/III, Student Services",coordinator ii iii student services,coordinator ii iii student services,coordinator student services,coordinator student services,student services coordinator,student services coordinator,211012,211012,119121,119121,119111,119111,0.42857142857142855,0.42857142857142855,0.16835259115754514,0.16835259115754514,0.5,0.5,True,True,False,False,False,False,True,True,False,False,False,False,True,True,False,False,False,False,"Educational, Guidance, and Career Counselor/Advisor","Educational, Guidance, and Career Counselor/Advisor",Natural Sciences Manager,Natural Sciences Manager,Medical and Health Services Manager,Medical and Health Services Manager,"Educational, Guidance, and Career Counselor/Advisor"
748,Coordinator of Student Accessibility Services,coordinator of student accessibility services,coordinator of student accessibility services,student accessibility services coordinator,student accessibility services coordinator,student accessibility services coordinator,student accessibility services coordinator,211015,211015,119111,119111,119111,119111,1.0,1.0,0.5,0.5,0.5,0.5,False,False,False,False,False,False,True,True,False,False,False,False,True,True,False,False,False,False,Rehabilitation Counselor,Rehabilitation Counselor,Medical and Health Services Manager,Medical and Health Services Manager,Medical and Health Services Manager,Medical and Health Services Manager,"Educational, Guidance, and Career Counselor/Advisor"
749,Coordinator of TRIO - Student Support Services,coordinator of trio,coordinator of trio,trio coordinator,trio coordinator,trio coordinator,trio coordinator,211015,211015,119121,119121,119121,119121,1.0,1.0,0.16835259115754514,0.16835259115754514,0.16835259115754514,0.16835259115754514,False,False,False,False,False,False,True,True,False,False,False,False,True,True,False,False,False,False,Rehabilitation Counselor,Rehabilitation Counselor,Natural Sciences Manager,Natural Sciences Manager,Natural Sciences Manager,Natural Sciences Manager,"Educational, Guidance, and Career Counselor/Advisor"
750,Teaching Assistant,teaching assistant,teaching assistant,teaching assistant,teaching assistant,teaching assistant,teaching assistant,259049,259049,259042,259042,259042,259042,0.4163424124513619,0.4163424124513619,0.2968349016253208,0.2968349016253208,0.2968349016253208,0.2968349016253208,False,False,True,True,True,True,True,True,True,True,True,True,True,True,True,True,True,True,Teaching Assistant,Teaching Assistant,"Teaching Assistant (Preschool, Elementary, Middle, and Secondary School)","Teaching Assistant (Preschool, Elementary, Middle, and Secondary School)","Teaching Assistant (Preschool, Elementary, Middle, and Secondary School)","Teaching Assistant (Preschool, Elementary, Middle, and Secondary School)","Teaching Assistant (Preschool, Elementary, Middle, and Secondary School)"
751,Clasroom Teaching Assistant,clasroom teaching assistant,clasroom teaching assistant,clasroom teaching assistant,clasroom teaching assistant,clasroom teaching assistant,clasroom teaching assistant,259049,259049,259042,259042,259042,259042,0.4163424124513619,0.4163424124513619,0.2968349016253208,0.2968349016253208,0.2968349016253208,0.2968349016253208,False,False,True,True,True,True,True,True,True,True,True,True,True,True,True,True,True,True,Teaching Assistant,Teaching Assistant,"Teaching Assistant (Preschool, Elementary, Middle, and Secondary School)","Teaching Assistant (Preschool, Elementary, Middle, and Secondary School)","Teaching Assistant (Preschool, Elementary, Middle, and Secondary School)","Teaching Assistant (Preschool, Elementary, Middle, and Secondary School)","Teaching Assistant (Preschool, Elementary, Middle, and Secondary School)"
752,World Language Teaching Assistant,world language teaching assistant,world language teaching assistant,world language teaching assistant,world language teaching assistant,world language teaching assistant,world language teaching assistant,259049,252031,259042,259042,259042,259042,0.3485342019543974,1.0,0.2968349016253208,0.2968349016253208,0.2968349016253208,0.2968349016253208,False,False,True,True,True,True,True,False,True,True,True,True,True,True,True,True,True,True,Teaching Assistant,Secondary School Teacher,"Teaching Assistant (Preschool, Elementary, Middle, and Secondary School)","Teaching Assistant (Preschool, Elementary, Middle, and Secondary School)","Teaching Assistant (Preschool, Elementary, Middle, and Secondary School)","Teaching Assistant (Preschool, Elementary, Middle, and Secondary School)","Teaching Assistant (Preschool, Elementary, Middle, and Secondary School)"
753,Summer Program Teaching Assistant,summer program teaching assistant,summer program teaching assistant,summer program teaching assistant,summer program teaching assistant,summer program teaching assistant,summer program teaching assistant,259049,259049,259042,259042,259042,259042,0.4163424124513619,0.4163424124513619,0.3333333333333333,0.3333333333333333,0.3333333333333333,0.3333333333333333,False,False,True,True,True,True,True,True,True,True,True,True,True,True,True,True,True,True,Teaching Assistant,Teaching Assistant,"Teaching Assistant (Preschool, Elementary, Middle, and Secondary School)","Teaching Assistant (Preschool, Elementary, Middle, and Secondary School)","Teaching Assistant (Preschool, Elementary, Middle, and Secondary School)","Teaching Assistant (Preschool, Elementary, Middle, and Secondary School)","Teaching Assistant (Preschool, Elementary, Middle, and Secondary School)"
754,Teaching Assistant - Ceramics,teaching assistant,teaching assistant,teaching assistant,teaching assistant,teaching assistant,teaching assistant,259049,259049,259042,259042,259042,259042,0.4163424124513619,0.4163424124513619,0.2968349016253208,0.2968349016253208,0.2968349016253208,0.2968349016253208,False,False,True,True,True,True,True,True,True,True,True,True,True,True,True,True,True,True,Teaching Assistant,Teaching Assistant,"Teaching Assistant (Preschool, Elementary, Middle, and Secondary School)","Teaching Assistant (Preschool, Elementary, Middle, and Secondary School)","Teaching Assistant (Preschool, Elementary, Middle, and Secondary School)","Teaching Assistant (Preschool, Elementary, Middle, and Secondary School)","Teaching Assistant (Preschool, Elementary, Middle, and Secondary School)"
755,Adjunct Faculty/Teaching Assistant | Digital Marketing Analyst,adjunct faculty teaching assistant  digital marketing analyst,adjunct faculty teaching assistant  digital marketing analyst,adjunct faculty teaching assistant,adjunct faculty teaching assistant,adjunct faculty teaching assistant,adjunct faculty teaching assistant,112021,251126,259044,259044,259044,259044,0.2968609865470852,1.0,1.0,1.0,1.0,1.0,False,False,False,False,False,False,False,False,True,True,True,True,False,True,True,True,True,True,Marketing Manager,Philosophy and Religion Instructor (Postsecondary),Teaching Assistant (Postsecondary),Teaching Assistant (Postsecondary),Teaching Assistant (Postsecondary),Teaching Assistant (Postsecondary),"Teaching Assistant (Preschool, Elementary, Middle, and Secondary School)"
756,Head Learning Assistant,head learning assistant,head learning assistant,head learning assistant,head learning assistant,head learning assistant,head learning assistant,411011,411011,311131,311131,311131,311131,0.35607018653177364,0.40659762178749526,0.42657599705936405,0.42657599705936405,0.42657599705936405,0.42657599705936405,False,False,False,False,False,False,False,False,False,False,False,False,False,False,False,False,False,False,Supervisor of Retail Sales Worker,Supervisor of Retail Sales Worker,Nursing Assistant,Nursing Assistant,Nursing Assistant,Nursing Assistant,"Teaching Assistant (Preschool, Elementary, Middle, and Secondary School)"
757,Writing Assistant,writing assistant,writing assistant,writing assistant,writing assistant,writing assistant,writing assistant,411011,411011,273042,273042,273042,273042,0.4713575725869736,0.4713575725869736,0.6666666666666666,0.6666666666666666,0.6666666666666666,0.6666666666666666,False,False,False,False,False,False,False,False,False,False,False,False,False,False,False,False,False,False,Supervisor of Retail Sales Worker,Supervisor of Retail Sales Worker,Technical Writer,Technical Writer,Technical Writer,Technical Writer,"Teaching Assistant (Preschool, Elementary, Middle, and Secondary School)"
758,Mathematics Assistant,mathematics assistant,mathematics assistant,mathematics assistant,mathematics assistant,mathematics assistant,mathematics assistant,251022,251022,311131,311131,311131,311131,1.0,1.0,0.42657599705936405,0.42657599705936405,0.42657599705936405,0.42657599705936405,False,False,False,False,False,False,False,False,False,False,False,False,True,True,False,False,False,False,Mathematical Science Instructor (Postsecondary),Mathematical Science Instructor (Postsecondary),Nursing Assistant,Nursing Assistant,Nursing Assistant,Nursing Assistant,"Teaching Assistant (Preschool, Elementary, Middle, and Secondary School)"
759,Lead Teacher/Planning Aide,lead teacher planning aide,lead teacher planning aide,teacher planning aide,teacher planning aide,teacher planning aide,teacher planning aide,194061,194061,311131,311131,311131,311131,0.5,0.5,0.39324012583012935,0.39324012583012935,0.39324012583012935,0.39324012583012935,False,False,False,False,False,False,False,False,False,False,False,False,False,False,False,False,False,False,Social Science Research Assistant,Social Science Research Assistant,Nursing Assistant,Nursing Assistant,Nursing Assistant,Nursing Assistant,"Teaching Assistant (Preschool, Elementary, Middle, and Secondary School)"
760,Classroom Aide,classroom aide,classroom aide,classroom aide,classroom aide,classroom aide,classroom aide,259042,259042,259042,259042,259042,259042,1.0,1.0,0.3222277473893585,0.3222277473893585,0.3222277473893585,0.3222277473893585,True,True,True,True,True,True,True,True,True,True,True,True,True,True,True,True,True,True,"Teaching Assistant (Preschool, Elementary, Middle, and Secondary School)","Teaching Assistant (Preschool, Elementary, Middle, and Secondary School)","Teaching Assistant (Preschool, Elementary, Middle, and Secondary School)","Teaching Assistant (Preschool, Elementary, Middle, and Secondary School)","Teaching Assistant (Preschool, Elementary, Middle, and Secondary School)","Teaching Assistant (Preschool, Elementary, Middle, and Secondary School)","Teaching Assistant (Preschool, Elementary, Middle, and Secondary School)"
761,"Instructional Aide 3, Part-time",instructional aide 3 part time,instructional aide 3 part time,instructional aide part,instructional aide part,instructional aide part,instructional aide part,259042,259042,259042,259042,259042,259042,1.0,1.0,0.3303720155469184,0.3303720155469184,0.3303720155469184,0.3303720155469184,True,True,True,True,True,True,True,True,True,True,True,True,True,True,True,True,True,True,"Teaching Assistant (Preschool, Elementary, Middle, and Secondary School)","Teaching Assistant (Preschool, Elementary, Middle, and Secondary School)","Teaching Assistant (Preschool, Elementary, Middle, and Secondary School)","Teaching Assistant (Preschool, Elementary, Middle, and Secondary School)","Teaching Assistant (Preschool, Elementary, Middle, and Secondary School)","Teaching Assistant (Preschool, Elementary, Middle, and Secondary School)","Teaching Assistant (Preschool, Elementary, Middle, and Secondary School)"
762,Early Childhood Classroom Assistant,early childhood classroom assistant,early childhood classroom assistant,early childhood classroom assistant,early childhood classroom assistant,early childhood classroom assistant,early childhood classroom assistant,252051,252051,259042,259042,259042,259042,0.32102728731942215,0.32102728731942215,0.33333333333333337,0.33333333333333337,0.33333333333333337,0.33333333333333337,False,False,True,True,True,True,False,False,True,True,True,True,True,True,True,True,True,True,Special Education Teacher (Preschool),Special Education Teacher (Preschool),"Teaching Assistant (Preschool, Elementary, Middle, and Secondary School)","Teaching Assistant (Preschool, Elementary, Middle, and Secondary School)","Teaching Assistant (Preschool, Elementary, Middle, and Secondary School)","Teaching Assistant (Preschool, Elementary, Middle, and Secondary School)","Teaching Assistant (Preschool, Elementary, Middle, and Secondary School)"
763,Instructional Services Assistant II,instructional services assistant ii,instructional services assistant ii,instructional services assistant,instructional services assistant,instructional services assistant,instructional services assistant,254022,254022,394021,394021,394021,394021,1.0,1.0,0.626904432132964,0.626904432132964,0.626904432132964,0.626904432132964,False,False,False,False,False,False,False,False,False,False,False,False,True,True,False,False,False,False,Librarian or Media Collections Specialist,Librarian or Media Collections Specialist,Funeral Attendant,Funeral Attendant,Funeral Attendant,Funeral Attendant,"Teaching Assistant (Preschool, Elementary, Middle, and Secondary School)"
764,Instructional Assistant - Music,instructional assistant,instructional assistant,instructional assistant,instructional assistant,instructional assistant,instructional assistant,259042,259042,259042,259042,259042,259042,1.0,1.0,0.3329103214890017,0.3329103214890017,0.3329103214890017,0.3329103214890017,True,True,True,True,True,True,True,True,True,True,True,True,True,True,True,True,True,True,"Teaching Assistant (Preschool, Elementary, Middle, and Secondary School)","Teaching Assistant (Preschool, Elementary, Middle, and Secondary School)","Teaching Assistant (Preschool, Elementary, Middle, and Secondary School)","Teaching Assistant (Preschool, Elementary, Middle, and Secondary School)","Teaching Assistant (Preschool, Elementary, Middle, and Secondary School)","Teaching Assistant (Preschool, Elementary, Middle, and Secondary School)","Teaching Assistant (Preschool, Elementary, Middle, and Secondary School)"
765,Instructional Assistant - Mathematics,instructional assistant,instructional assistant,instructional assistant,instructional assistant,instructional assistant,instructional assistant,259042,259042,259042,259042,259042,259042,1.0,1.0,0.3329103214890017,0.3329103214890017,0.3329103214890017,0.3329103214890017,True,True,True,True,True,True,True,True,True,True,True,True,True,True,True,True,True,True,"Teaching Assistant (Preschool, Elementary, Middle, and Secondary School)","Teaching Assistant (Preschool, Elementary, Middle, and Secondary School)","Teaching Assistant (Preschool, Elementary, Middle, and Secondary School)","Teaching Assistant (Preschool, Elementary, Middle, and Secondary School)","Teaching Assistant (Preschool, Elementary, Middle, and Secondary School)","Teaching Assistant (Preschool, Elementary, Middle, and Secondary School)","Teaching Assistant (Preschool, Elementary, Middle, and Secondary School)"
766,"Instructional Assistant 1, Part-Time",instructional assistant 1 part time,instructional assistant 1 part time,instructional part,instructional part,instructional part,instructional part,259042,259042,,,,,1.0,1.0,,,,,True,True,False,False,False,False,True,True,False,False,False,False,True,True,False,False,False,False,"Teaching Assistant (Preschool, Elementary, Middle, and Secondary School)","Teaching Assistant (Preschool, Elementary, Middle, and Secondary School)",unknown,unknown,unknown,unknown,"Teaching Assistant (Preschool, Elementary, Middle, and Secondary School)"
767,Instructional Assistant - Fitness Center,instructional assistant,instructional assistant,instructional assistant,instructional assistant,instructional assistant,instructional assistant,259042,259042,259042,259042,259042,259042,1.0,1.0,0.3329103214890017,0.3329103214890017,0.3329103214890017,0.3329103214890017,True,True,True,True,True,True,True,True,True,True,True,True,True,True,True,True,True,True,"Teaching Assistant (Preschool, Elementary, Middle, and Secondary School)","Teaching Assistant (Preschool, Elementary, Middle, and Secondary School)","Teaching Assistant (Preschool, Elementary, Middle, and Secondary School)","Teaching Assistant (Preschool, Elementary, Middle, and Secondary School)","Teaching Assistant (Preschool, Elementary, Middle, and Secondary School)","Teaching Assistant (Preschool, Elementary, Middle, and Secondary School)","Teaching Assistant (Preschool, Elementary, Middle, and Secondary School)"
768,Instructional Assistant / Math Lab,instructional assistant   math lab,instructional assistant   math lab,instructional math lab,instructional math lab,instructional math lab,instructional math lab,259042,259042,,,,,1.0,1.0,,,,,True,True,False,False,False,False,True,True,False,False,False,False,True,True,False,False,False,False,"Teaching Assistant (Preschool, Elementary, Middle, and Secondary School)","Teaching Assistant (Preschool, Elementary, Middle, and Secondary School)",unknown,unknown,unknown,unknown,"Teaching Assistant (Preschool, Elementary, Middle, and Secondary School)"
769,Health Education Assistant,health education assistant,health education assistant,health education assistant,health education assistant,health education assistant,health education assistant,211091,211091,319099,319099,319099,319099,0.5,0.5,1.0,1.0,1.0,1.0,False,False,False,False,False,False,False,False,False,False,False,False,False,False,False,False,False,False,Health Education Specialist,Health Education Specialist,Healthcare Support Worker,Healthcare Support Worker,Healthcare Support Worker,Healthcare Support Worker,"Teaching Assistant (Preschool, Elementary, Middle, and Secondary School)"
770,"Consultant, Global DE&I Measurement & Insights",consultant global dei measurement  insights,consultant global dei measurement  insights,consultant global de measurement insights,consultant global de measurement insights,global de measurement insights consultant,global de measurement insights consultant,113071,113071,412031,412031,193032,193032,0.08822232024702249,0.08822232024702249,0.35130202630124413,0.35130202630124413,0.5,0.5,False,False,False,False,True,True,False,False,False,False,True,True,False,False,False,False,True,True,"Transportation, Storage, and Distribution Manager","Transportation, Storage, and Distribution Manager",Retail Salesperson,Retail Salesperson,Industrial-Organizational Psychologist,Industrial-Organizational Psychologist,Industrial-Organizational Psychologist
771,"CVP, Planning Strategy & Consulting - Change Management",cvp planning strategy  consulting,cvp planning strategy  consulting,cvp planning strategy consulting,cvp planning strategy consulting,cvp planning strategy consulting,cvp planning strategy consulting,151299,193051,,,,,0.1420731707317073,0.19999999999999998,,,,,False,False,False,False,False,False,False,True,False,False,False,False,False,True,False,False,False,False,Computer Occupation,Urban and Regional Planner,unknown,unknown,unknown,unknown,Industrial-Organizational Psychologist
772,"Sr. Manager, Organizational Development & Learning Strategy",sr manager organizational development  learning strategy,sr manager organizational development  learning strategy,manager organizational development learning strategy,manager organizational development learning strategy,organizational development learning strategy manager,organizational development learning strategy manager,193032,193032,113121,113121,113021,113021,0.7652582159624414,0.7652582159624414,0.8333333333333333,0.8333333333333333,1.0,1.0,True,True,False,False,False,False,True,True,False,False,False,False,True,True,False,False,False,False,Industrial-Organizational Psychologist,Industrial-Organizational Psychologist,Human Resources Manager,Human Resources Manager,Computer and Information Systems Manager,Computer and Information Systems Manager,Industrial-Organizational Psychologist
773,"(USA) Consultant II, Global Talent Management - Human Resources",consultant ii global talent management,consultant ii global talent management,,,,,131111,131111,,,,,0.2620320855614973,0.2620320855614973,,,,,False,False,False,False,False,False,False,False,False,False,False,False,False,False,False,False,False,False,Management Analyst,Management Analyst,unknown,unknown,unknown,unknown,Industrial-Organizational Psychologist
774,"Human Capital Management, Organizational Design Consultant, Associate-NY",human capital management organizational design consultant associate ny,human capital management organizational design consultant associate ny,human capital management organizational design consultant associate,human capital management organizational design consultant associate,human capital management organizational design consultant associate,human capital management organizational design consultant associate,193032,193032,412031,412031,412031,412031,1.0,1.0,0.53125,0.53125,0.53125,0.53125,True,True,False,False,False,False,True,True,False,False,False,False,True,True,False,False,False,False,Industrial-Organizational Psychologist,Industrial-Organizational Psychologist,Retail Salesperson,Retail Salesperson,Retail Salesperson,Retail Salesperson,Industrial-Organizational Psychologist
775,EAP Management Consultant,eap management consultant,eap management consultant,eap management consultant,eap management consultant,eap management consultant,eap management consultant,131111,131111,131111,131111,131111,131111,0.7816593886462881,0.7816593886462881,1.0,1.0,1.0,1.0,False,False,False,False,False,False,False,False,False,False,False,False,False,False,False,False,False,False,Management Analyst,Management Analyst,Management Analyst,Management Analyst,Management Analyst,Management Analyst,Industrial-Organizational Psychologist
776,Organizational Effectiveness Advisor,organizational effectiveness advisor,organizational effectiveness advisor,organizational effectiveness advisor,organizational effectiveness advisor,organizational effectiveness advisor,organizational effectiveness advisor,193032,193032,193032,193032,193032,193032,0.4753593429158111,0.4753593429158111,1.0,1.0,1.0,1.0,True,True,True,True,True,True,True,True,True,True,True,True,True,True,True,True,True,True,Industrial-Organizational Psychologist,Industrial-Organizational Psychologist,Industrial-Organizational Psychologist,Industrial-Organizational Psychologist,Industrial-Organizational Psychologist,Industrial-Organizational Psychologist,Industrial-Organizational Psychologist
777,"Consultant, Organizational Development",consultant organizational development,consultant organizational development,consultant organizational development,consultant organizational development,consultant organizational development,consultant organizational development,193032,193032,193032,193032,193032,193032,0.7652582159624414,0.7652582159624414,1.0,1.0,1.0,1.0,True,True,True,True,True,True,True,True,True,True,True,True,True,True,True,True,True,True,Industrial-Organizational Psychologist,Industrial-Organizational Psychologist,Industrial-Organizational Psychologist,Industrial-Organizational Psychologist,Industrial-Organizational Psychologist,Industrial-Organizational Psychologist,Industrial-Organizational Psychologist
778,"Organizational Development, Network Activation Lead",organizational development network activation lead,organizational development network activation lead,organizational development network activation lead,organizational development network activation lead,organizational development network activation lead,organizational development network activation lead,193032,193032,431011,431011,431011,431011,0.7652582159624414,0.7652582159624414,0.2092506664033962,0.2092506664033962,0.2092506664033962,0.2092506664033962,True,True,False,False,False,False,True,True,False,False,False,False,True,True,False,False,False,False,Industrial-Organizational Psychologist,Industrial-Organizational Psychologist,Supervisor of Office and Administrative Support Workers,Supervisor of Office and Administrative Support Workers,Supervisor of Office and Administrative Support Workers,Supervisor of Office and Administrative Support Workers,Industrial-Organizational Psychologist
779,"Associate Director, Organization Development and Transformation",associate director organization development and transformation,associate director organization development and transformation,director organization development and transformation,director organization development and transformation,organization development and transformation director,organization development and transformation director,113051,113051,111021,111021,119199,119199,1.0,1.0,1.0,1.0,1.0,1.0,False,False,False,False,False,False,False,False,False,False,False,False,False,False,False,False,False,False,Industrial Production Manager,Industrial Production Manager,Operations Manager,Operations Manager,Manager,Manager,Industrial-Organizational Psychologist
780,Organizational Design Analyst,organizational design analyst,organizational design analyst,organizational design analyst,organizational design analyst,organizational design analyst,organizational design analyst,172011,172011,151211,151211,151211,151211,1.0,1.0,0.27692307692307694,0.27692307692307694,0.27692307692307694,0.27692307692307694,False,False,False,False,False,False,False,False,False,False,False,False,False,False,False,False,False,False,Aerospace Engineer,Aerospace Engineer,Computer Analyst,Computer Analyst,Computer Analyst,Computer Analyst,Industrial-Organizational Psychologist
781,"Consultant, Business Development",consultant business development,consultant business development,consultant business development,consultant business development,consultant business development,consultant business development,112021,112021,131111,131111,131111,131111,0.3787795492028587,0.3787795492028587,1.0,1.0,1.0,1.0,False,False,False,False,False,False,False,False,False,False,False,False,False,False,False,False,False,False,Marketing Manager,Marketing Manager,Management Analyst,Management Analyst,Management Analyst,Management Analyst,Industrial-Organizational Psychologist
782,"Senior Director, Organizational Development",senior director organizational development,senior director organizational development,director organizational development,director organizational development,director organizational development,director organizational development,193032,193032,113131,113131,113131,113131,0.7652582159624414,0.7652582159624414,1.0,1.0,1.0,1.0,True,True,False,False,False,False,True,True,False,False,False,False,True,True,False,False,False,False,Industrial-Organizational Psychologist,Industrial-Organizational Psychologist,Training and Development Manager,Training and Development Manager,Training and Development Manager,Training and Development Manager,Industrial-Organizational Psychologist
783,Organisational Development Consultant,organisational development consultant,organisational development consultant,organisational development consultant,organisational development consultant,organisational development consultant,organisational development consultant,113131,113131,131111,131111,131111,131111,0.1262848751835536,0.1262848751835536,0.5195014073180538,0.5195014073180538,0.5195014073180538,0.5195014073180538,False,False,False,False,False,False,False,False,False,False,False,False,False,False,False,False,False,False,Training and Development Manager,Training and Development Manager,Management Analyst,Management Analyst,Management Analyst,Management Analyst,Industrial-Organizational Psychologist
784,Business Development Consultant,business development consultant,business development consultant,business development consultant,business development consultant,business development consultant,business development consultant,131111,131111,131111,131111,131111,131111,1.0,1.0,1.0,1.0,1.0,1.0,False,False,False,False,False,False,False,False,False,False,False,False,False,False,False,False,False,False,Management Analyst,Management Analyst,Management Analyst,Management Analyst,Management Analyst,Management Analyst,Industrial-Organizational Psychologist
785,Learning & Talent Development Consultant,learning  talent development consultant,learning  talent development consultant,learning talent development consultant,learning talent development consultant,learning talent development consultant,learning talent development consultant,131071,113131,193032,193032,193032,193032,0.1266233766233766,0.09975753377208174,1.0,1.0,1.0,1.0,False,False,True,True,True,True,False,False,True,True,True,True,False,False,True,True,True,True,Human Resources Specialist,Training and Development Manager,Industrial-Organizational Psychologist,Industrial-Organizational Psychologist,Industrial-Organizational Psychologist,Industrial-Organizational Psychologist,Industrial-Organizational Psychologist
786,"SALES FLOOR DEPT SUPERVISOR- PRO SERVICES-BUILDING MATERIALS
",sales floor dept supervisor  pro services building materials,sales floor dept supervisor  pro services building materials,sales floor dept supervisor,sales floor dept supervisor,sales floor dept supervisor,sales floor dept supervisor,411011,411011,112022,112022,112022,112022,0.5575396825396826,0.5970254957507083,0.5,0.5,0.5,0.5,False,False,False,False,False,False,False,False,False,False,False,False,False,False,False,False,False,False,Supervisor of Retail Sales Worker,Supervisor of Retail Sales Worker,Sales Manager,Sales Manager,Sales Manager,Sales Manager,Supervisor of Office and Administrative Support Workers
787,Maintenance Supervisor,maintenance supervisor,maintenance supervisor,maintenance supervisor,maintenance supervisor,maintenance supervisor,maintenance supervisor,491011,491011,113051,113051,113051,113051,0.7684691546077684,0.7684691546077684,0.5,0.5,0.5,0.5,False,False,False,False,False,False,False,False,False,False,False,False,False,False,False,False,False,False,"Supervisor of Mechanics, Installers, and Repairers","Supervisor of Mechanics, Installers, and Repairers",Industrial Production Manager,Industrial Production Manager,Industrial Production Manager,Industrial Production Manager,Supervisor of Office and Administrative Support Workers
788,Distribution Center Supervisor,distribution center supervisor,distribution center supervisor,distribution center supervisor,distribution center supervisor,distribution center supervisor,distribution center supervisor,113071,113071,113071,113071,113071,113071,1.0,1.0,1.0,1.0,1.0,1.0,False,False,False,False,False,False,False,False,False,False,False,False,False,False,False,False,False,False,"Transportation, Storage, and Distribution Manager","Transportation, Storage, and Distribution Manager","Transportation, Storage, and Distribution Manager","Transportation, Storage, and Distribution Manager","Transportation, Storage, and Distribution Manager","Transportation, Storage, and Distribution Manager",Supervisor of Office and Administrative Support Workers
789,"Manager, Operations",manager operations,manager operations,manager operations,manager operations,manager operations,manager operations,111021,111021,111021,111021,111021,111021,1.0,1.0,0.8147840531561462,0.8147840531561462,0.8147840531561462,0.8147840531561462,False,False,False,False,False,False,False,False,False,False,False,False,False,False,False,False,False,False,Operations Manager,Operations Manager,Operations Manager,Operations Manager,Operations Manager,Operations Manager,Supervisor of Office and Administrative Support Workers
790,EXECUTIVE OFFICE ADMINISTRATOR,executive office administrator,executive office administrator,executive office administrator,executive office administrator,executive office administrator,executive office administrator,431011,431011,436011,436011,436011,436011,0.7518610421836228,0.7518610421836228,1.0,1.0,1.0,1.0,True,True,False,False,False,False,True,True,False,False,False,False,True,True,True,True,True,True,Supervisor of Office and Administrative Support Workers,Supervisor of Office and Administrative Support Workers,Executive Secretary or Executive Administrative Assistant,Executive Secretary or Executive Administrative Assistant,Executive Secretary or Executive Administrative Assistant,Executive Secretary or Executive Administrative Assistant,Supervisor of Office and Administrative Support Workers
791,"Manager - Annuity Product Applications
",manager,manager,manager annuity product applications,manager annuity product applications,annuity product applications manager,annuity product applications manager,113131,113131,411011,411011,119141,119141,0.18092621664050237,0.18092621664050237,0.22557078928923693,0.22557078928923693,1.0,1.0,False,False,False,False,False,False,False,False,False,False,False,False,False,False,False,False,False,False,Training and Development Manager,Training and Development Manager,Supervisor of Retail Sales Worker,Supervisor of Retail Sales Worker,"Property, Real Estate, and Community Association Manager","Property, Real Estate, and Community Association Manager",Supervisor of Office and Administrative Support Workers
792,Manager,manager,manager,manager,manager,manager,manager,113131,113131,411011,411011,411011,411011,0.18092621664050237,0.18092621664050237,0.22557078928923693,0.22557078928923693,0.22557078928923693,0.22557078928923693,False,False,False,False,False,False,False,False,False,False,False,False,False,False,False,False,False,False,Training and Development Manager,Training and Development Manager,Supervisor of Retail Sales Worker,Supervisor of Retail Sales Worker,Supervisor of Retail Sales Worker,Supervisor of Retail Sales Worker,Supervisor of Office and Administrative Support Workers
793,Operations Supervisor,operations supervisor,operations supervisor,operations supervisor,operations supervisor,operations supervisor,operations supervisor,511011,511011,111021,111021,111021,111021,0.861299052774019,0.861299052774019,1.0,1.0,1.0,1.0,False,False,False,False,False,False,False,False,False,False,False,False,False,False,False,False,False,False,Supervisor of Production and Operating Workers,Supervisor of Production and Operating Workers,Operations Manager,Operations Manager,Operations Manager,Operations Manager,Supervisor of Office and Administrative Support Workers
794,"Customer Marketing Manager
",customer marketing manager,customer marketing manager,customer marketing manager,customer marketing manager,customer marketing manager,customer marketing manager,112021,112021,112021,112021,112021,112021,0.9022939677145285,0.9022939677145285,0.5,0.5,0.5,0.5,False,False,False,False,False,False,False,False,False,False,False,False,False,False,False,False,False,False,Marketing Manager,Marketing Manager,Marketing Manager,Marketing Manager,Marketing Manager,Marketing Manager,Supervisor of Office and Administrative Support Workers
795,Client Solutions Manager- Regional LATAM (Azure),client solutions manager  regional latam,client solutions manager  regional latam,client solutions manager,client solutions manager,client solutions manager,client solutions manager,411012,411012,131011,131011,112022,112022,0.10322695667676947,0.10510074423670358,1.0,1.0,1.0,1.0,False,False,False,False,False,False,False,False,False,False,False,False,False,False,False,False,False,False,Supervisor of Non-Retail Sales Worker,Supervisor of Non-Retail Sales Worker,Agent or Business Manager,Agent or Business Manager,Sales Manager,Sales Manager,Supervisor of Office and Administrative Support Workers
796,Manager I Care Center / Office Manager,manager i care center   office manager,manager i care center   office manager,manager care center office manager,manager care center office manager,manager care center office manager,manager care center office manager,431011,431011,111021,111021,111021,111021,0.8674463937621832,0.8674463937621832,0.5,0.5,0.5,0.5,True,True,False,False,False,False,True,True,False,False,False,False,True,True,False,False,False,False,Supervisor of Office and Administrative Support Workers,Supervisor of Office and Administrative Support Workers,Operations Manager,Operations Manager,Operations Manager,Operations Manager,Supervisor of Office and Administrative Support Workers
797,Customer Service Manager,customer service manager,customer service manager,customer service manager,customer service manager,customer service manager,customer service manager,431011,431011,112032,112032,112032,112032,0.43137254901960786,0.43137254901960786,0.5,0.5,0.5,0.5,True,True,False,False,False,False,True,True,False,False,False,False,True,True,False,False,False,False,Supervisor of Office and Administrative Support Workers,Supervisor of Office and Administrative Support Workers,Public Relations Manager,Public Relations Manager,Public Relations Manager,Public Relations Manager,Supervisor of Office and Administrative Support Workers
798,"Manager, Customer Service",manager customer service,manager customer service,manager customer service,manager customer service,customer service manager,customer service manager,434051,434051,411011,411011,112032,112032,0.7921725883776155,0.7921725883776155,0.22557078928923693,0.22557078928923693,0.5,0.5,False,False,False,False,False,False,False,False,False,False,False,False,True,True,False,False,False,False,Customer Service Representative,Customer Service Representative,Supervisor of Retail Sales Worker,Supervisor of Retail Sales Worker,Public Relations Manager,Public Relations Manager,Supervisor of Office and Administrative Support Workers
799,"Accounts Payable Associate
",accounts payable associate,accounts payable associate,accounts payable associate,accounts payable associate,accounts payable associate,accounts payable associate,433021,433021,433021,433021,433021,433021,1.0,1.0,0.5972027972027972,0.5972027972027972,0.5972027972027972,0.5972027972027972,False,False,False,False,False,False,True,True,True,True,True,True,True,True,True,True,True,True,Billing/Posting Clerk,Billing/Posting Clerk,Billing/Posting Clerk,Billing/Posting Clerk,Billing/Posting Clerk,Billing/Posting Clerk,Bookkeeping/Accounting/Auditing Clerk
800,Customer Service Specialist,customer service specialist,customer service specialist,customer service specialist,customer service specialist,customer service specialist,customer service specialist,434051,434051,434051,434051,434051,434051,0.9793814432989691,0.9793814432989691,1.0,1.0,1.0,1.0,True,True,True,True,True,True,True,True,True,True,True,True,True,True,True,True,True,True,Customer Service Representative,Customer Service Representative,Customer Service Representative,Customer Service Representative,Customer Service Representative,Customer Service Representative,Customer Service Representative
801,General Ledger Accountant,general ledger accountant,general ledger accountant,general ledger accountant,general ledger accountant,general ledger accountant,general ledger accountant,433031,433031,433031,433031,433031,433031,0.5535714285714285,0.5535714285714285,0.930379746835443,0.930379746835443,0.930379746835443,0.930379746835443,False,False,False,False,False,False,False,False,False,False,False,False,False,False,False,False,False,False,Bookkeeping/Accounting/Auditing Clerk,Bookkeeping/Accounting/Auditing Clerk,Bookkeeping/Accounting/Auditing Clerk,Bookkeeping/Accounting/Auditing Clerk,Bookkeeping/Accounting/Auditing Clerk,Bookkeeping/Accounting/Auditing Clerk,Accountants Auditor
802,Night Customer Service Representative,night customer service representative,night customer service representative,night customer service representative,night customer service representative,night customer service representative,night customer service representative,434051,434051,434051,434051,434051,434051,0.8867660380466112,0.8867660380466112,1.0,1.0,1.0,1.0,True,True,True,True,True,True,True,True,True,True,True,True,True,True,True,True,True,True,Customer Service Representative,Customer Service Representative,Customer Service Representative,Customer Service Representative,Customer Service Representative,Customer Service Representative,Customer Service Representative
803,"Customer Service Representative - Tampa, FL- $500 Sign-on Bonus
",customer service representative,customer service representative,customer service representative,customer service representative,customer service representative,customer service representative,434051,434051,434051,434051,434051,434051,0.8867660380466112,0.8867660380466112,1.0,1.0,1.0,1.0,True,True,True,True,True,True,True,True,True,True,True,True,True,True,True,True,True,True,Customer Service Representative,Customer Service Representative,Customer Service Representative,Customer Service Representative,Customer Service Representative,Customer Service Representative,Customer Service Representative
804,Customer Service Representative - Shopbop,customer service representative,customer service representative,customer service representative,customer service representative,customer service representative,customer service representative,434051,434051,434051,434051,434051,434051,0.8867660380466112,0.8867660380466112,1.0,1.0,1.0,1.0,True,True,True,True,True,True,True,True,True,True,True,True,True,True,True,True,True,True,Customer Service Representative,Customer Service Representative,Customer Service Representative,Customer Service Representative,Customer Service Representative,Customer Service Representative,Customer Service Representative
805,Customer Service Representative,customer service representative,customer service representative,customer service representative,customer service representative,customer service representative,customer service representative,434051,434051,434051,434051,434051,434051,0.8867660380466112,0.8867660380466112,1.0,1.0,1.0,1.0,True,True,True,True,True,True,True,True,True,True,True,True,True,True,True,True,True,True,Customer Service Representative,Customer Service Representative,Customer Service Representative,Customer Service Representative,Customer Service Representative,Customer Service Representative,Customer Service Representative
806,Customer Service Manager,customer service manager,customer service manager,customer service manager,customer service manager,customer service manager,customer service manager,431011,431011,112032,112032,112032,112032,0.43137254901960786,0.43137254901960786,0.5,0.5,0.5,0.5,True,True,False,False,False,False,True,True,False,False,False,False,True,True,False,False,False,False,Supervisor of Office and Administrative Support Workers,Supervisor of Office and Administrative Support Workers,Public Relations Manager,Public Relations Manager,Public Relations Manager,Public Relations Manager,Supervisor of Office and Administrative Support Workers
807,Customer Service Representative,customer service representative,customer service representative,customer service representative,customer service representative,customer service representative,customer service representative,434051,434051,434051,434051,434051,434051,0.8867660380466112,0.8867660380466112,1.0,1.0,1.0,1.0,True,True,True,True,True,True,True,True,True,True,True,True,True,True,True,True,True,True,Customer Service Representative,Customer Service Representative,Customer Service Representative,Customer Service Representative,Customer Service Representative,Customer Service Representative,Customer Service Representative
808,"Member Care Representative IV
",member care representative iv,member care representative iv,member care representative iv,member care representative iv,care representative iv member,care representative iv member,291141,291141,434051,434051,518012,518012,0.14311842706904435,0.12731340248118772,0.8788617886178862,0.8788617886178862,0.46676289599635346,0.46676289599635346,False,False,True,True,False,False,False,False,True,True,False,False,False,False,True,True,False,False,Registered Nurse,Registered Nurse,Customer Service Representative,Customer Service Representative,Power Distributor/Dispatcher,Power Distributor/Dispatcher,Customer Service Representative
809,"Supervisor, Customer Success",supervisor customer success,supervisor customer success,supervisor customer success,supervisor customer success,customer success supervisor,customer success supervisor,431011,431011,431011,431011,113071,113071,1.0,1.0,0.25140008504555367,0.25140008504555367,1.0,1.0,True,True,True,True,False,False,True,True,True,True,False,False,True,True,True,True,False,False,Supervisor of Office and Administrative Support Workers,Supervisor of Office and Administrative Support Workers,Supervisor of Office and Administrative Support Workers,Supervisor of Office and Administrative Support Workers,"Transportation, Storage, and Distribution Manager","Transportation, Storage, and Distribution Manager",Supervisor of Office and Administrative Support Workers
810,"Customer Experience Representative II
",customer experience representative ii,customer experience representative ii,customer experience representative,customer experience representative,customer experience representative,customer experience representative,434051,434051,434081,434081,434081,434081,1.0,1.0,0.9594594594594595,0.9594594594594595,0.9594594594594595,0.9594594594594595,True,True,False,False,False,False,True,True,True,True,True,True,True,True,True,True,True,True,Customer Service Representative,Customer Service Representative,"Hotel, Motel, and Resort Desk Clerk","Hotel, Motel, and Resort Desk Clerk","Hotel, Motel, and Resort Desk Clerk","Hotel, Motel, and Resort Desk Clerk",Customer Service Representative
811,Customer Experience Team Associate,customer experience team associate,customer experience team associate,customer experience team associate,customer experience team associate,customer experience team associate,customer experience team associate,151299,151299,512092,512092,512092,512092,0.3896218117854002,0.3896218117854002,0.783132530120482,0.783132530120482,0.783132530120482,0.783132530120482,False,False,False,False,False,False,False,False,False,False,False,False,False,False,False,False,False,False,Computer Occupation,Computer Occupation,Team Assembler,Team Assembler,Team Assembler,Team Assembler,Customer Service Representative
812,Customer Service Support Representative,customer service support representative,customer service support representative,customer service support representative,customer service support representative,customer service support representative,customer service support representative,434051,434051,434051,434051,434051,434051,0.7921725883776155,0.7921725883776155,1.0,1.0,1.0,1.0,True,True,True,True,True,True,True,True,True,True,True,True,True,True,True,True,True,True,Customer Service Representative,Customer Service Representative,Customer Service Representative,Customer Service Representative,Customer Service Representative,Customer Service Representative,Customer Service Representative
813,Business Office Manager,business office manager,business office manager,business office manager,business office manager,business office manager,business office manager,113012,113012,113012,113012,113012,113012,0.8798076923076924,0.8798076923076924,0.5,0.5,0.5,0.5,False,False,False,False,False,False,False,False,False,False,False,False,False,False,False,False,False,False,Administrative Services Manager,Administrative Services Manager,Administrative Services Manager,Administrative Services Manager,Administrative Services Manager,Administrative Services Manager,Supervisor of Office and Administrative Support Workers
814,Workforce Solutions Associate,workforce solutions associate,workforce solutions associate,workforce solutions associate,workforce solutions associate,workforce solutions associate,workforce solutions associate,435071,131071,434051,434051,434051,434051,0.2077602135085198,0.22172949002217296,0.958904109589041,0.958904109589041,0.958904109589041,0.958904109589041,False,False,True,True,True,True,False,False,True,True,True,True,True,False,True,True,True,True,Shipping/Receiving/Inventory Clerk,Human Resources Specialist,Customer Service Representative,Customer Service Representative,Customer Service Representative,Customer Service Representative,Customer Service Representative
815,"Cust Service Center, Mgr 1 (Asst Mgr)
",cust service center mgr 1,cust service center mgr 1,cust service center mgr,cust service center mgr,cust service center mgr,cust service center mgr,434051,434051,119151,119151,119151,119151,0.3902439024390244,0.3902439024390244,1.0,1.0,1.0,1.0,False,False,False,False,False,False,False,False,False,False,False,False,True,True,False,False,False,False,Customer Service Representative,Customer Service Representative,Social and Community Service Manager,Social and Community Service Manager,Social and Community Service Manager,Social and Community Service Manager,Supervisor of Office and Administrative Support Workers
816,"Virtual Customer Service Representative (Retention) AL, FL, GA, IL, IN, KY, LA, MI, MS, SC, TN
",virtual customer service representative  al fl ga il in ky la mi ms sc tn,virtual customer service representative  al fl ga il in ky la mi ms sc tn,virtual customer service representative,virtual customer service representative,virtual customer service representative,virtual customer service representative,434051,434051,434051,434051,434051,434051,0.8867660380466112,0.8867660380466112,1.0,1.0,1.0,1.0,True,True,True,True,True,True,True,True,True,True,True,True,True,True,True,True,True,True,Customer Service Representative,Customer Service Representative,Customer Service Representative,Customer Service Representative,Customer Service Representative,Customer Service Representative,Customer Service Representative
817,"Store Manager - North Reading, MA
",store manager,store manager,store manager,store manager,store manager,store manager,411011,411011,111021,111021,111021,111021,0.9671589921807124,0.9671589921807124,0.5,0.5,0.5,0.5,False,False,False,False,False,False,False,False,False,False,False,False,False,False,False,False,False,False,Supervisor of Retail Sales Worker,Supervisor of Retail Sales Worker,Operations Manager,Operations Manager,Operations Manager,Operations Manager,Supervisor of Office and Administrative Support Workers
818,"70181-LP Customer Service Associate
",70181 lp customer service associate,70181 lp customer service associate,lp customer service associate,lp customer service associate,lp customer service associate,lp customer service associate,434051,434051,434051,434051,434051,434051,0.813351927662063,0.813351927662063,1.0,1.0,1.0,1.0,True,True,True,True,True,True,True,True,True,True,True,True,True,True,True,True,True,True,Customer Service Representative,Customer Service Representative,Customer Service Representative,Customer Service Representative,Customer Service Representative,Customer Service Representative,Customer Service Representative
819,"Customer Service Supervisor, CursScript SD",customer service supervisor cursscript sd,customer service supervisor cursscript sd,customer service supervisor cursscript sd,customer service supervisor cursscript sd,customer service supervisor cursscript sd,customer service supervisor cursscript sd,431011,431011,112032,112032,112032,112032,0.9618320610687022,0.9618320610687022,0.5,0.5,0.5,0.5,True,True,False,False,False,False,True,True,False,False,False,False,True,True,False,False,False,False,Supervisor of Office and Administrative Support Workers,Supervisor of Office and Administrative Support Workers,Public Relations Manager,Public Relations Manager,Public Relations Manager,Public Relations Manager,Supervisor of Office and Administrative Support Workers
820,Customer Service Representative,customer service representative,customer service representative,customer service representative,customer service representative,customer service representative,customer service representative,434051,434051,434051,434051,434051,434051,0.8867660380466112,0.8867660380466112,1.0,1.0,1.0,1.0,True,True,True,True,True,True,True,True,True,True,True,True,True,True,True,True,True,True,Customer Service Representative,Customer Service Representative,Customer Service Representative,Customer Service Representative,Customer Service Representative,Customer Service Representative,Customer Service Representative
821,Customer Service Rep II,customer service rep ii,customer service rep ii,customer service rep,customer service rep,customer service rep,customer service rep,434051,434051,434051,434051,434051,434051,1.0,1.0,1.0,1.0,1.0,1.0,True,True,True,True,True,True,True,True,True,True,True,True,True,True,True,True,True,True,Customer Service Representative,Customer Service Representative,Customer Service Representative,Customer Service Representative,Customer Service Representative,Customer Service Representative,Customer Service Representative
822,Accountant I,accountant i,accountant i,accountant,accountant,accountant,accountant,132011,132011,132011,132011,132011,132011,0.9669093315684977,0.9669093315684977,0.9948859600662932,0.9948859600662932,0.9948859600662932,0.9948859600662932,True,True,True,True,True,True,True,True,True,True,True,True,True,True,True,True,True,True,Accountants Auditor,Accountants Auditor,Accountants Auditor,Accountants Auditor,Accountants Auditor,Accountants Auditor,Accountants Auditor
823,Accountant 1,accountant 1,accountant 1,accountant,accountant,accountant,accountant,132011,132011,132011,132011,132011,132011,0.9669093315684977,0.9669093315684977,0.9948859600662932,0.9948859600662932,0.9948859600662932,0.9948859600662932,True,True,True,True,True,True,True,True,True,True,True,True,True,True,True,True,True,True,Accountants Auditor,Accountants Auditor,Accountants Auditor,Accountants Auditor,Accountants Auditor,Accountants Auditor,Accountants Auditor
824,Customer Service Lead - Night Auditor,customer service lead,customer service lead,customer service lead,customer service lead,customer service lead,customer service lead,434051,434051,351012,351012,351012,351012,0.7921725883776155,0.7921725883776155,0.5358974358974359,0.5358974358974359,0.5358974358974359,0.5358974358974359,False,False,False,False,False,False,False,False,False,False,False,False,True,True,False,False,False,False,Customer Service Representative,Customer Service Representative,Supervisor of Food Preparation and Serving Workers,Supervisor of Food Preparation and Serving Workers,Supervisor of Food Preparation and Serving Workers,Supervisor of Food Preparation and Serving Workers,Supervisor of Office and Administrative Support Workers
825,Customer Service Representative,customer service representative,customer service representative,customer service representative,customer service representative,customer service representative,customer service representative,434051,434051,434051,434051,434051,434051,0.8867660380466112,0.8867660380466112,1.0,1.0,1.0,1.0,True,True,True,True,True,True,True,True,True,True,True,True,True,True,True,True,True,True,Customer Service Representative,Customer Service Representative,Customer Service Representative,Customer Service Representative,Customer Service Representative,Customer Service Representative,Customer Service Representative
826,Customer Service Manager,customer service manager,customer service manager,customer service manager,customer service manager,customer service manager,customer service manager,431011,431011,112032,112032,112032,112032,0.43137254901960786,0.43137254901960786,0.5,0.5,0.5,0.5,True,True,False,False,False,False,True,True,False,False,False,False,True,True,False,False,False,False,Supervisor of Office and Administrative Support Workers,Supervisor of Office and Administrative Support Workers,Public Relations Manager,Public Relations Manager,Public Relations Manager,Public Relations Manager,Supervisor of Office and Administrative Support Workers
827,Customer Service Clerk- Lobby Clerk,customer service clerk  lobby clerk,customer service clerk  lobby clerk,customer service clerk,customer service clerk,customer service clerk,customer service clerk,412031,412031,434051,434051,434051,434051,0.4377224199288256,0.4377224199288256,1.0,1.0,1.0,1.0,False,False,True,True,True,True,False,False,True,True,True,True,False,False,True,True,True,True,Retail Salesperson,Retail Salesperson,Customer Service Representative,Customer Service Representative,Customer Service Representative,Customer Service Representative,Customer Service Representative
828,Finance Manager,finance manager,finance manager,finance manager,finance manager,finance manager,finance manager,113031,113031,113031,113031,113031,113031,1.0,1.0,0.5,0.5,0.5,0.5,True,True,True,True,True,True,True,True,True,True,True,True,True,True,True,True,True,True,Financial Manager,Financial Manager,Financial Manager,Financial Manager,Financial Manager,Financial Manager,Financial Manager
829,Accountant  ,accountant,accountant,accountant,accountant,accountant,accountant,132011,132011,132011,132011,132011,132011,0.9669093315684977,0.9669093315684977,0.9948859600662932,0.9948859600662932,0.9948859600662932,0.9948859600662932,True,True,True,True,True,True,True,True,True,True,True,True,True,True,True,True,True,True,Accountants Auditor,Accountants Auditor,Accountants Auditor,Accountants Auditor,Accountants Auditor,Accountants Auditor,Accountants Auditor
830,"Payroll Specialist - Decatur, IL",payroll specialist,payroll specialist,payroll specialist,payroll specialist,payroll specialist,payroll specialist,433051,433051,433051,433051,433051,433051,0.9448732083792724,0.9448732083792724,0.9923273657289001,0.9923273657289001,0.9923273657289001,0.9923273657289001,False,False,False,False,False,False,True,True,True,True,True,True,True,True,True,True,True,True,Payroll/Timekeeping Clerk,Payroll/Timekeeping Clerk,Payroll/Timekeeping Clerk,Payroll/Timekeeping Clerk,Payroll/Timekeeping Clerk,Payroll/Timekeeping Clerk,Bookkeeping/Accounting/Auditing Clerk
831,"Office Manager – Springfield, NJ
",office manager  springfield nj,office manager  springfield nj,office manager,office manager,office manager,office manager,431011,431011,111021,111021,111021,111021,0.8674463937621832,0.8674463937621832,0.5,0.5,0.5,0.5,True,True,False,False,False,False,True,True,False,False,False,False,True,True,False,False,False,False,Supervisor of Office and Administrative Support Workers,Supervisor of Office and Administrative Support Workers,Operations Manager,Operations Manager,Operations Manager,Operations Manager,Supervisor of Office and Administrative Support Workers
832,"Provider Customer Service Representative – Remote – $750 Sign On Bonus For External Candidates
",provider customer service representative  remote  750 sign on bonus for external candidates,provider customer service representative  remote  750 sign on bonus for external candidates,provider customer service representative,provider customer service representative,provider customer service representative,provider customer service representative,434051,434051,434051,434051,434051,434051,0.8867660380466112,0.8867660380466112,1.0,1.0,1.0,1.0,True,True,True,True,True,True,True,True,True,True,True,True,True,True,True,True,True,True,Customer Service Representative,Customer Service Representative,Customer Service Representative,Customer Service Representative,Customer Service Representative,Customer Service Representative,Customer Service Representative
833,Customer Contact Center Supervisor,customer contact center supervisor,customer contact center supervisor,customer contact center supervisor,customer contact center supervisor,customer contact center supervisor,customer contact center supervisor,434051,434051,431011,431011,431011,431011,0.6329113924050633,1.0,1.0,1.0,1.0,1.0,False,False,True,True,True,True,False,False,True,True,True,True,True,True,True,True,True,True,Customer Service Representative,Customer Service Representative,Supervisor of Office and Administrative Support Workers,Supervisor of Office and Administrative Support Workers,Supervisor of Office and Administrative Support Workers,Supervisor of Office and Administrative Support Workers,Supervisor of Office and Administrative Support Workers
834,Customer Service Manager-Support,customer service manager support,customer service manager support,customer service manager,customer service manager,customer service manager,customer service manager,431011,431011,112032,112032,112032,112032,0.43137254901960786,0.43137254901960786,0.5,0.5,0.5,0.5,True,True,False,False,False,False,True,True,False,False,False,False,True,True,False,False,False,False,Supervisor of Office and Administrative Support Workers,Supervisor of Office and Administrative Support Workers,Public Relations Manager,Public Relations Manager,Public Relations Manager,Public Relations Manager,Supervisor of Office and Administrative Support Workers
835,Customer Service Representative- Textura,customer service representative  textura,customer service representative  textura,customer service representative,customer service representative,customer service representative,customer service representative,434051,434051,434051,434051,434051,434051,0.8867660380466112,0.8867660380466112,1.0,1.0,1.0,1.0,True,True,True,True,True,True,True,True,True,True,True,True,True,True,True,True,True,True,Customer Service Representative,Customer Service Representative,Customer Service Representative,Customer Service Representative,Customer Service Representative,Customer Service Representative,Customer Service Representative
836,"Team Leader, Contact Center",team leader contact center,team leader contact center,team leader contact center,team leader contact center,team leader contact center,team leader contact center,411012,411012,431011,431011,431011,431011,0.42198308993082245,0.5116495806150978,0.3426008243756567,0.3426008243756567,0.3426008243756567,0.3426008243756567,False,False,True,True,True,True,False,False,True,True,True,True,False,False,True,True,True,True,Supervisor of Non-Retail Sales Worker,Supervisor of Non-Retail Sales Worker,Supervisor of Office and Administrative Support Workers,Supervisor of Office and Administrative Support Workers,Supervisor of Office and Administrative Support Workers,Supervisor of Office and Administrative Support Workers,Supervisor of Office and Administrative Support Workers
837,"Customer Service Representative, WLFC
",customer service representative wlfc,customer service representative wlfc,customer service representative wlfc,customer service representative wlfc,customer service representative wlfc,customer service representative wlfc,434051,434051,434051,434051,434051,434051,0.8867660380466112,0.8867660380466112,1.0,1.0,1.0,1.0,True,True,True,True,True,True,True,True,True,True,True,True,True,True,True,True,True,True,Customer Service Representative,Customer Service Representative,Customer Service Representative,Customer Service Representative,Customer Service Representative,Customer Service Representative,Customer Service Representative
838,"Remote Customer Care Advocates needed for remote roles $20/hour. Launch your career!
",remote customer care advocates needed for remote roles 20 hour launch your career,remote customer care advocates needed for remote roles 20 hour launch your career,remote roles remote customer care advocates needed,remote roles remote customer care advocates needed,remote roles remote customer care advocates needed,remote roles remote customer care advocates needed,434051,434051,,,,,0.7796735905044511,0.7796735905044511,,,,,True,True,False,False,False,False,True,True,False,False,False,False,True,True,False,False,False,False,Customer Service Representative,Customer Service Representative,unknown,unknown,unknown,unknown,Customer Service Representative
839,"Rep I, Customer Service Representative",rep i customer service representative,rep i customer service representative,rep customer service representative,rep customer service representative,rep customer service representative,rep customer service representative,434051,434051,434051,434051,434051,434051,0.8867660380466112,0.8867660380466112,1.0,1.0,1.0,1.0,True,True,True,True,True,True,True,True,True,True,True,True,True,True,True,True,True,True,Customer Service Representative,Customer Service Representative,Customer Service Representative,Customer Service Representative,Customer Service Representative,Customer Service Representative,Customer Service Representative
840,Customer Service Representative – Full Time,customer service representative  full time,customer service representative  full time,customer service representative,customer service representative,customer service representative,customer service representative,434051,434051,434051,434051,434051,434051,0.8867660380466112,0.8867660380466112,1.0,1.0,1.0,1.0,True,True,True,True,True,True,True,True,True,True,True,True,True,True,True,True,True,True,Customer Service Representative,Customer Service Representative,Customer Service Representative,Customer Service Representative,Customer Service Representative,Customer Service Representative,Customer Service Representative
841,"Health Systems Operations Manager, Customer Support",health systems operations manager customer support,health systems operations manager customer support,health systems operations manager customer support,health systems operations manager customer support,health systems operations manager customer support,health systems operations manager customer support,111021,131111,111021,111021,111021,111021,0.5784061696658097,0.5,1.0,1.0,1.0,1.0,False,False,False,False,False,False,False,False,False,False,False,False,False,False,False,False,False,False,Operations Manager,Management Analyst,Operations Manager,Operations Manager,Operations Manager,Operations Manager,Supervisor of Office and Administrative Support Workers
842,Customer Service Representative,customer service representative,customer service representative,customer service representative,customer service representative,customer service representative,customer service representative,434051,434051,434051,434051,434051,434051,0.8867660380466112,0.8867660380466112,1.0,1.0,1.0,1.0,True,True,True,True,True,True,True,True,True,True,True,True,True,True,True,True,True,True,Customer Service Representative,Customer Service Representative,Customer Service Representative,Customer Service Representative,Customer Service Representative,Customer Service Representative,Customer Service Representative
843,Customer Assistance Representative,customer assistance representative,customer assistance representative,customer assistance representative,customer assistance representative,customer assistance representative,customer assistance representative,434051,434051,434061,434061,434061,434061,0.7296609210575944,0.7296609210575944,0.9285714285714285,0.9285714285714285,0.9285714285714285,0.9285714285714285,True,True,False,False,False,False,True,True,True,True,True,True,True,True,True,True,True,True,Customer Service Representative,Customer Service Representative,Eligibility Interviewer (Government Programs),Eligibility Interviewer (Government Programs),Eligibility Interviewer (Government Programs),Eligibility Interviewer (Government Programs),Customer Service Representative
844,Customer Service Representative,customer service representative,customer service representative,customer service representative,customer service representative,customer service representative,customer service representative,434051,434051,434051,434051,434051,434051,0.8867660380466112,0.8867660380466112,1.0,1.0,1.0,1.0,True,True,True,True,True,True,True,True,True,True,True,True,True,True,True,True,True,True,Customer Service Representative,Customer Service Representative,Customer Service Representative,Customer Service Representative,Customer Service Representative,Customer Service Representative,Customer Service Representative
845,Cargo Agent (Customer Service Agent) - LAX,cargo agent,cargo agent,cargo agent,cargo agent,cargo agent,cargo agent,435011,435011,435011,435011,435011,435011,1.0,1.0,0.96875,0.96875,0.96875,0.96875,False,False,False,False,False,False,False,False,False,False,False,False,True,True,True,True,True,True,Cargo/Freight Agent,Cargo/Freight Agent,Cargo/Freight Agent,Cargo/Freight Agent,Cargo/Freight Agent,Cargo/Freight Agent,Customer Service Representative
846,STAFF ACCOUNTANT I COST / DECISION SUPPORT,staff accountant i cost   decision support,staff accountant i cost   decision support,staff accountant cost decision support,staff accountant cost decision support,staff accountant cost decision support,staff accountant cost decision support,132011,132011,132011,132011,132011,132011,0.9888790035587188,1.0,0.998042443386573,0.998042443386573,0.998042443386573,0.998042443386573,True,True,True,True,True,True,True,True,True,True,True,True,True,True,True,True,True,True,Accountants Auditor,Accountants Auditor,Accountants Auditor,Accountants Auditor,Accountants Auditor,Accountants Auditor,Accountants Auditor
847,"Finance Manager 2
",finance manager 2,finance manager 2,finance manager,finance manager,finance manager,finance manager,113031,113031,113031,113031,113031,113031,1.0,1.0,0.5,0.5,0.5,0.5,True,True,True,True,True,True,True,True,True,True,True,True,True,True,True,True,True,True,Financial Manager,Financial Manager,Financial Manager,Financial Manager,Financial Manager,Financial Manager,Financial Manager
848,Accountant,accountant,accountant,accountant,accountant,accountant,accountant,132011,132011,132011,132011,132011,132011,0.9669093315684977,0.9669093315684977,0.9948859600662932,0.9948859600662932,0.9948859600662932,0.9948859600662932,True,True,True,True,True,True,True,True,True,True,True,True,True,True,True,True,True,True,Accountants Auditor,Accountants Auditor,Accountants Auditor,Accountants Auditor,Accountants Auditor,Accountants Auditor,Accountants Auditor
849,CORPORATE ACCOUNTING SPECIALIST,corporate accounting specialist,corporate accounting specialist,corporate accounting specialist,corporate accounting specialist,corporate accounting specialist,corporate accounting specialist,433031,433031,433031,433031,433031,433031,0.5067178502879078,0.5067178502879078,0.45508100147275404,0.45508100147275404,0.45508100147275404,0.45508100147275404,True,True,True,True,True,True,True,True,True,True,True,True,True,True,True,True,True,True,Bookkeeping/Accounting/Auditing Clerk,Bookkeeping/Accounting/Auditing Clerk,Bookkeeping/Accounting/Auditing Clerk,Bookkeeping/Accounting/Auditing Clerk,Bookkeeping/Accounting/Auditing Clerk,Bookkeeping/Accounting/Auditing Clerk,Bookkeeping/Accounting/Auditing Clerk
850,"Finance Manager - National Product Supply Group
",finance manager,finance manager,finance manager,finance manager,finance manager,finance manager,113031,113031,113031,113031,113031,113031,1.0,1.0,0.5,0.5,0.5,0.5,True,True,True,True,True,True,True,True,True,True,True,True,True,True,True,True,True,True,Financial Manager,Financial Manager,Financial Manager,Financial Manager,Financial Manager,Financial Manager,Financial Manager
851,Principal Accountant - Treasury,principal accountant,principal accountant,accountant,accountant,accountant,accountant,132011,132011,132011,132011,132011,132011,0.28134026574234544,0.4358591885441528,0.9948859600662932,0.9948859600662932,0.9948859600662932,0.9948859600662932,True,True,True,True,True,True,True,True,True,True,True,True,True,True,True,True,True,True,Accountants Auditor,Accountants Auditor,Accountants Auditor,Accountants Auditor,Accountants Auditor,Accountants Auditor,Accountants Auditor
852,"Manager - Global Finance, Treasury Accounting
",manager,manager,manager global finance treasury accounting,manager global finance treasury accounting,global finance treasury accounting manager,global finance treasury accounting manager,113131,113131,411011,411011,113031,113031,0.18092621664050237,0.18092621664050237,0.22557078928923693,0.22557078928923693,0.5,0.5,False,False,False,False,True,True,True,True,False,False,True,True,True,True,False,False,True,True,Training and Development Manager,Training and Development Manager,Supervisor of Retail Sales Worker,Supervisor of Retail Sales Worker,Financial Manager,Financial Manager,Financial Manager
853,Finance Manager - Loyalty,finance manager,finance manager,finance manager,finance manager,finance manager,finance manager,113031,113031,113031,113031,113031,113031,1.0,1.0,0.5,0.5,0.5,0.5,True,True,True,True,True,True,True,True,True,True,True,True,True,True,True,True,True,True,Financial Manager,Financial Manager,Financial Manager,Financial Manager,Financial Manager,Financial Manager,Financial Manager
854,International Tax Accountant,international tax accountant,international tax accountant,international tax accountant,international tax accountant,international tax accountant,international tax accountant,132011,132011,132011,132011,132011,132011,1.0,1.0,1.0,1.0,1.0,1.0,True,True,True,True,True,True,True,True,True,True,True,True,True,True,True,True,True,True,Accountants Auditor,Accountants Auditor,Accountants Auditor,Accountants Auditor,Accountants Auditor,Accountants Auditor,Accountants Auditor
855,Accountant/Financial Analyst,accountant financial analyst,accountant financial analyst,accountant financial analyst,accountant financial analyst,accountant financial analyst,accountant financial analyst,132054,132054,132011,132011,132011,132011,0.9560503955464401,0.9560503955464401,1.0,1.0,1.0,1.0,False,False,True,True,True,True,True,True,True,True,True,True,True,True,True,True,True,True,Financial Risk Specialist,Financial Risk Specialist,Accountants Auditor,Accountants Auditor,Accountants Auditor,Accountants Auditor,Accountants Auditor
856,Lead Accountant,lead accountant,lead accountant,accountant,accountant,accountant,accountant,132011,132011,132011,132011,132011,132011,0.9669093315684977,0.9669093315684977,0.9948859600662932,0.9948859600662932,0.9948859600662932,0.9948859600662932,True,True,True,True,True,True,True,True,True,True,True,True,True,True,True,True,True,True,Accountants Auditor,Accountants Auditor,Accountants Auditor,Accountants Auditor,Accountants Auditor,Accountants Auditor,Accountants Auditor
857,Manager-Finance Operations,manager finance operations,manager finance operations,manager finance operations,manager finance operations,manager finance operations,manager finance operations,113031,113031,113031,113031,113031,113031,1.0,1.0,1.0,1.0,1.0,1.0,True,True,True,True,True,True,True,True,True,True,True,True,True,True,True,True,True,True,Financial Manager,Financial Manager,Financial Manager,Financial Manager,Financial Manager,Financial Manager,Financial Manager
858,Treasury Accountant,treasury accountant,treasury accountant,treasury accountant,treasury accountant,treasury accountant,treasury accountant,132011,132011,132081,132081,132081,132081,0.9053446940356312,0.9053446940356312,1.0,1.0,1.0,1.0,True,True,False,False,False,False,True,True,True,True,True,True,True,True,True,True,True,True,Accountants Auditor,Accountants Auditor,"Tax Examiner, Collector, or Revenue Agent","Tax Examiner, Collector, or Revenue Agent","Tax Examiner, Collector, or Revenue Agent","Tax Examiner, Collector, or Revenue Agent",Accountants Auditor
859,Accountant,accountant,accountant,accountant,accountant,accountant,accountant,132011,132011,132011,132011,132011,132011,0.9669093315684977,0.9669093315684977,0.9948859600662932,0.9948859600662932,0.9948859600662932,0.9948859600662932,True,True,True,True,True,True,True,True,True,True,True,True,True,True,True,True,True,True,Accountants Auditor,Accountants Auditor,Accountants Auditor,Accountants Auditor,Accountants Auditor,Accountants Auditor,Accountants Auditor
860,"Manager, Receivables",manager receivables,manager receivables,manager receivables,manager receivables,receivables manager,receivables manager,113131,113131,411011,411011,433021,433021,0.17916828604741547,0.17916828604741547,0.22557078928923693,0.22557078928923693,1.0,1.0,False,False,False,False,False,False,True,True,False,False,False,False,True,True,False,False,False,False,Training and Development Manager,Training and Development Manager,Supervisor of Retail Sales Worker,Supervisor of Retail Sales Worker,Billing/Posting Clerk,Billing/Posting Clerk,Financial Manager
861,Tax Accountant,tax accountant,tax accountant,tax accountant,tax accountant,tax accountant,tax accountant,132011,132011,132011,132011,132011,132011,1.0,1.0,0.9913316395157674,0.9913316395157674,0.9913316395157674,0.9913316395157674,True,True,True,True,True,True,True,True,True,True,True,True,True,True,True,True,True,True,Accountants Auditor,Accountants Auditor,Accountants Auditor,Accountants Auditor,Accountants Auditor,Accountants Auditor,Accountants Auditor
862,"Specialist, Intercompany Accounting",specialist intercompany accounting,specialist intercompany accounting,specialist intercompany accounting,specialist intercompany accounting,intercompany accounting specialist,intercompany accounting specialist,433031,119041,131071,131071,433031,433031,0.4540928563158504,0.2045728038507822,0.08768394413721999,0.08768394413721999,0.45508100147275404,0.45508100147275404,True,False,False,False,True,True,True,False,False,False,True,True,True,False,False,False,True,True,Bookkeeping/Accounting/Auditing Clerk,Architectural and Engineering Manager,Human Resources Specialist,Human Resources Specialist,Bookkeeping/Accounting/Auditing Clerk,Bookkeeping/Accounting/Auditing Clerk,Bookkeeping/Accounting/Auditing Clerk
863,"Manager, Finance",manager finance,manager finance,manager finance,manager finance,finance manager,finance manager,113031,113031,411011,411011,113031,113031,1.0,1.0,0.22557078928923693,0.22557078928923693,0.5,0.5,True,True,False,False,True,True,True,True,False,False,True,True,True,True,False,False,True,True,Financial Manager,Financial Manager,Supervisor of Retail Sales Worker,Supervisor of Retail Sales Worker,Financial Manager,Financial Manager,Financial Manager
864,Senior Accountant,senior accountant,senior accountant,accountant,accountant,accountant,accountant,132011,132011,132011,132011,132011,132011,0.9669093315684977,0.9669093315684977,0.9948859600662932,0.9948859600662932,0.9948859600662932,0.9948859600662932,True,True,True,True,True,True,True,True,True,True,True,True,True,True,True,True,True,True,Accountants Auditor,Accountants Auditor,Accountants Auditor,Accountants Auditor,Accountants Auditor,Accountants Auditor,Accountants Auditor
865,"Reporting & Investment Accountant I
",reporting  investment accountant i,reporting  investment accountant i,reporting investment accountant,reporting investment accountant,reporting investment accountant,reporting investment accountant,132011,132011,132054,132054,132054,132054,0.7845420857596612,0.937381404174573,0.43243243243243246,0.43243243243243246,0.43243243243243246,0.43243243243243246,True,True,False,False,False,False,True,True,True,True,True,True,True,True,True,True,True,True,Accountants Auditor,Accountants Auditor,Financial Risk Specialist,Financial Risk Specialist,Financial Risk Specialist,Financial Risk Specialist,Accountants Auditor
866,Finance Manager,finance manager,finance manager,finance manager,finance manager,finance manager,finance manager,113031,113031,113031,113031,113031,113031,1.0,1.0,0.5,0.5,0.5,0.5,True,True,True,True,True,True,True,True,True,True,True,True,True,True,True,True,True,True,Financial Manager,Financial Manager,Financial Manager,Financial Manager,Financial Manager,Financial Manager,Financial Manager
867,Accountant,accountant,accountant,accountant,accountant,accountant,accountant,132011,132011,132011,132011,132011,132011,0.9669093315684977,0.9669093315684977,0.9948859600662932,0.9948859600662932,0.9948859600662932,0.9948859600662932,True,True,True,True,True,True,True,True,True,True,True,True,True,True,True,True,True,True,Accountants Auditor,Accountants Auditor,Accountants Auditor,Accountants Auditor,Accountants Auditor,Accountants Auditor,Accountants Auditor
868,Internal Audit Lead (Finance & Accounting),internal audit lead,internal audit lead,internal audit lead,internal audit lead,internal audit lead,internal audit lead,132011,132011,431011,431011,431011,431011,1.0,1.0,0.2092506664033962,0.2092506664033962,0.2092506664033962,0.2092506664033962,True,True,False,False,False,False,True,True,False,False,False,False,True,True,False,False,False,False,Accountants Auditor,Accountants Auditor,Supervisor of Office and Administrative Support Workers,Supervisor of Office and Administrative Support Workers,Supervisor of Office and Administrative Support Workers,Supervisor of Office and Administrative Support Workers,Accountants Auditor
869,"Manager 1, Finance",manager 1 finance,manager 1 finance,manager finance,manager finance,finance manager,finance manager,113031,113031,411011,411011,113031,113031,0.152328222600795,0.152328222600795,0.22557078928923693,0.22557078928923693,0.5,0.5,True,True,False,False,True,True,True,True,False,False,True,True,True,True,False,False,True,True,Financial Manager,Financial Manager,Supervisor of Retail Sales Worker,Supervisor of Retail Sales Worker,Financial Manager,Financial Manager,Financial Manager
870,Accountant,accountant,accountant,accountant,accountant,accountant,accountant,132011,132011,132011,132011,132011,132011,0.9669093315684977,0.9669093315684977,0.9948859600662932,0.9948859600662932,0.9948859600662932,0.9948859600662932,True,True,True,True,True,True,True,True,True,True,True,True,True,True,True,True,True,True,Accountants Auditor,Accountants Auditor,Accountants Auditor,Accountants Auditor,Accountants Auditor,Accountants Auditor,Accountants Auditor
871,Sales & Use Tax Accountant,sales  use tax accountant,sales  use tax accountant,sales use tax accountant,sales use tax accountant,sales use tax accountant,sales use tax accountant,132011,132011,132011,132011,132011,132011,1.0,1.0,1.0,1.0,1.0,1.0,True,True,True,True,True,True,True,True,True,True,True,True,True,True,True,True,True,True,Accountants Auditor,Accountants Auditor,Accountants Auditor,Accountants Auditor,Accountants Auditor,Accountants Auditor,Accountants Auditor
872,Accountant - Express Scripts,accountant,accountant,accountant express scripts,accountant express scripts,express scripts accountant,express scripts accountant,132011,132011,132011,132011,132011,132011,0.9669093315684977,0.9669093315684977,0.9948859600662932,0.9948859600662932,0.9948859600662932,0.9948859600662932,True,True,True,True,True,True,True,True,True,True,True,True,True,True,True,True,True,True,Accountants Auditor,Accountants Auditor,Accountants Auditor,Accountants Auditor,Accountants Auditor,Accountants Auditor,Accountants Auditor
873,Finance Manager,finance manager,finance manager,finance manager,finance manager,finance manager,finance manager,113031,113031,113031,113031,113031,113031,1.0,1.0,0.5,0.5,0.5,0.5,True,True,True,True,True,True,True,True,True,True,True,True,True,True,True,True,True,True,Financial Manager,Financial Manager,Financial Manager,Financial Manager,Financial Manager,Financial Manager,Financial Manager
874,"Manager, External Financial Reporting",manager external financial reporting,manager external financial reporting,manager external financial reporting,manager external financial reporting,external financial reporting manager,external financial reporting manager,132011,132011,411011,411011,113031,113031,0.654054054054054,0.654054054054054,0.22557078928923693,0.22557078928923693,1.0,1.0,False,False,False,False,True,True,False,False,False,False,True,True,False,False,False,False,True,True,Accountants Auditor,Accountants Auditor,Supervisor of Retail Sales Worker,Supervisor of Retail Sales Worker,Financial Manager,Financial Manager,Financial Manager
875,"Staff Accountant, ComEd
",staff accountant comed,staff accountant comed,staff accountant comed,staff accountant comed,staff accountant comed,staff accountant comed,132011,132011,132011,132011,132011,132011,1.0,1.0,0.998042443386573,0.998042443386573,0.998042443386573,0.998042443386573,True,True,True,True,True,True,True,True,True,True,True,True,True,True,True,True,True,True,Accountants Auditor,Accountants Auditor,Accountants Auditor,Accountants Auditor,Accountants Auditor,Accountants Auditor,Accountants Auditor
876,Portfolio Accountant,portfolio accountant,portfolio accountant,portfolio accountant,portfolio accountant,portfolio accountant,portfolio accountant,132011,132011,132011,132011,132011,132011,0.8732815301852958,0.8732815301852958,1.0,1.0,1.0,1.0,True,True,True,True,True,True,True,True,True,True,True,True,True,True,True,True,True,True,Accountants Auditor,Accountants Auditor,Accountants Auditor,Accountants Auditor,Accountants Auditor,Accountants Auditor,Accountants Auditor
877,Accountant I,accountant i,accountant i,accountant,accountant,accountant,accountant,132011,132011,132011,132011,132011,132011,0.9669093315684977,0.9669093315684977,0.9948859600662932,0.9948859600662932,0.9948859600662932,0.9948859600662932,True,True,True,True,True,True,True,True,True,True,True,True,True,True,True,True,True,True,Accountants Auditor,Accountants Auditor,Accountants Auditor,Accountants Auditor,Accountants Auditor,Accountants Auditor,Accountants Auditor
878,Finance Manager - Controls & SOX Compliance,finance manager,finance manager,finance manager,finance manager,finance manager,finance manager,113031,113031,113031,113031,113031,113031,1.0,1.0,0.5,0.5,0.5,0.5,True,True,True,True,True,True,True,True,True,True,True,True,True,True,True,True,True,True,Financial Manager,Financial Manager,Financial Manager,Financial Manager,Financial Manager,Financial Manager,Financial Manager
879,"Internal Auditor, GRC",internal auditor grc,internal auditor grc,internal auditor grc,internal auditor grc,internal auditor grc,internal auditor grc,132011,132011,132011,132011,132011,132011,0.9591503267973857,0.9591503267973857,0.9913095002962671,0.9913095002962671,0.9913095002962671,0.9913095002962671,True,True,True,True,True,True,True,True,True,True,True,True,True,True,True,True,True,True,Accountants Auditor,Accountants Auditor,Accountants Auditor,Accountants Auditor,Accountants Auditor,Accountants Auditor,Accountants Auditor
880,Accounting Clerk - Tax Department,accounting clerk,accounting clerk,accounting clerk,accounting clerk,accounting clerk,accounting clerk,433031,433031,433031,433031,433031,433031,0.983277591973244,0.983277591973244,0.9929512461189897,0.9929512461189897,0.9929512461189897,0.9929512461189897,True,True,True,True,True,True,True,True,True,True,True,True,True,True,True,True,True,True,Bookkeeping/Accounting/Auditing Clerk,Bookkeeping/Accounting/Auditing Clerk,Bookkeeping/Accounting/Auditing Clerk,Bookkeeping/Accounting/Auditing Clerk,Bookkeeping/Accounting/Auditing Clerk,Bookkeeping/Accounting/Auditing Clerk,Bookkeeping/Accounting/Auditing Clerk
881,Finance Manager – Telecommute,finance manager  telecommute,finance manager  telecommute,finance manager,finance manager,finance manager,finance manager,113031,113031,113031,113031,113031,113031,1.0,1.0,0.5,0.5,0.5,0.5,True,True,True,True,True,True,True,True,True,True,True,True,True,True,True,True,True,True,Financial Manager,Financial Manager,Financial Manager,Financial Manager,Financial Manager,Financial Manager,Financial Manager
882,"Accounts Receivable Clerk – Tampa, FL
",accounts receivable clerk  tampa fl,accounts receivable clerk  tampa fl,accounts receivable clerk,accounts receivable clerk,accounts receivable clerk,accounts receivable clerk,433031,433031,433031,433031,433031,433031,0.6666666666666667,0.6666666666666667,0.6697385180190305,0.6697385180190305,0.6697385180190305,0.6697385180190305,True,True,True,True,True,True,True,True,True,True,True,True,True,True,True,True,True,True,Bookkeeping/Accounting/Auditing Clerk,Bookkeeping/Accounting/Auditing Clerk,Bookkeeping/Accounting/Auditing Clerk,Bookkeeping/Accounting/Auditing Clerk,Bookkeeping/Accounting/Auditing Clerk,Bookkeeping/Accounting/Auditing Clerk,Bookkeeping/Accounting/Auditing Clerk
883,Finance Manager,finance manager,finance manager,finance manager,finance manager,finance manager,finance manager,113031,113031,113031,113031,113031,113031,1.0,1.0,0.5,0.5,0.5,0.5,True,True,True,True,True,True,True,True,True,True,True,True,True,True,True,True,True,True,Financial Manager,Financial Manager,Financial Manager,Financial Manager,Financial Manager,Financial Manager,Financial Manager
884,Financial Management,financial management,financial management,financial management,financial management,financial management,financial management,152041,152041,,,,,1.0,1.0,,,,,False,False,False,False,False,False,False,False,False,False,False,False,False,False,False,False,False,False,Statistician,Statistician,unknown,unknown,unknown,unknown,Financial Manager
885,"Finance Manager, Server Fleet Operations",finance manager server fleet operations,finance manager server fleet operations,finance manager server fleet operations,finance manager server fleet operations,finance manager server fleet operations,finance manager server fleet operations,113031,113031,113031,113031,113031,113031,1.0,1.0,0.5,0.5,0.5,0.5,True,True,True,True,True,True,True,True,True,True,True,True,True,True,True,True,True,True,Financial Manager,Financial Manager,Financial Manager,Financial Manager,Financial Manager,Financial Manager,Financial Manager
886,Finance Manager,finance manager,finance manager,finance manager,finance manager,finance manager,finance manager,113031,113031,113031,113031,113031,113031,1.0,1.0,0.5,0.5,0.5,0.5,True,True,True,True,True,True,True,True,True,True,True,True,True,True,True,True,True,True,Financial Manager,Financial Manager,Financial Manager,Financial Manager,Financial Manager,Financial Manager,Financial Manager
887,Accounts Receivable Associate,accounts receivable associate,accounts receivable associate,accounts receivable associate,accounts receivable associate,accounts receivable associate,accounts receivable associate,433031,433031,433031,433031,433031,433031,0.45454545454545453,0.45454545454545453,0.6708860759493671,0.6708860759493671,0.6708860759493671,0.6708860759493671,True,True,True,True,True,True,True,True,True,True,True,True,True,True,True,True,True,True,Bookkeeping/Accounting/Auditing Clerk,Bookkeeping/Accounting/Auditing Clerk,Bookkeeping/Accounting/Auditing Clerk,Bookkeeping/Accounting/Auditing Clerk,Bookkeeping/Accounting/Auditing Clerk,Bookkeeping/Accounting/Auditing Clerk,Bookkeeping/Accounting/Auditing Clerk
888,"Finance Manager, US Pharm Gross-to-Net
",finance manager us pharm gross to net,finance manager us pharm gross to net,finance manager us pharm gross,finance manager us pharm gross,finance manager us pharm gross,finance manager us pharm gross,113031,113031,113031,113031,113031,113031,1.0,1.0,0.5,0.5,0.5,0.5,True,True,True,True,True,True,True,True,True,True,True,True,True,True,True,True,True,True,Financial Manager,Financial Manager,Financial Manager,Financial Manager,Financial Manager,Financial Manager,Financial Manager
889,Finance Manager,finance manager,finance manager,finance manager,finance manager,finance manager,finance manager,113031,113031,113031,113031,113031,113031,1.0,1.0,0.5,0.5,0.5,0.5,True,True,True,True,True,True,True,True,True,True,True,True,True,True,True,True,True,True,Financial Manager,Financial Manager,Financial Manager,Financial Manager,Financial Manager,Financial Manager,Financial Manager
890,"Manager, Finance",manager finance,manager finance,manager finance,manager finance,finance manager,finance manager,113031,113031,411011,411011,113031,113031,1.0,1.0,0.22557078928923693,0.22557078928923693,0.5,0.5,True,True,False,False,True,True,True,True,False,False,True,True,True,True,False,False,True,True,Financial Manager,Financial Manager,Supervisor of Retail Sales Worker,Supervisor of Retail Sales Worker,Financial Manager,Financial Manager,Financial Manager
891,"Accounting Assistant- NAR
",accounting assistant  nar,accounting assistant  nar,accounting assistant,accounting assistant,accounting assistant,accounting assistant,433031,433031,433031,433031,433031,433031,0.823943661971831,0.823943661971831,0.9353471118177001,0.9353471118177001,0.9353471118177001,0.9353471118177001,True,True,True,True,True,True,True,True,True,True,True,True,True,True,True,True,True,True,Bookkeeping/Accounting/Auditing Clerk,Bookkeeping/Accounting/Auditing Clerk,Bookkeeping/Accounting/Auditing Clerk,Bookkeeping/Accounting/Auditing Clerk,Bookkeeping/Accounting/Auditing Clerk,Bookkeeping/Accounting/Auditing Clerk,Bookkeeping/Accounting/Auditing Clerk
892,"Financial Planning & Analysis Manager
",financial planning  analysis manager,financial planning  analysis manager,financial planning analysis manager,financial planning analysis manager,financial planning analysis manager,financial planning analysis manager,132011,132011,113031,113031,113031,113031,1.0,1.0,1.0,1.0,1.0,1.0,False,False,True,True,True,True,False,False,True,True,True,True,False,False,True,True,True,True,Accountants Auditor,Accountants Auditor,Financial Manager,Financial Manager,Financial Manager,Financial Manager,Financial Manager
893,Commercial Finance Manager,commercial finance manager,commercial finance manager,commercial finance manager,commercial finance manager,commercial finance manager,commercial finance manager,113031,113031,113031,113031,113031,113031,1.0,1.0,0.5,0.5,0.5,0.5,True,True,True,True,True,True,True,True,True,True,True,True,True,True,True,True,True,True,Financial Manager,Financial Manager,Financial Manager,Financial Manager,Financial Manager,Financial Manager,Financial Manager
894,Technical Accounting Specialist,technical accounting specialist,technical accounting specialist,technical accounting specialist,technical accounting specialist,technical accounting specialist,technical accounting specialist,433031,433031,433031,433031,433031,433031,0.5067178502879078,0.5067178502879078,0.45508100147275404,0.45508100147275404,0.45508100147275404,0.45508100147275404,True,True,True,True,True,True,True,True,True,True,True,True,True,True,True,True,True,True,Bookkeeping/Accounting/Auditing Clerk,Bookkeeping/Accounting/Auditing Clerk,Bookkeeping/Accounting/Auditing Clerk,Bookkeeping/Accounting/Auditing Clerk,Bookkeeping/Accounting/Auditing Clerk,Bookkeeping/Accounting/Auditing Clerk,Bookkeeping/Accounting/Auditing Clerk
895,"PGIM Finance - Manager, Planning & Analysis
",pgim finance,pgim finance,pgim finance,pgim finance,pgim finance,pgim finance,113031,113031,,,,,0.4245379876796715,0.4245379876796715,,,,,True,True,False,False,False,False,True,True,False,False,False,False,True,True,False,False,False,False,Financial Manager,Financial Manager,unknown,unknown,unknown,unknown,Financial Manager
896,"Finance Manager, Chrome Browser",finance manager chrome browser,finance manager chrome browser,finance manager chrome browser,finance manager chrome browser,finance manager chrome browser,finance manager chrome browser,113031,113031,113031,113031,113031,113031,1.0,1.0,0.5,0.5,0.5,0.5,True,True,True,True,True,True,True,True,True,True,True,True,True,True,True,True,True,True,Financial Manager,Financial Manager,Financial Manager,Financial Manager,Financial Manager,Financial Manager,Financial Manager
897,"Billing Specialist, gCare
",billing specialist gcare,billing specialist gcare,billing specialist gcare,billing specialist gcare,billing specialist gcare,billing specialist gcare,433021,433021,433021,433021,433021,433021,1.0,1.0,0.8022237196765499,0.8022237196765499,0.8022237196765499,0.8022237196765499,False,False,False,False,False,False,True,True,True,True,True,True,True,True,True,True,True,True,Billing/Posting Clerk,Billing/Posting Clerk,Billing/Posting Clerk,Billing/Posting Clerk,Billing/Posting Clerk,Billing/Posting Clerk,Bookkeeping/Accounting/Auditing Clerk
898,Corporate Finance Manager,corporate finance manager,corporate finance manager,corporate finance manager,corporate finance manager,corporate finance manager,corporate finance manager,113031,113031,113031,113031,113031,113031,1.0,1.0,0.5,0.5,0.5,0.5,True,True,True,True,True,True,True,True,True,True,True,True,True,True,True,True,True,True,Financial Manager,Financial Manager,Financial Manager,Financial Manager,Financial Manager,Financial Manager,Financial Manager
899,ACCOUNTS PAYABLE SPECIALIST,accounts payable specialist,accounts payable specialist,accounts payable specialist,accounts payable specialist,accounts payable specialist,accounts payable specialist,433031,433031,433021,433021,433021,433021,1.0,1.0,0.9124310074964989,0.9124310074964989,0.9124310074964989,0.9124310074964989,True,True,False,False,False,False,True,True,True,True,True,True,True,True,True,True,True,True,Bookkeeping/Accounting/Auditing Clerk,Bookkeeping/Accounting/Auditing Clerk,Billing/Posting Clerk,Billing/Posting Clerk,Billing/Posting Clerk,Billing/Posting Clerk,Bookkeeping/Accounting/Auditing Clerk
900,Quant Finance Manager,quant finance manager,quant finance manager,quant finance manager,quant finance manager,quant finance manager,quant finance manager,113031,113031,113031,113031,113031,113031,1.0,1.0,0.5,0.5,0.5,0.5,True,True,True,True,True,True,True,True,True,True,True,True,True,True,True,True,True,True,Financial Manager,Financial Manager,Financial Manager,Financial Manager,Financial Manager,Financial Manager,Financial Manager
901,Sr Accounting Specialist,sr accounting specialist,sr accounting specialist,accounting specialist,accounting specialist,accounting specialist,accounting specialist,433031,433031,433031,433031,433031,433031,0.5067178502879078,0.5067178502879078,0.45508100147275404,0.45508100147275404,0.45508100147275404,0.45508100147275404,True,True,True,True,True,True,True,True,True,True,True,True,True,True,True,True,True,True,Bookkeeping/Accounting/Auditing Clerk,Bookkeeping/Accounting/Auditing Clerk,Bookkeeping/Accounting/Auditing Clerk,Bookkeeping/Accounting/Auditing Clerk,Bookkeeping/Accounting/Auditing Clerk,Bookkeeping/Accounting/Auditing Clerk,Bookkeeping/Accounting/Auditing Clerk
902,"M&A Finance, Sr Manager",ma finance sr manager,ma finance sr manager,m a finance manager,m a finance manager,m a finance manager,m a finance manager,113031,113031,113031,113031,113031,113031,0.152328222600795,0.152328222600795,0.5,0.5,0.5,0.5,True,True,True,True,True,True,True,True,True,True,True,True,True,True,True,True,True,True,Financial Manager,Financial Manager,Financial Manager,Financial Manager,Financial Manager,Financial Manager,Financial Manager
903,Finance Manager,finance manager,finance manager,finance manager,finance manager,finance manager,finance manager,113031,113031,113031,113031,113031,113031,1.0,1.0,0.5,0.5,0.5,0.5,True,True,True,True,True,True,True,True,True,True,True,True,True,True,True,True,True,True,Financial Manager,Financial Manager,Financial Manager,Financial Manager,Financial Manager,Financial Manager,Financial Manager
904,Primary Care Clinic Physician,primary care clinic physician,primary care clinic physician,primary care clinic physician,primary care clinic physician,primary care clinic physician,primary care clinic physician,291215,291215,291212,291212,291212,291212,0.3677811550151976,0.3677811550151976,0.12068965517241378,0.12068965517241378,0.12068965517241378,0.12068965517241378,True,True,False,False,False,False,True,True,True,True,True,True,True,True,True,True,True,True,Family Medicine Physician,Family Medicine Physician,Cardiologist,Cardiologist,Cardiologist,Cardiologist,Family Medicine Physician
905,Certified Nursing Assistant (CNA),certified nursing assistant,certified nursing assistant,certified nursing assistant,certified nursing assistant,certified nursing assistant,cna,311131,311131,311131,311131,311131,311131,0.9570537710318862,0.9570537710318862,0.9715808680909758,0.9715808680909758,0.9715808680909758,1.0,True,True,True,True,True,True,True,True,True,True,True,True,True,True,True,True,True,True,Nursing Assistant,Nursing Assistant,Nursing Assistant,Nursing Assistant,Nursing Assistant,Nursing Assistant,Nursing Assistant
906,RN - Hospice,rn,rn,rn hospice,rn hospice,rn hospice,rn hospice,291141,291141,291141,291141,291141,291141,0.9726519337016575,0.9726519337016575,1.0,1.0,1.0,1.0,True,True,True,True,True,True,True,True,True,True,True,True,True,True,True,True,True,True,Registered Nurse,Registered Nurse,Registered Nurse,Registered Nurse,Registered Nurse,Registered Nurse,Registered Nurse
907,Registered Nurse (RN) - Medical Surgical/ICU (Full Time)(Days),registered nurse,registered nurse,registered nurse,registered nurse,registered nurse,rn,291141,291141,291141,291141,291141,291141,0.9788642097861604,0.9788642097861604,0.999525435389143,0.999525435389143,0.999525435389143,1.0,True,True,True,True,True,True,True,True,True,True,True,True,True,True,True,True,True,True,Registered Nurse,Registered Nurse,Registered Nurse,Registered Nurse,Registered Nurse,Registered Nurse,Registered Nurse
908,RN,rn,rn,rn,rn,rn,rn,291141,291141,291141,291141,291141,291141,0.9726519337016575,0.9726519337016575,1.0,1.0,1.0,1.0,True,True,True,True,True,True,True,True,True,True,True,True,True,True,True,True,True,True,Registered Nurse,Registered Nurse,Registered Nurse,Registered Nurse,Registered Nurse,Registered Nurse,Registered Nurse
909,Registered Nursing Assistant-Spine,registered nursing assistant spine,registered nursing assistant spine,registered nursing assistant,registered nursing assistant,registered nursing assistant,registered nursing assistant,251072,251072,251072,251072,251072,251072,1.0,1.0,1.0,1.0,1.0,1.0,False,False,False,False,False,False,False,False,False,False,False,False,False,False,False,False,False,False,Nursing Instructor (Postsecondary),Nursing Instructor (Postsecondary),Nursing Instructor (Postsecondary),Nursing Instructor (Postsecondary),Nursing Instructor (Postsecondary),Nursing Instructor (Postsecondary),Nursing Assistant
910,Certified Nurse CNA/Patient Care Assistant PCA (Med Surg) 619,certified nurse cna patient care assistant pca  619,certified nurse cna patient care assistant pca  619,certified nurse cna patient care pca,certified nurse cna patient care pca,certified nurse cna patient care pca,certified nurse cna patient care pca,311131,311131,311131,311131,311131,311131,0.8344370860927153,0.8344370860927153,1.0,1.0,1.0,1.0,True,True,True,True,True,True,True,True,True,True,True,True,True,True,True,True,True,True,Nursing Assistant,Nursing Assistant,Nursing Assistant,Nursing Assistant,Nursing Assistant,Nursing Assistant,Nursing Assistant
911,MT or MLT (Laboratory Jefferson County) 622,mt or mlt  622,mt or mlt  622,mt or mlt,mt or mlt,mt or mlt,mt or mlt,292055,292055,292012,292012,292012,292012,0.5,0.5,1.0,1.0,1.0,1.0,False,False,True,True,True,True,True,True,True,True,True,True,True,True,True,True,True,True,Surgical Technologist,Surgical Technologist,Medical/Clinical Laboratory Technician,Medical/Clinical Laboratory Technician,Medical/Clinical Laboratory Technician,Medical/Clinical Laboratory Technician,Medical/Clinical Laboratory Technician
912,Home Health Aide (Homecare) 526,home health aide  526,home health aide  526,home health aide,home health aide,home health aide,home health aide,311121,311121,311121,311121,311121,311121,0.7843416370106762,0.7843416370106762,0.9677507651728171,0.9677507651728171,0.9677507651728171,0.9677507651728171,True,True,True,True,True,True,True,True,True,True,True,True,True,True,True,True,True,True,Home Health Aide,Home Health Aide,Home Health Aide,Home Health Aide,Home Health Aide,Home Health Aide,Home Health Aide
913,"APRN/PA - Ryan Family Care (Ryan, OK) 580",aprn pa,aprn pa,aprn pa ryan family care,aprn pa ryan family care,aprn pa ryan family care,aprn pa ryan family care,,,291071,291071,291071,291071,,,1.0,1.0,1.0,1.0,False,False,False,False,False,False,False,False,True,True,True,True,False,False,True,True,True,True,unknown,unknown,Physician Assistant,Physician Assistant,Physician Assistant,Physician Assistant,Nurse Practitioner
914,Staff RN,staff rn,staff rn,staff rn,staff rn,staff rn,staff rn,291141,291141,291141,291141,291141,291141,1.0,1.0,1.0,1.0,1.0,1.0,True,True,True,True,True,True,True,True,True,True,True,True,True,True,True,True,True,True,Registered Nurse,Registered Nurse,Registered Nurse,Registered Nurse,Registered Nurse,Registered Nurse,Registered Nurse
915,Nursing Assistant,nursing assistant,nursing assistant,nursing assistant,nursing assistant,nursing assistant,nursing assistant,311131,311131,311131,311131,311131,311131,0.9806201550387597,0.9806201550387597,0.975318738936566,0.975318738936566,0.975318738936566,0.975318738936566,True,True,True,True,True,True,True,True,True,True,True,True,True,True,True,True,True,True,Nursing Assistant,Nursing Assistant,Nursing Assistant,Nursing Assistant,Nursing Assistant,Nursing Assistant,Nursing Assistant
916,MED-SURG RN - (Primarily Nights),med surg rn,med surg rn,med surg rn,med surg rn,med surg rn,med surg rn,291141,291141,291141,291141,291141,291141,0.9410178338408004,0.9563855960635205,1.0,1.0,1.0,1.0,True,True,True,True,True,True,True,True,True,True,True,True,True,True,True,True,True,True,Registered Nurse,Registered Nurse,Registered Nurse,Registered Nurse,Registered Nurse,Registered Nurse,Registered Nurse
917,Comfort Care Certified Nursing Assistant (CNA),comfort care certified nursing assistant,comfort care certified nursing assistant,comfort care certified nursing assistant,comfort care certified nursing assistant,comfort care certified nursing assistant,cna,311131,311131,311131,311131,311131,311131,0.9570537710318862,0.9570537710318862,0.9715808680909758,0.9715808680909758,0.9715808680909758,1.0,True,True,True,True,True,True,True,True,True,True,True,True,True,True,True,True,True,True,Nursing Assistant,Nursing Assistant,Nursing Assistant,Nursing Assistant,Nursing Assistant,Nursing Assistant,Nursing Assistant
918,Critical Care Registered Nurse (RN),critical care registered nurse,critical care registered nurse,critical care registered nurse,critical care registered nurse,critical care registered nurse,rn,291141,291141,291141,291141,291141,291141,1.0,1.0,1.0,1.0,1.0,1.0,True,True,True,True,True,True,True,True,True,True,True,True,True,True,True,True,True,True,Registered Nurse,Registered Nurse,Registered Nurse,Registered Nurse,Registered Nurse,Registered Nurse,Registered Nurse
919,Patient Care Associate II,patient care associate ii,patient care associate ii,patient care associate,patient care associate,patient care associate,patient care associate,311131,311131,311132,311132,311132,311132,0.6770538243626063,0.6770538243626063,0.8755673222390318,0.8755673222390318,0.8755673222390318,0.8755673222390318,True,True,False,False,False,False,True,True,True,True,True,True,True,True,True,True,True,True,Nursing Assistant,Nursing Assistant,Orderly,Orderly,Orderly,Orderly,Nursing Assistant
920,Registered Nurse,registered nurse,registered nurse,registered nurse,registered nurse,registered nurse,registered nurse,291141,291141,291141,291141,291141,291141,0.9788642097861604,0.9788642097861604,0.999525435389143,0.999525435389143,0.999525435389143,0.999525435389143,True,True,True,True,True,True,True,True,True,True,True,True,True,True,True,True,True,True,Registered Nurse,Registered Nurse,Registered Nurse,Registered Nurse,Registered Nurse,Registered Nurse,Registered Nurse
921,CLA,cla,cla,cla,cla,cla,cla,,,,,,,,,,,,,False,False,False,False,False,False,False,False,False,False,False,False,False,False,False,False,False,False,unknown,unknown,unknown,unknown,unknown,unknown,Medical/Clinical Laboratory Technician
922,RN - VARIED UNITS: PRN,rn,rn,rn varied units,rn varied units,rn varied units,rn varied units,291141,291141,291141,291141,291141,291141,0.9726519337016575,0.9726519337016575,1.0,1.0,1.0,1.0,True,True,True,True,True,True,True,True,True,True,True,True,True,True,True,True,True,True,Registered Nurse,Registered Nurse,Registered Nurse,Registered Nurse,Registered Nurse,Registered Nurse,Registered Nurse
923,Registered Nurse RN PRN (7598),registered nurse rn prn,registered nurse rn prn,registered nurse rn prn,registered nurse rn prn,registered nurse rn prn,registered nurse rn prn,291141,291141,311132,311132,311132,311132,1.0,1.0,1.0,1.0,1.0,1.0,True,True,False,False,False,False,True,True,False,False,False,False,True,True,False,False,False,False,Registered Nurse,Registered Nurse,Orderly,Orderly,Orderly,Orderly,Registered Nurse
924,Certified Nursing Assitant CNA (7605),certified nursing assitant cna,certified nursing assitant cna,certified nursing assitant cna,certified nursing assitant cna,certified nursing assitant cna,certified nursing assitant cna,311131,311131,311131,311131,311131,311131,0.9601267205593182,0.9601267205593182,1.0,1.0,1.0,1.0,True,True,True,True,True,True,True,True,True,True,True,True,True,True,True,True,True,True,Nursing Assistant,Nursing Assistant,Nursing Assistant,Nursing Assistant,Nursing Assistant,Nursing Assistant,Nursing Assistant
925,Registered Nurse- Emergency,registered nurse  emergency,registered nurse  emergency,registered nurse,registered nurse,registered nurse,registered nurse,291141,291141,291141,291141,291141,291141,1.0,1.0,0.999525435389143,0.999525435389143,0.999525435389143,0.999525435389143,True,True,True,True,True,True,True,True,True,True,True,True,True,True,True,True,True,True,Registered Nurse,Registered Nurse,Registered Nurse,Registered Nurse,Registered Nurse,Registered Nurse,Registered Nurse
926,Patient Care Assistant-Med Surg,patient care assistant med surg,patient care assistant med surg,patient care assistant,patient care assistant,patient care assistant,patient care assistant,311131,311131,311131,311131,311131,311131,0.8344370860927153,0.8344370860927153,0.7565600882028666,0.7565600882028666,0.7565600882028666,0.7565600882028666,True,True,True,True,True,True,True,True,True,True,True,True,True,True,True,True,True,True,Nursing Assistant,Nursing Assistant,Nursing Assistant,Nursing Assistant,Nursing Assistant,Nursing Assistant,Nursing Assistant
927,Medical Technologist,medical technologist,medical technologist,medical technologist,medical technologist,medical technologist,medical technologist,292011,292011,292011,292011,292011,292011,0.954954954954955,0.954954954954955,0.9833265555103701,0.9833265555103701,0.9833265555103701,0.9833265555103701,True,True,True,True,True,True,True,True,True,True,True,True,True,True,True,True,True,True,Medical/Clinical Laboratory Technologist,Medical/Clinical Laboratory Technologist,Medical/Clinical Laboratory Technologist,Medical/Clinical Laboratory Technologist,Medical/Clinical Laboratory Technologist,Medical/Clinical Laboratory Technologist,Medical/Clinical Laboratory Technologist
928,RN FT Days Hamilton Primary Care Center Hamilton,rn ft days hamilton primary care center hamilton,rn ft days hamilton primary care center hamilton,rn ft days hamilton primary care center hamilton,rn ft days hamilton primary care center hamilton,rn ft days hamilton primary care center hamilton,rn ft days hamilton primary care center hamilton,291215,291215,291141,291141,291141,291141,0.3677811550151976,0.3677811550151976,1.0,1.0,1.0,1.0,False,False,True,True,True,True,True,True,True,True,True,True,True,True,True,True,True,True,Family Medicine Physician,Family Medicine Physician,Registered Nurse,Registered Nurse,Registered Nurse,Registered Nurse,Registered Nurse
929,Medical Technologist FT Variable Pathology Gilmore-Armory,medical technologist ft variable pathology gilmore armory,medical technologist ft variable pathology gilmore armory,medical technologist ft variable pathology gilmore,medical technologist ft variable pathology gilmore,medical technologist ft variable pathology gilmore,medical technologist ft variable pathology gilmore,292011,292011,292011,292011,292011,292011,0.954954954954955,0.954954954954955,0.9833265555103701,0.9833265555103701,0.9833265555103701,0.9833265555103701,True,True,True,True,True,True,True,True,True,True,True,True,True,True,True,True,True,True,Medical/Clinical Laboratory Technologist,Medical/Clinical Laboratory Technologist,Medical/Clinical Laboratory Technologist,Medical/Clinical Laboratory Technologist,Medical/Clinical Laboratory Technologist,Medical/Clinical Laboratory Technologist,Medical/Clinical Laboratory Technologist
930,"Certified Nursing Assistant, (PRN/varies)Nursing Home-Eupora",certified nursing assistant nursing home eupora,certified nursing assistant nursing home eupora,certified nursing assistant,certified nursing assistant,certified nursing assistant,certified nursing assistant,311131,311131,311131,311131,311131,311131,0.9570537710318862,0.9570537710318862,0.9715808680909758,0.9715808680909758,0.9715808680909758,0.9715808680909758,True,True,True,True,True,True,True,True,True,True,True,True,True,True,True,True,True,True,Nursing Assistant,Nursing Assistant,Nursing Assistant,Nursing Assistant,Nursing Assistant,Nursing Assistant,Nursing Assistant
931,Hospital Laboratory Technician II - Cytology Lab,hospital laboratory technician ii,hospital laboratory technician ii,hospital laboratory technician,hospital laboratory technician,hospital laboratory technician,hospital laboratory technician,519083,519083,292012,292012,292012,292012,1.0,1.0,1.0,1.0,1.0,1.0,False,False,True,True,True,True,False,False,True,True,True,True,False,False,True,True,True,True,Ophthalmic Laboratory Technician,Ophthalmic Laboratory Technician,Medical/Clinical Laboratory Technician,Medical/Clinical Laboratory Technician,Medical/Clinical Laboratory Technician,Medical/Clinical Laboratory Technician,Medical/Clinical Laboratory Technician
932,Lead Medical Technologist - Registered,lead medical technologist,lead medical technologist,medical technologist,medical technologist,medical technologist,medical technologist,292011,292011,292011,292011,292011,292011,0.954954954954955,0.954954954954955,0.9833265555103701,0.9833265555103701,0.9833265555103701,0.9833265555103701,True,True,True,True,True,True,True,True,True,True,True,True,True,True,True,True,True,True,Medical/Clinical Laboratory Technologist,Medical/Clinical Laboratory Technologist,Medical/Clinical Laboratory Technologist,Medical/Clinical Laboratory Technologist,Medical/Clinical Laboratory Technologist,Medical/Clinical Laboratory Technologist,Medical/Clinical Laboratory Technologist
933,Medical Laboratory Scientist/Cert/UKHC,medical laboratory scientist cert ukhc,medical laboratory scientist cert ukhc,medical laboratory scientist cert ukhc,medical laboratory scientist cert ukhc,medical laboratory scientist cert ukhc,medical laboratory scientist cert ukhc,191042,191042,191042,191042,191042,191042,1.0,1.0,1.0,1.0,1.0,1.0,True,True,True,True,True,True,True,True,True,True,True,True,True,True,True,True,True,True,Medical Scientist,Medical Scientist,Medical Scientist,Medical Scientist,Medical Scientist,Medical Scientist,Medical Scientist
934,Clinical Lab Assistant - Cell Manipulation Core Facility,clinical lab assistant,clinical lab assistant,clinical lab assistant,clinical lab assistant,clinical lab assistant,clinical lab assistant,292012,292012,319097,319097,319097,319097,0.5,0.5,0.4619332763045338,0.4619332763045338,0.4619332763045338,0.4619332763045338,True,True,False,False,False,False,True,True,False,False,False,False,True,True,False,False,False,False,Medical/Clinical Laboratory Technician,Medical/Clinical Laboratory Technician,Phlebotomist,Phlebotomist,Phlebotomist,Phlebotomist,Medical/Clinical Laboratory Technician
935,Medical Laboratory Scientist FT eve,medical laboratory scientist ft eve,medical laboratory scientist ft eve,medical laboratory scientist ft eve,medical laboratory scientist ft eve,medical laboratory scientist ft eve,medical laboratory scientist ft eve,191042,191042,191042,191042,191042,191042,1.0,1.0,1.0,1.0,1.0,1.0,True,True,True,True,True,True,True,True,True,True,True,True,True,True,True,True,True,True,Medical Scientist,Medical Scientist,Medical Scientist,Medical Scientist,Medical Scientist,Medical Scientist,Medical Scientist
936,Lab Assistant full time,lab assistant full time,lab assistant full time,lab full time,lab full time,lab full time,lab full time,194021,194021,,,,,1.0,1.0,,,,,False,False,False,False,False,False,False,False,False,False,False,False,False,False,False,False,False,False,Biological Technician,Biological Technician,unknown,unknown,unknown,unknown,Medical/Clinical Laboratory Technician
937,Medical Technologist,medical technologist,medical technologist,medical technologist,medical technologist,medical technologist,medical technologist,292011,292011,292011,292011,292011,292011,0.954954954954955,0.954954954954955,0.9833265555103701,0.9833265555103701,0.9833265555103701,0.9833265555103701,True,True,True,True,True,True,True,True,True,True,True,True,True,True,True,True,True,True,Medical/Clinical Laboratory Technologist,Medical/Clinical Laboratory Technologist,Medical/Clinical Laboratory Technologist,Medical/Clinical Laboratory Technologist,Medical/Clinical Laboratory Technologist,Medical/Clinical Laboratory Technologist,Medical/Clinical Laboratory Technologist
938,MEDICAL LAB TECHNICIAN,medical lab technician,medical lab technician,medical lab technician,medical lab technician,medical lab technician,medical lab technician,292012,292012,292012,292012,292012,292012,1.0,1.0,1.0,1.0,1.0,1.0,True,True,True,True,True,True,True,True,True,True,True,True,True,True,True,True,True,True,Medical/Clinical Laboratory Technician,Medical/Clinical Laboratory Technician,Medical/Clinical Laboratory Technician,Medical/Clinical Laboratory Technician,Medical/Clinical Laboratory Technician,Medical/Clinical Laboratory Technician,Medical/Clinical Laboratory Technician
939,"Medical Technologist, Lead FEATURED",medical technologist lead featured,medical technologist lead featured,medical technologist featured,medical technologist featured,medical technologist featured,medical technologist featured,292011,292011,292011,292011,292011,292011,0.954954954954955,0.954954954954955,0.9833265555103701,0.9833265555103701,0.9833265555103701,0.9833265555103701,True,True,True,True,True,True,True,True,True,True,True,True,True,True,True,True,True,True,Medical/Clinical Laboratory Technologist,Medical/Clinical Laboratory Technologist,Medical/Clinical Laboratory Technologist,Medical/Clinical Laboratory Technologist,Medical/Clinical Laboratory Technologist,Medical/Clinical Laboratory Technologist,Medical/Clinical Laboratory Technologist
940,Clinical Lab Scientist (MT/CLS),clinical lab scientist,clinical lab scientist,clinical lab scientist,clinical lab scientist,clinical lab scientist,clinical lab scientist,292012,292012,292012,292012,292012,292012,0.5,0.5,0.9513274336283186,0.9513274336283186,0.9513274336283186,0.9513274336283186,False,False,False,False,False,False,False,False,False,False,False,False,False,False,False,False,False,False,Medical/Clinical Laboratory Technician,Medical/Clinical Laboratory Technician,Medical/Clinical Laboratory Technician,Medical/Clinical Laboratory Technician,Medical/Clinical Laboratory Technician,Medical/Clinical Laboratory Technician,Medical Scientist
941,Clinical Laboratory Scientist,clinical laboratory scientist,clinical laboratory scientist,clinical laboratory scientist,clinical laboratory scientist,clinical laboratory scientist,clinical laboratory scientist,191042,191042,191042,191042,191042,191042,0.3071593533487298,0.3071593533487298,1.0,1.0,1.0,1.0,True,True,True,True,True,True,True,True,True,True,True,True,True,True,True,True,True,True,Medical Scientist,Medical Scientist,Medical Scientist,Medical Scientist,Medical Scientist,Medical Scientist,Medical Scientist
942,Lab Assistant,lab assistant,lab assistant,lab assistant,lab assistant,lab assistant,lab assistant,194021,194021,319097,319097,319097,319097,1.0,1.0,0.4619332763045338,0.4619332763045338,0.4619332763045338,0.4619332763045338,False,False,False,False,False,False,False,False,False,False,False,False,False,False,False,False,False,False,Biological Technician,Biological Technician,Phlebotomist,Phlebotomist,Phlebotomist,Phlebotomist,Medical/Clinical Laboratory Technician
943,Medical Laboratory Technician,medical laboratory technician,medical laboratory technician,medical laboratory technician,medical laboratory technician,medical laboratory technician,medical laboratory technician,292012,292012,292012,292012,292012,292012,1.0,1.0,0.9999999999999999,0.9999999999999999,0.9999999999999999,0.9999999999999999,True,True,True,True,True,True,True,True,True,True,True,True,True,True,True,True,True,True,Medical/Clinical Laboratory Technician,Medical/Clinical Laboratory Technician,Medical/Clinical Laboratory Technician,Medical/Clinical Laboratory Technician,Medical/Clinical Laboratory Technician,Medical/Clinical Laboratory Technician,Medical/Clinical Laboratory Technician
944,Medical Laboratory Technician $10000 sign on bonus,medical laboratory technician 10000 sign on bonus,medical laboratory technician 10000 sign on bonus,medical laboratory technician,medical laboratory technician,medical laboratory technician,medical laboratory technician,292012,292012,292012,292012,292012,292012,1.0,1.0,0.9999999999999999,0.9999999999999999,0.9999999999999999,0.9999999999999999,True,True,True,True,True,True,True,True,True,True,True,True,True,True,True,True,True,True,Medical/Clinical Laboratory Technician,Medical/Clinical Laboratory Technician,Medical/Clinical Laboratory Technician,Medical/Clinical Laboratory Technician,Medical/Clinical Laboratory Technician,Medical/Clinical Laboratory Technician,Medical/Clinical Laboratory Technician
945,Reg Medical Technologist - Clinical Lab - Toxicology - FT,reg medical technologist,reg medical technologist,reg medical technologist,reg medical technologist,reg medical technologist,reg medical technologist,292011,292011,292011,292011,292011,292011,0.954954954954955,0.954954954954955,1.0,1.0,1.0,1.0,True,True,True,True,True,True,True,True,True,True,True,True,True,True,True,True,True,True,Medical/Clinical Laboratory Technologist,Medical/Clinical Laboratory Technologist,Medical/Clinical Laboratory Technologist,Medical/Clinical Laboratory Technologist,Medical/Clinical Laboratory Technologist,Medical/Clinical Laboratory Technologist,Medical/Clinical Laboratory Technologist
946,"Medical Lab Assistant (Non-Certified) - Georgetown Memorial Hospital (Georgetown, SC)",medical lab assistant,medical lab assistant,medical lab assistant,medical lab assistant,medical lab assistant,medical lab assistant,194021,194021,292012,292012,292012,292012,0.5,0.5,0.5816326530612245,0.5816326530612245,0.5816326530612245,0.5816326530612245,False,False,True,True,True,True,False,False,True,True,True,True,False,False,True,True,True,True,Biological Technician,Biological Technician,Medical/Clinical Laboratory Technician,Medical/Clinical Laboratory Technician,Medical/Clinical Laboratory Technician,Medical/Clinical Laboratory Technician,Medical/Clinical Laboratory Technician
947,Medical Laboratory Technician,medical laboratory technician,medical laboratory technician,medical laboratory technician,medical laboratory technician,medical laboratory technician,medical laboratory technician,292012,292012,292012,292012,292012,292012,1.0,1.0,0.9999999999999999,0.9999999999999999,0.9999999999999999,0.9999999999999999,True,True,True,True,True,True,True,True,True,True,True,True,True,True,True,True,True,True,Medical/Clinical Laboratory Technician,Medical/Clinical Laboratory Technician,Medical/Clinical Laboratory Technician,Medical/Clinical Laboratory Technician,Medical/Clinical Laboratory Technician,Medical/Clinical Laboratory Technician,Medical/Clinical Laboratory Technician
948,Medical Technologist $10000 sign on,medical technologist 10000 sign on,medical technologist 10000 sign on,medical technologist,medical technologist,medical technologist,medical technologist,292011,292011,292011,292011,292011,292011,0.954954954954955,0.954954954954955,0.9833265555103701,0.9833265555103701,0.9833265555103701,0.9833265555103701,True,True,True,True,True,True,True,True,True,True,True,True,True,True,True,True,True,True,Medical/Clinical Laboratory Technologist,Medical/Clinical Laboratory Technologist,Medical/Clinical Laboratory Technologist,Medical/Clinical Laboratory Technologist,Medical/Clinical Laboratory Technologist,Medical/Clinical Laboratory Technologist,Medical/Clinical Laboratory Technologist
949,Clinical Lab Scientist - LGMC Lab - Full Time,clinical lab scientist,clinical lab scientist,clinical lab scientist,clinical lab scientist,clinical lab scientist,clinical lab scientist,292012,292012,292012,292012,292012,292012,0.5,0.5,0.9513274336283186,0.9513274336283186,0.9513274336283186,0.9513274336283186,False,False,False,False,False,False,False,False,False,False,False,False,False,False,False,False,False,False,Medical/Clinical Laboratory Technician,Medical/Clinical Laboratory Technician,Medical/Clinical Laboratory Technician,Medical/Clinical Laboratory Technician,Medical/Clinical Laboratory Technician,Medical/Clinical Laboratory Technician,Medical Scientist
950,Medical Technologist - Flex - Carilion Childrens - Tanglewood,medical technologist,medical technologist,medical technologist,medical technologist,medical technologist,medical technologist,292011,292011,292011,292011,292011,292011,0.954954954954955,0.954954954954955,0.9833265555103701,0.9833265555103701,0.9833265555103701,0.9833265555103701,True,True,True,True,True,True,True,True,True,True,True,True,True,True,True,True,True,True,Medical/Clinical Laboratory Technologist,Medical/Clinical Laboratory Technologist,Medical/Clinical Laboratory Technologist,Medical/Clinical Laboratory Technologist,Medical/Clinical Laboratory Technologist,Medical/Clinical Laboratory Technologist,Medical/Clinical Laboratory Technologist
951,"Scientist, Breast Cancer Genomics",scientist breast cancer genomics,scientist breast cancer genomics,scientist breast cancer genomics,scientist breast cancer genomics,breast cancer genomics scientist,breast cancer genomics scientist,191042,191042,191042,191042,191029,191029,0.16605934409161893,0.16297160637884092,0.34109867751780265,0.34109867751780265,1.0,1.0,True,True,True,True,False,False,True,True,True,True,True,True,True,True,True,True,True,True,Medical Scientist,Medical Scientist,Medical Scientist,Medical Scientist,Biological Scientist,Biological Scientist,Medical Scientist
952,Clinical Lab Technologist - 1st shift,clinical lab technologist,clinical lab technologist,clinical lab technologist,clinical lab technologist,clinical lab technologist,clinical lab technologist,292011,292011,292011,292011,292011,292011,1.0,1.0,1.0,1.0,1.0,1.0,True,True,True,True,True,True,True,True,True,True,True,True,True,True,True,True,True,True,Medical/Clinical Laboratory Technologist,Medical/Clinical Laboratory Technologist,Medical/Clinical Laboratory Technologist,Medical/Clinical Laboratory Technologist,Medical/Clinical Laboratory Technologist,Medical/Clinical Laboratory Technologist,Medical/Clinical Laboratory Technologist
953,Medical Tech (Full-Time),medical tech,medical tech,medical tech,medical tech,medical tech,medical tech,319092,319092,292036,292036,292036,292036,0.20578340848901294,0.20578340848901294,0.3333333333333333,0.3333333333333333,0.3333333333333333,0.3333333333333333,False,False,False,False,False,False,False,False,True,True,True,True,False,False,True,True,True,True,Medical Assistant,Medical Assistant,Medical Dosimetrist,Medical Dosimetrist,Medical Dosimetrist,Medical Dosimetrist,Medical/Clinical Laboratory Technologist
954,Family Practice Physician/Family Practice Physician with OB,family practice physician family practice physician with ob,family practice physician family practice physician with ob,family practice physician family practice physician with ob,family practice physician family practice physician with ob,family practice physician family practice physician with ob,family practice physician family practice physician with ob,291215,291215,291215,291215,291215,291215,0.5,0.5,1.0,1.0,1.0,1.0,True,True,True,True,True,True,True,True,True,True,True,True,True,True,True,True,True,True,Family Medicine Physician,Family Medicine Physician,Family Medicine Physician,Family Medicine Physician,Family Medicine Physician,Family Medicine Physician,Family Medicine Physician
955,Nurse Practitioner/Physician Assistant Hospitalist (Per Diem),nurse practitioner physician assistant hospitalist,nurse practitioner physician assistant hospitalist,nurse practitioner physician hospitalist,nurse practitioner physician hospitalist,nurse practitioner physician hospitalist,nurse practitioner physician hospitalist,291071,291071,291212,291212,291212,291212,1.0,1.0,0.125,0.125,0.125,0.125,False,False,False,False,False,False,True,True,True,True,True,True,True,True,True,True,True,True,Physician Assistant,Physician Assistant,Cardiologist,Cardiologist,Cardiologist,Cardiologist,Nurse Practitioner
956,Physician - Venice Family Clinic,physician,physician,physician venice family clinic,physician venice family clinic,venice family clinic physician,venice family clinic physician,291071,291071,291212,291212,291212,291212,0.28119507908611596,0.28119507908611596,0.11040794469866615,0.11040794469866615,0.12068965517241378,0.12068965517241378,False,False,False,False,False,False,True,True,True,True,True,True,True,True,True,True,True,True,Physician Assistant,Physician Assistant,Cardiologist,Cardiologist,Cardiologist,Cardiologist,Family Medicine Physician
957,Nurse Practicioner/Physician Assistant,nurse practicioner physician assistant,nurse practicioner physician assistant,nurse practicioner physician assistant,nurse practicioner physician assistant,nurse practicioner physician assistant,nurse practicioner physician assistant,291071,291071,291071,291071,291071,291071,1.0,1.0,0.9591197703748804,0.9591197703748804,0.9591197703748804,0.9591197703748804,False,False,False,False,False,False,True,True,True,True,True,True,True,True,True,True,True,True,Physician Assistant,Physician Assistant,Physician Assistant,Physician Assistant,Physician Assistant,Physician Assistant,Nurse Practitioner
958,Nurse Practitioner - Specialty Practice - Hospitalist,nurse practitioner,nurse practitioner,nurse practitioner,nurse practitioner,nurse practitioner,nurse practitioner,291171,291171,291171,291171,291171,291171,0.891304347826087,0.891304347826087,0.6706989755415265,0.6706989755415265,0.6706989755415265,0.6706989755415265,True,True,True,True,True,True,True,True,True,True,True,True,True,True,True,True,True,True,Nurse Practitioner,Nurse Practitioner,Nurse Practitioner,Nurse Practitioner,Nurse Practitioner,Nurse Practitioner,Nurse Practitioner
959,Nurse Practitioner - Neurosurgery,nurse practitioner,nurse practitioner,nurse practitioner,nurse practitioner,nurse practitioner,nurse practitioner,291171,291171,291171,291171,291171,291171,0.891304347826087,0.891304347826087,0.6706989755415265,0.6706989755415265,0.6706989755415265,0.6706989755415265,True,True,True,True,True,True,True,True,True,True,True,True,True,True,True,True,True,True,Nurse Practitioner,Nurse Practitioner,Nurse Practitioner,Nurse Practitioner,Nurse Practitioner,Nurse Practitioner,Nurse Practitioner
960,Physician - Family Medicine (Elmwood Primary Care),physician,physician,physician family medicine,physician family medicine,physician family medicine,physician family medicine,291071,291071,291215,291215,291215,291215,0.28119507908611596,0.28119507908611596,1.0,1.0,1.0,1.0,False,False,True,True,True,True,True,True,True,True,True,True,True,True,True,True,True,True,Physician Assistant,Physician Assistant,Family Medicine Physician,Family Medicine Physician,Family Medicine Physician,Family Medicine Physician,Family Medicine Physician
961,Physician - Family Medicine Clinic - Part Time,physician,physician,physician family medicine clinic,physician family medicine clinic,family medicine clinic physician,family medicine clinic physician,291071,291071,291215,291215,291212,291212,0.28119507908611596,0.28119507908611596,1.0,1.0,0.12068965517241378,0.12068965517241378,False,False,True,True,False,False,True,True,True,True,True,True,True,True,True,True,True,True,Physician Assistant,Physician Assistant,Family Medicine Physician,Family Medicine Physician,Cardiologist,Cardiologist,Family Medicine Physician
962,Nurse Practitioner - Family Medicine Clinic,nurse practitioner,nurse practitioner,nurse practitioner,nurse practitioner,nurse practitioner,nurse practitioner,291171,291171,291171,291171,291171,291171,0.891304347826087,0.891304347826087,0.6706989755415265,0.6706989755415265,0.6706989755415265,0.6706989755415265,True,True,True,True,True,True,True,True,True,True,True,True,True,True,True,True,True,True,Nurse Practitioner,Nurse Practitioner,Nurse Practitioner,Nurse Practitioner,Nurse Practitioner,Nurse Practitioner,Nurse Practitioner
963,Nurse Practitioner - Augusta Family Medicine,nurse practitioner,nurse practitioner,nurse practitioner,nurse practitioner,nurse practitioner,nurse practitioner,291171,291171,291171,291171,291171,291171,0.891304347826087,0.891304347826087,0.6706989755415265,0.6706989755415265,0.6706989755415265,0.6706989755415265,True,True,True,True,True,True,True,True,True,True,True,True,True,True,True,True,True,True,Nurse Practitioner,Nurse Practitioner,Nurse Practitioner,Nurse Practitioner,Nurse Practitioner,Nurse Practitioner,Nurse Practitioner
964,Nursing Assistant - CRMH Palliative Care (FT - BONUS ELIGIBLE),nursing assistant,nursing assistant,nursing assistant,nursing assistant,nursing assistant,nursing assistant,311131,311131,311131,311131,311131,311131,0.9806201550387597,0.9806201550387597,0.975318738936566,0.975318738936566,0.975318738936566,0.975318738936566,True,True,True,True,True,True,True,True,True,True,True,True,True,True,True,True,True,True,Nursing Assistant,Nursing Assistant,Nursing Assistant,Nursing Assistant,Nursing Assistant,Nursing Assistant,Nursing Assistant
965,"Health Care Technician, Med/Surg (FT Days)",health care technician med surg,health care technician med surg,health care technician med surg,health care technician med surg,health care technician med surg,health care technician med surg,292053,292053,292053,292053,292053,292053,1.0,1.0,1.0,1.0,1.0,1.0,False,False,False,False,False,False,False,False,False,False,False,False,False,False,False,False,False,False,Psychiatric Technician,Psychiatric Technician,Psychiatric Technician,Psychiatric Technician,Psychiatric Technician,Psychiatric Technician,Nursing Assistant
966,CNA - Rehab,cna,cna,cna rehab,cna rehab,cna rehab,cna rehab,311131,311131,311131,311131,311131,311131,0.9517167381974249,0.9517167381974249,1.0,1.0,1.0,1.0,True,True,True,True,True,True,True,True,True,True,True,True,True,True,True,True,True,True,Nursing Assistant,Nursing Assistant,Nursing Assistant,Nursing Assistant,Nursing Assistant,Nursing Assistant,Nursing Assistant
967,Registered Nurse (RN) - Cardiology - Rockport,registered nurse,registered nurse,registered nurse,registered nurse,registered nurse,rn,291141,291141,291141,291141,291141,291141,0.9788642097861604,0.9788642097861604,0.999525435389143,0.999525435389143,0.999525435389143,1.0,True,True,True,True,True,True,True,True,True,True,True,True,True,True,True,True,True,True,Registered Nurse,Registered Nurse,Registered Nurse,Registered Nurse,Registered Nurse,Registered Nurse,Registered Nurse
968,Certified Nursing Assistant (CNA) - Medical/Surgical,certified nursing assistant,certified nursing assistant,certified nursing assistant,certified nursing assistant,certified nursing assistant,cna,311131,311131,311131,311131,311131,311131,0.9570537710318862,0.9570537710318862,0.9715808680909758,0.9715808680909758,0.9715808680909758,1.0,True,True,True,True,True,True,True,True,True,True,True,True,True,True,True,True,True,True,Nursing Assistant,Nursing Assistant,Nursing Assistant,Nursing Assistant,Nursing Assistant,Nursing Assistant,Nursing Assistant
969,Villa - CNA,villa,villa,villa cna,villa cna,villa cna,villa cna,,,311131,311131,311131,311131,,,1.0,1.0,1.0,1.0,False,False,True,True,True,True,False,False,True,True,True,True,False,False,True,True,True,True,unknown,unknown,Nursing Assistant,Nursing Assistant,Nursing Assistant,Nursing Assistant,Nursing Assistant
970,Unit/Patient Support Assistant (CNA),unit patient support assistant,unit patient support assistant,unit patient support assistant,unit patient support assistant,unit patient support assistant,cna,411011,411011,311132,311132,311132,311131,0.23268426217654045,0.3121048894123352,1.0,1.0,1.0,1.0,False,False,False,False,False,True,False,False,True,True,True,True,False,False,True,True,True,True,Supervisor of Retail Sales Worker,Supervisor of Retail Sales Worker,Orderly,Orderly,Orderly,Nursing Assistant,Nursing Assistant
971,CNA I or CNA II,cna i or cna ii,cna i or cna ii,cna or cna,cna or cna,cna or cna,cna or cna,311131,311131,311131,311131,311131,311131,0.9391212281630493,0.9391212281630493,1.0,1.0,1.0,1.0,True,True,True,True,True,True,True,True,True,True,True,True,True,True,True,True,True,True,Nursing Assistant,Nursing Assistant,Nursing Assistant,Nursing Assistant,Nursing Assistant,Nursing Assistant,Nursing Assistant
972,Certified Nursing Assistant / Health Unit Coordinator INTERNAL,certified nursing assistant   health unit coordinator internal,certified nursing assistant   health unit coordinator internal,certified nursing health unit coordinator internal,certified nursing health unit coordinator internal,certified nursing health unit coordinator internal,certified nursing health unit coordinator internal,311131,311131,113012,113012,113012,113012,0.9229547259729944,0.9570537710318862,0.5,0.5,0.5,0.5,True,True,False,False,False,False,True,True,False,False,False,False,True,True,False,False,False,False,Nursing Assistant,Nursing Assistant,Administrative Services Manager,Administrative Services Manager,Administrative Services Manager,Administrative Services Manager,Nursing Assistant
973,CNA I or CNA II,cna i or cna ii,cna i or cna ii,cna or cna,cna or cna,cna or cna,cna or cna,311131,311131,311131,311131,311131,311131,0.9391212281630493,0.9391212281630493,1.0,1.0,1.0,1.0,True,True,True,True,True,True,True,True,True,True,True,True,True,True,True,True,True,True,Nursing Assistant,Nursing Assistant,Nursing Assistant,Nursing Assistant,Nursing Assistant,Nursing Assistant,Nursing Assistant
974,Lab Technologist- Harold Alfond Center for Cancer Care,lab technologist  harold alfond center for cancer care,lab technologist  harold alfond center for cancer care,lab technologist,lab technologist,lab technologist,lab technologist,292034,292034,292031,292031,292031,292031,0.20907329673877945,0.14739358069656272,0.6171875,0.6171875,0.6171875,0.6171875,False,False,False,False,False,False,True,True,True,True,True,True,True,True,True,True,True,True,Radiologic Technologist/Technician,Radiologic Technologist/Technician,Cardiovascular Technologist/Technician,Cardiovascular Technologist/Technician,Cardiovascular Technologist/Technician,Cardiovascular Technologist/Technician,Medical/Clinical Laboratory Technologist
975,Medical Technologist,medical technologist,medical technologist,medical technologist,medical technologist,medical technologist,medical technologist,292011,292011,292011,292011,292011,292011,0.954954954954955,0.954954954954955,0.9833265555103701,0.9833265555103701,0.9833265555103701,0.9833265555103701,True,True,True,True,True,True,True,True,True,True,True,True,True,True,True,True,True,True,Medical/Clinical Laboratory Technologist,Medical/Clinical Laboratory Technologist,Medical/Clinical Laboratory Technologist,Medical/Clinical Laboratory Technologist,Medical/Clinical Laboratory Technologist,Medical/Clinical Laboratory Technologist,Medical/Clinical Laboratory Technologist
976,"Family Nurse Practitioner - Cherry Hill, NJ Area Locations",family nurse practitioner,family nurse practitioner,family nurse practitioner,family nurse practitioner,family nurse practitioner,family nurse practitioner,291171,291171,291171,291171,291171,291171,1.0,1.0,1.0,1.0,1.0,1.0,True,True,True,True,True,True,True,True,True,True,True,True,True,True,True,True,True,True,Nurse Practitioner,Nurse Practitioner,Nurse Practitioner,Nurse Practitioner,Nurse Practitioner,Nurse Practitioner,Nurse Practitioner
977,Nurse Practitioner - Primary Care Northern Tier Float,nurse practitioner,nurse practitioner,nurse practitioner,nurse practitioner,nurse practitioner,nurse practitioner,291171,291171,291171,291171,291171,291171,0.891304347826087,0.891304347826087,0.6706989755415265,0.6706989755415265,0.6706989755415265,0.6706989755415265,True,True,True,True,True,True,True,True,True,True,True,True,True,True,True,True,True,True,Nurse Practitioner,Nurse Practitioner,Nurse Practitioner,Nurse Practitioner,Nurse Practitioner,Nurse Practitioner,Nurse Practitioner
978,Registered Nurse Practitioner,registered nurse practitioner,registered nurse practitioner,registered nurse practitioner,registered nurse practitioner,registered nurse practitioner,registered nurse practitioner,291141,291141,291141,291141,291141,291141,0.9788642097861604,0.9788642097861604,0.711484593837535,0.711484593837535,0.711484593837535,0.711484593837535,False,False,False,False,False,False,True,True,True,True,True,True,True,True,True,True,True,True,Registered Nurse,Registered Nurse,Registered Nurse,Registered Nurse,Registered Nurse,Registered Nurse,Nurse Practitioner
979,Registered Nurse (RN),registered nurse,registered nurse,registered nurse,registered nurse,registered nurse,rn,291141,291141,291141,291141,291141,291141,0.9788642097861604,0.9788642097861604,0.999525435389143,0.999525435389143,0.999525435389143,1.0,True,True,True,True,True,True,True,True,True,True,True,True,True,True,True,True,True,True,Registered Nurse,Registered Nurse,Registered Nurse,Registered Nurse,Registered Nurse,Registered Nurse,Registered Nurse
980,Nurse Practitioner position in Lymphoma,nurse practitioner position in lymphoma,nurse practitioner position in lymphoma,nurse practitioner position in lymphoma,nurse practitioner position in lymphoma,practitioner position in lymphoma nurse,practitioner position in lymphoma nurse,291171,291171,291171,291171,291141,291141,0.891304347826087,0.891304347826087,0.6706989755415265,0.6706989755415265,0.7385092067457089,0.7385092067457089,True,True,True,True,False,False,True,True,True,True,True,True,True,True,True,True,True,True,Nurse Practitioner,Nurse Practitioner,Nurse Practitioner,Nurse Practitioner,Registered Nurse,Registered Nurse,Nurse Practitioner
981,NP - Nurse Practitioner - UAB Gastroenterology,np,np,np nurse practitioner,np nurse practitioner,np nurse practitioner,np nurse practitioner,291171,291171,291171,291171,291171,291171,1.0,1.0,0.6706989755415265,0.6706989755415265,0.6706989755415265,0.6706989755415265,True,True,True,True,True,True,True,True,True,True,True,True,True,True,True,True,True,True,Nurse Practitioner,Nurse Practitioner,Nurse Practitioner,Nurse Practitioner,Nurse Practitioner,Nurse Practitioner,Nurse Practitioner
982,Certified Home Health Aide - Hospice FT Days,certified home health aide,certified home health aide,certified home health aide,certified home health aide,certified home health aide,certified home health aide,311121,311121,311121,311121,311121,311121,1.0,1.0,0.9677507651728171,0.9677507651728171,0.9677507651728171,0.9677507651728171,True,True,True,True,True,True,True,True,True,True,True,True,True,True,True,True,True,True,Home Health Aide,Home Health Aide,Home Health Aide,Home Health Aide,Home Health Aide,Home Health Aide,Home Health Aide
983,Home Health Aide,home health aide,home health aide,home health aide,home health aide,home health aide,home health aide,311121,311121,311121,311121,311121,311121,0.7843416370106762,0.7843416370106762,0.9677507651728171,0.9677507651728171,0.9677507651728171,0.9677507651728171,True,True,True,True,True,True,True,True,True,True,True,True,True,True,True,True,True,True,Home Health Aide,Home Health Aide,Home Health Aide,Home Health Aide,Home Health Aide,Home Health Aide,Home Health Aide
984,Certified Home Health Aide (Per Diem),certified home health aide,certified home health aide,certified home health aide,certified home health aide,certified home health aide,certified home health aide,311121,311121,311121,311121,311121,311121,1.0,1.0,0.9677507651728171,0.9677507651728171,0.9677507651728171,0.9677507651728171,True,True,True,True,True,True,True,True,True,True,True,True,True,True,True,True,True,True,Home Health Aide,Home Health Aide,Home Health Aide,Home Health Aide,Home Health Aide,Home Health Aide,Home Health Aide
985,Home Health Aide | Full Time | NEW STARTING PAY,home health aide  full time  new starting pay,home health aide  full time  new starting pay,home health aide,home health aide,home health aide,home health aide,311121,311121,311121,311121,311121,311121,0.7843416370106762,0.7843416370106762,0.9677507651728171,0.9677507651728171,0.9677507651728171,0.9677507651728171,True,True,True,True,True,True,True,True,True,True,True,True,True,True,True,True,True,True,Home Health Aide,Home Health Aide,Home Health Aide,Home Health Aide,Home Health Aide,Home Health Aide,Home Health Aide
986,$1500 Signing Bonus Home Health Aide,1500 signing bonus home health aide,1500 signing bonus home health aide,,,,,311121,311121,,,,,0.7843416370106762,0.7843416370106762,,,,,True,True,False,False,False,False,True,True,False,False,False,False,True,True,False,False,False,False,Home Health Aide,Home Health Aide,unknown,unknown,unknown,unknown,Home Health Aide
987,Home Health Aide - Home Health - New River Valley - Full Time,home health aide,home health aide,home health aide,home health aide,home health aide,home health aide,311121,311121,311121,311121,311121,311121,0.7843416370106762,0.7843416370106762,0.9677507651728171,0.9677507651728171,0.9677507651728171,0.9677507651728171,True,True,True,True,True,True,True,True,True,True,True,True,True,True,True,True,True,True,Home Health Aide,Home Health Aide,Home Health Aide,Home Health Aide,Home Health Aide,Home Health Aide,Home Health Aide
988,Home Health Aide,home health aide,home health aide,home health aide,home health aide,home health aide,home health aide,311121,311121,311121,311121,311121,311121,0.7843416370106762,0.7843416370106762,0.9677507651728171,0.9677507651728171,0.9677507651728171,0.9677507651728171,True,True,True,True,True,True,True,True,True,True,True,True,True,True,True,True,True,True,Home Health Aide,Home Health Aide,Home Health Aide,Home Health Aide,Home Health Aide,Home Health Aide,Home Health Aide
989,Home Health Aide,home health aide,home health aide,home health aide,home health aide,home health aide,home health aide,311121,311121,311121,311121,311121,311121,0.7843416370106762,0.7843416370106762,0.9677507651728171,0.9677507651728171,0.9677507651728171,0.9677507651728171,True,True,True,True,True,True,True,True,True,True,True,True,True,True,True,True,True,True,Home Health Aide,Home Health Aide,Home Health Aide,Home Health Aide,Home Health Aide,Home Health Aide,Home Health Aide
990,Medical Lab Technician/UKHC,medical lab technician ukhc,medical lab technician ukhc,medical lab technician ukhc,medical lab technician ukhc,medical lab technician ukhc,medical lab technician ukhc,292012,292012,292012,292012,292012,292012,1.0,1.0,1.0,1.0,1.0,1.0,True,True,True,True,True,True,True,True,True,True,True,True,True,True,True,True,True,True,Medical/Clinical Laboratory Technician,Medical/Clinical Laboratory Technician,Medical/Clinical Laboratory Technician,Medical/Clinical Laboratory Technician,Medical/Clinical Laboratory Technician,Medical/Clinical Laboratory Technician,Medical/Clinical Laboratory Technician
